backbone,dataset,query_index_within_eval,SU,LU,top10_positive_count,top10_positive_fraction,language_error
EigenPlaces,amstertime,0,0.8113099336624146,0.9316897392272949,0,0.0,1
EigenPlaces,amstertime,1,0.49816447496414185,0.8935624957084656,1,0.1,1
EigenPlaces,amstertime,2,0.8789830207824707,0.9230256080627441,1,0.1,1
EigenPlaces,amstertime,3,0.6552420854568481,0.9334167838096619,1,0.1,1
EigenPlaces,amstertime,4,0.8785116672515869,0.9598867297172546,0,0.0,1
EigenPlaces,amstertime,5,0.7368150949478149,0.8827705979347229,0,0.0,1
EigenPlaces,amstertime,6,0.7606968879699707,0.9530807733535767,0,0.0,1
EigenPlaces,amstertime,7,0.824563205242157,0.9385401606559753,0,0.0,1
EigenPlaces,amstertime,8,0.766933798789978,0.9336204528808594,1,0.1,1
EigenPlaces,amstertime,9,0.8633188009262085,0.9435206651687622,1,0.1,1
EigenPlaces,amstertime,10,0.9475641250610352,0.9367058277130127,0,0.0,1
EigenPlaces,amstertime,11,0.7291027307510376,0.9090722799301147,1,0.1,1
EigenPlaces,amstertime,12,0.7291027307510376,0.92319655418396,1,0.1,0
EigenPlaces,amstertime,13,0.8033198118209839,0.9461475610733032,1,0.1,0
EigenPlaces,amstertime,14,0.7378287315368652,0.9075185060501099,1,0.1,0
EigenPlaces,amstertime,15,0.6917537450790405,0.885017991065979,1,0.1,1
EigenPlaces,amstertime,16,0.8821283578872681,0.9442593455314636,0,0.0,1
EigenPlaces,amstertime,17,0.7467136383056641,0.9310510158538818,1,0.1,1
EigenPlaces,amstertime,18,0.670153021812439,0.9410126209259033,1,0.1,1
EigenPlaces,amstertime,19,0.9313909411430359,0.9434270858764648,0,0.0,1
EigenPlaces,amstertime,20,0.8335744142532349,0.9301544427871704,1,0.1,1
EigenPlaces,amstertime,21,0.7108343839645386,0.8459306955337524,0,0.0,1
EigenPlaces,amstertime,22,0.868089497089386,0.8570201396942139,1,0.1,1
EigenPlaces,amstertime,23,0.7786840200424194,0.9022295475006104,1,0.1,0
EigenPlaces,amstertime,24,0.9070163369178772,0.9535053968429565,0,0.0,1
EigenPlaces,amstertime,25,0.8544155359268188,0.950053870677948,0,0.0,1
EigenPlaces,amstertime,26,0.8037315607070923,0.9514588713645935,1,0.1,1
EigenPlaces,amstertime,27,0.8037315607070923,0.9404178857803345,1,0.1,0
EigenPlaces,amstertime,28,0.5278144478797913,0.9251294136047363,1,0.1,0
EigenPlaces,amstertime,29,0.4540410041809082,0.8569612503051758,1,0.1,0
EigenPlaces,amstertime,30,0.7459183931350708,0.9375985860824585,1,0.1,0
EigenPlaces,amstertime,31,0.6786534190177917,0.8346235752105713,1,0.1,0
EigenPlaces,amstertime,32,0.7748092412948608,0.9110674262046814,1,0.1,1
EigenPlaces,amstertime,33,0.5733288526535034,0.8902769684791565,1,0.1,0
EigenPlaces,amstertime,34,0.6971089839935303,0.8972299098968506,1,0.1,1
EigenPlaces,amstertime,35,0.3945392966270447,0.9319562911987305,1,0.1,1
EigenPlaces,amstertime,36,0.740607738494873,0.9430208206176758,0,0.0,1
EigenPlaces,amstertime,37,0.7815719842910767,0.9401950240135193,0,0.0,1
EigenPlaces,amstertime,38,0.6511776447296143,0.8578687310218811,1,0.1,1
EigenPlaces,amstertime,39,0.6511776447296143,0.8996515870094299,1,0.1,0
EigenPlaces,amstertime,40,0.5584316253662109,0.9430482387542725,1,0.1,0
EigenPlaces,amstertime,41,0.8995369672775269,0.857594907283783,1,0.1,1
EigenPlaces,amstertime,42,0.6318475604057312,0.8626532554626465,1,0.1,0
EigenPlaces,amstertime,43,0.6472828388214111,0.878423810005188,1,0.1,0
EigenPlaces,amstertime,44,0.5009273886680603,0.9272328615188599,1,0.1,1
EigenPlaces,amstertime,45,0.4186380207538605,0.9183054566383362,1,0.1,0
EigenPlaces,amstertime,46,0.7942619919776917,0.877275288105011,1,0.1,1
EigenPlaces,amstertime,47,0.5373419523239136,0.9136149883270264,1,0.1,0
EigenPlaces,amstertime,48,0.6076314449310303,0.9264481663703918,1,0.1,1
EigenPlaces,amstertime,49,0.4765715003013611,0.9340691566467285,1,0.1,0
EigenPlaces,amstertime,50,0.5357935428619385,0.9217760562896729,1,0.1,1
EigenPlaces,amstertime,51,0.6855943202972412,0.8694618344306946,1,0.1,1
EigenPlaces,amstertime,52,0.5649268627166748,0.849449872970581,1,0.1,0
EigenPlaces,amstertime,53,0.7264052629470825,0.8626886010169983,0,0.0,1
EigenPlaces,amstertime,54,0.7743144035339355,0.869744062423706,1,0.1,1
EigenPlaces,amstertime,55,0.516964316368103,0.8523142337799072,1,0.1,0
EigenPlaces,amstertime,56,0.6203387379646301,0.8014273047447205,1,0.1,0
EigenPlaces,amstertime,57,0.676250696182251,0.861571729183197,1,0.1,0
EigenPlaces,amstertime,58,0.5760700702667236,0.9245673418045044,1,0.1,1
EigenPlaces,amstertime,59,0.5760700702667236,0.9217579364776611,0,0.0,1
EigenPlaces,amstertime,60,0.8705246448516846,0.907631516456604,1,0.1,1
EigenPlaces,amstertime,61,0.9083622694015503,0.9250113368034363,0,0.0,1
EigenPlaces,amstertime,62,0.9138675928115845,0.9383297562599182,1,0.1,1
EigenPlaces,amstertime,63,0.7668983936309814,0.9785652756690979,0,0.0,1
EigenPlaces,amstertime,64,0.7668983936309814,0.9654483199119568,1,0.1,1
EigenPlaces,amstertime,65,0.7177883386611938,0.9423379898071289,1,0.1,1
EigenPlaces,amstertime,66,0.7935549020767212,0.9348266124725342,1,0.1,1
EigenPlaces,amstertime,67,0.8440537452697754,0.9233077764511108,0,0.0,1
EigenPlaces,amstertime,68,0.7191702723503113,0.9157989621162415,1,0.1,1
EigenPlaces,amstertime,69,0.502358078956604,0.8490152359008789,1,0.1,0
EigenPlaces,amstertime,70,0.807884156703949,0.9289486408233643,0,0.0,1
EigenPlaces,amstertime,71,0.6218259930610657,0.8735929727554321,1,0.1,1
EigenPlaces,amstertime,72,0.6218259930610657,0.9092729091644287,1,0.1,0
EigenPlaces,amstertime,73,0.8611499071121216,0.8929277062416077,1,0.1,1
EigenPlaces,amstertime,74,0.8611499071121216,0.8816608190536499,0,0.0,1
EigenPlaces,amstertime,75,0.6856811046600342,0.9207514524459839,1,0.1,1
EigenPlaces,amstertime,76,0.7863361239433289,0.8874034881591797,1,0.1,1
EigenPlaces,amstertime,77,0.7863361239433289,0.9221449494361877,1,0.1,0
EigenPlaces,amstertime,78,0.4915803074836731,0.8578727841377258,1,0.1,0
EigenPlaces,amstertime,79,0.6085740327835083,0.9182369709014893,1,0.1,0
EigenPlaces,amstertime,80,0.4418945014476776,0.9316562414169312,1,0.1,1
EigenPlaces,amstertime,81,0.7360795736312866,0.8988370895385742,1,0.1,1
EigenPlaces,amstertime,82,0.6189025044441223,0.9448902010917664,1,0.1,1
EigenPlaces,amstertime,83,0.8902027606964111,0.9182431101799011,0,0.0,1
EigenPlaces,amstertime,84,0.6450283527374268,0.8863621950149536,0,0.0,1
EigenPlaces,amstertime,85,0.8526575565338135,0.8799761533737183,0,0.0,1
EigenPlaces,amstertime,86,0.6014231443405151,0.9003093242645264,1,0.1,1
EigenPlaces,amstertime,87,0.7488070726394653,0.9193949103355408,1,0.1,1
EigenPlaces,amstertime,88,0.3884795904159546,0.8482944965362549,1,0.1,1
EigenPlaces,amstertime,89,0.29574286937713623,0.913063645362854,1,0.1,0
EigenPlaces,amstertime,90,0.7377439737319946,0.9369850158691406,1,0.1,1
EigenPlaces,amstertime,91,0.771888017654419,0.9469804763793945,1,0.1,1
EigenPlaces,amstertime,92,0.7278003692626953,0.8813954591751099,1,0.1,1
EigenPlaces,amstertime,93,0.48078328371047974,0.8931188583374023,1,0.1,0
EigenPlaces,amstertime,94,0.9040096998214722,0.7766908407211304,0,0.0,1
EigenPlaces,amstertime,95,0.868013858795166,0.939160943031311,0,0.0,1
EigenPlaces,amstertime,96,0.927000105381012,0.8986984491348267,1,0.1,0
EigenPlaces,amstertime,97,0.927000105381012,0.8732495903968811,1,0.1,1
EigenPlaces,amstertime,98,0.6877440214157104,0.9217891693115234,1,0.1,1
EigenPlaces,amstertime,99,0.8762325048446655,0.8678984642028809,1,0.1,1
EigenPlaces,amstertime,100,0.8732701539993286,0.9501171112060547,1,0.1,1
EigenPlaces,amstertime,101,0.5297702550888062,0.9142885208129883,1,0.1,1
EigenPlaces,amstertime,102,0.8730314373970032,0.93330979347229,1,0.1,1
EigenPlaces,amstertime,103,0.8428922891616821,0.9129524827003479,1,0.1,1
EigenPlaces,amstertime,104,0.8256927728652954,0.9199227094650269,0,0.0,1
EigenPlaces,amstertime,105,0.725597620010376,0.896901547908783,1,0.1,1
EigenPlaces,amstertime,106,0.8485720157623291,0.9178142547607422,1,0.1,0
EigenPlaces,amstertime,107,0.37451112270355225,0.880103349685669,1,0.1,0
EigenPlaces,amstertime,108,0.5859509706497192,0.8112243413925171,1,0.1,0
EigenPlaces,amstertime,109,0.8244244456291199,0.9332363605499268,1,0.1,0
EigenPlaces,amstertime,110,0.8804870843887329,0.9187030792236328,1,0.1,1
EigenPlaces,amstertime,111,0.6573057174682617,0.8449785113334656,1,0.1,1
EigenPlaces,amstertime,112,0.8962429761886597,0.937214195728302,1,0.1,1
EigenPlaces,amstertime,113,0.44847893714904785,0.8627169132232666,1,0.1,0
EigenPlaces,amstertime,114,0.743379533290863,0.8502098917961121,1,0.1,0
EigenPlaces,amstertime,115,0.9469847679138184,0.9296140670776367,0,0.0,1
EigenPlaces,amstertime,116,0.6494201421737671,0.906895101070404,1,0.1,1
EigenPlaces,amstertime,117,0.5015493035316467,0.9424272179603577,1,0.1,1
EigenPlaces,amstertime,118,0.6409995555877686,0.9158806800842285,0,0.0,1
EigenPlaces,amstertime,119,0.45602062344551086,0.9195947051048279,1,0.1,0
EigenPlaces,amstertime,120,0.8342242240905762,0.8718809485435486,0,0.0,1
EigenPlaces,amstertime,121,0.5619490146636963,0.857146680355072,1,0.1,1
EigenPlaces,amstertime,122,0.6793661117553711,0.7881383895874023,1,0.1,1
EigenPlaces,amstertime,123,0.6793661117553711,0.7859014272689819,1,0.1,0
EigenPlaces,amstertime,124,0.6793661117553711,0.7749307155609131,1,0.1,1
EigenPlaces,amstertime,125,0.8850610256195068,0.89055335521698,1,0.1,1
EigenPlaces,amstertime,126,0.8262603282928467,0.9417194128036499,0,0.0,1
EigenPlaces,amstertime,127,0.569360613822937,0.8636502027511597,1,0.1,0
EigenPlaces,amstertime,128,0.6266369819641113,0.8720654249191284,1,0.1,1
EigenPlaces,amstertime,129,0.8420643210411072,0.9292100667953491,1,0.1,0
EigenPlaces,amstertime,130,0.7342325448989868,0.9363322257995605,0,0.0,1
EigenPlaces,amstertime,131,0.7591457366943359,0.8680148720741272,1,0.1,0
EigenPlaces,amstertime,132,0.7260594367980957,0.9208751916885376,0,0.0,1
EigenPlaces,amstertime,133,0.8421776294708252,0.939526379108429,0,0.0,1
EigenPlaces,amstertime,134,0.48391616344451904,0.886536717414856,1,0.1,0
EigenPlaces,amstertime,135,0.8092774152755737,0.899983286857605,1,0.1,1
EigenPlaces,amstertime,136,0.49507391452789307,0.8668608665466309,1,0.1,0
EigenPlaces,amstertime,137,0.6429110765457153,0.8448757529258728,1,0.1,1
EigenPlaces,amstertime,138,0.7400492429733276,0.9237173795700073,1,0.1,1
EigenPlaces,amstertime,139,0.9221951961517334,0.9074721336364746,1,0.1,1
EigenPlaces,amstertime,140,0.9221951961517334,0.9269431829452515,1,0.1,1
EigenPlaces,amstertime,141,0.7932018637657166,0.9396862983703613,1,0.1,0
EigenPlaces,amstertime,142,0.5568565130233765,0.9373658895492554,1,0.1,1
EigenPlaces,amstertime,143,0.4579513669013977,0.8730428218841553,1,0.1,1
EigenPlaces,amstertime,144,0.341253399848938,0.9288746118545532,1,0.1,1
EigenPlaces,amstertime,145,0.5141565799713135,0.901587963104248,1,0.1,1
EigenPlaces,amstertime,146,0.8162115216255188,0.892182469367981,0,0.0,1
EigenPlaces,amstertime,147,0.7137186527252197,0.8807269334793091,1,0.1,1
EigenPlaces,amstertime,148,0.4534289836883545,0.8264893889427185,1,0.1,0
EigenPlaces,amstertime,149,0.7525068521499634,0.9101979732513428,1,0.1,1
EigenPlaces,amstertime,150,0.8015902042388916,0.8811327815055847,1,0.1,1
EigenPlaces,amstertime,151,0.7522532939910889,0.8961604833602905,0,0.0,1
EigenPlaces,amstertime,152,0.6023565530776978,0.9281030297279358,1,0.1,1
EigenPlaces,amstertime,153,0.822935163974762,0.8456265330314636,0,0.0,1
EigenPlaces,amstertime,154,0.8923829793930054,0.8902891874313354,0,0.0,1
EigenPlaces,amstertime,155,0.7522532939910889,0.9076036214828491,1,0.1,1
EigenPlaces,amstertime,156,0.8757433295249939,0.8384183049201965,0,0.0,1
EigenPlaces,amstertime,157,0.8067696690559387,0.9002963304519653,1,0.1,0
EigenPlaces,amstertime,158,0.4862298369407654,0.8230289220809937,1,0.1,0
EigenPlaces,amstertime,159,0.3162270188331604,0.9095022678375244,1,0.1,1
EigenPlaces,amstertime,160,0.3945220410823822,0.927045464515686,1,0.1,0
EigenPlaces,amstertime,161,0.3885812759399414,0.8963749408721924,1,0.1,0
EigenPlaces,amstertime,162,0.47795650362968445,0.9527665376663208,1,0.1,1
EigenPlaces,amstertime,163,0.40658479928970337,0.8943484425544739,1,0.1,1
EigenPlaces,amstertime,164,0.5766047239303589,0.8323816061019897,1,0.1,0
EigenPlaces,amstertime,165,0.45589137077331543,0.9255079030990601,1,0.1,1
EigenPlaces,amstertime,166,0.31589174270629883,0.9320661425590515,1,0.1,1
EigenPlaces,amstertime,167,0.821921169757843,0.9140990972518921,1,0.1,1
EigenPlaces,amstertime,168,0.4097943902015686,0.7607083320617676,1,0.1,0
EigenPlaces,amstertime,169,0.49566102027893066,0.823279857635498,1,0.1,0
EigenPlaces,amstertime,170,0.894064724445343,0.9067615270614624,0,0.0,1
EigenPlaces,amstertime,171,0.769660234451294,0.8331283330917358,1,0.1,1
EigenPlaces,amstertime,172,0.769660234451294,0.8948293924331665,1,0.1,1
EigenPlaces,amstertime,173,0.8857198357582092,0.8802404999732971,1,0.1,0
EigenPlaces,amstertime,174,0.769660234451294,0.8592643737792969,1,0.1,1
EigenPlaces,amstertime,175,0.7114884853363037,0.902719259262085,1,0.1,0
EigenPlaces,amstertime,176,0.7293563485145569,0.9438452124595642,1,0.1,1
EigenPlaces,amstertime,177,0.3743767738342285,0.8814457654953003,1,0.1,0
EigenPlaces,amstertime,178,0.7109047174453735,0.8657554388046265,1,0.1,0
EigenPlaces,amstertime,179,0.6150305271148682,0.8623074293136597,1,0.1,0
EigenPlaces,amstertime,180,0.8434659242630005,0.9017372727394104,1,0.1,1
EigenPlaces,amstertime,181,0.7000094056129456,0.9092165231704712,1,0.1,1
EigenPlaces,amstertime,182,0.6511658430099487,0.9120974540710449,1,0.1,1
EigenPlaces,amstertime,183,0.8482776880264282,0.9221601486206055,0,0.0,1
EigenPlaces,amstertime,184,0.8396168351173401,0.8880583047866821,0,0.0,1
EigenPlaces,amstertime,185,0.5408087372779846,0.9499220848083496,1,0.1,1
EigenPlaces,amstertime,186,0.4464149475097656,0.8552862405776978,1,0.1,0
EigenPlaces,amstertime,187,0.5993809103965759,0.9430772066116333,1,0.1,0
EigenPlaces,amstertime,188,0.47414469718933105,0.923515796661377,1,0.1,1
EigenPlaces,amstertime,189,0.8737823963165283,0.9370864033699036,0,0.0,1
EigenPlaces,amstertime,190,0.28327587246894836,0.7382290363311768,1,0.1,0
EigenPlaces,amstertime,191,0.8684501051902771,0.8096681833267212,0,0.0,1
EigenPlaces,amstertime,192,0.5723214149475098,0.8993227481842041,1,0.1,0
EigenPlaces,amstertime,193,0.3019571304321289,0.9322654008865356,1,0.1,0
EigenPlaces,amstertime,194,0.8378608226776123,0.8612644076347351,0,0.0,1
EigenPlaces,amstertime,195,0.6335960626602173,0.9373235702514648,1,0.1,1
EigenPlaces,amstertime,196,0.7118896245956421,0.862369179725647,1,0.1,0
EigenPlaces,amstertime,197,0.4775415062904358,0.9182707071304321,1,0.1,1
EigenPlaces,amstertime,198,0.4241521954536438,0.8112672567367554,1,0.1,1
EigenPlaces,amstertime,199,0.6698368787765503,0.9393950700759888,1,0.1,1
EigenPlaces,amstertime,200,0.510009765625,0.8343477845191956,1,0.1,0
EigenPlaces,amstertime,201,0.4719467759132385,0.8963494300842285,1,0.1,1
EigenPlaces,amstertime,202,0.6760390996932983,0.8537302017211914,0,0.0,1
EigenPlaces,amstertime,203,0.4574878513813019,0.871070384979248,1,0.1,0
EigenPlaces,amstertime,204,0.7915560007095337,0.9354908466339111,0,0.0,1
EigenPlaces,amstertime,205,0.8181824088096619,0.827134370803833,0,0.0,1
EigenPlaces,amstertime,206,0.7532004117965698,0.9238975644111633,0,0.0,1
EigenPlaces,amstertime,207,0.8587338924407959,0.8729276657104492,0,0.0,1
EigenPlaces,amstertime,208,0.9528654217720032,0.9239484667778015,0,0.0,1
EigenPlaces,amstertime,209,0.6637412309646606,0.9292924404144287,1,0.1,0
EigenPlaces,amstertime,210,0.7607181668281555,0.9133075475692749,1,0.1,1
EigenPlaces,amstertime,211,0.5639287233352661,0.9397602081298828,1,0.1,1
EigenPlaces,amstertime,212,0.48408401012420654,0.8745170831680298,1,0.1,1
EigenPlaces,amstertime,213,0.9150598049163818,0.9439516067504883,0,0.0,1
EigenPlaces,amstertime,214,0.6837043762207031,0.9517388343811035,1,0.1,0
EigenPlaces,amstertime,215,0.8535754084587097,0.8968321084976196,0,0.0,1
EigenPlaces,amstertime,216,0.9220635294914246,0.9223767518997192,1,0.1,1
EigenPlaces,amstertime,217,0.6574435234069824,0.9376496076583862,1,0.1,1
EigenPlaces,amstertime,218,0.875575065612793,0.820209264755249,1,0.1,0
EigenPlaces,amstertime,219,0.8768984079360962,0.9332432746887207,1,0.1,1
EigenPlaces,amstertime,220,0.749066948890686,0.902145266532898,0,0.0,1
EigenPlaces,amstertime,221,0.7091614007949829,0.9211568832397461,0,0.0,1
EigenPlaces,amstertime,222,0.39628782868385315,0.857007622718811,1,0.1,0
EigenPlaces,amstertime,223,0.809802770614624,0.8990288376808167,1,0.1,1
EigenPlaces,amstertime,224,0.669417142868042,0.9322401285171509,0,0.0,1
EigenPlaces,amstertime,225,0.7716145515441895,0.9071042537689209,1,0.1,0
EigenPlaces,amstertime,226,0.8763828277587891,0.9028803110122681,0,0.0,1
EigenPlaces,amstertime,227,0.8373997211456299,0.9535128474235535,0,0.0,1
EigenPlaces,amstertime,228,0.8109028339385986,0.9276745319366455,0,0.0,1
EigenPlaces,amstertime,229,0.7869599461555481,0.8767591118812561,1,0.1,1
EigenPlaces,amstertime,230,0.7204570770263672,0.8663783669471741,0,0.0,1
EigenPlaces,amstertime,231,0.7204570770263672,0.8895580172538757,1,0.1,1
EigenPlaces,amstertime,232,0.9121013879776001,0.9424797296524048,1,0.1,1
EigenPlaces,amstertime,233,0.3957979679107666,0.920634388923645,1,0.1,1
EigenPlaces,amstertime,234,0.4732111394405365,0.9252836108207703,1,0.1,0
EigenPlaces,amstertime,235,0.8450209498405457,0.9063403606414795,0,0.0,1
EigenPlaces,amstertime,236,0.8400105834007263,0.9304818511009216,1,0.1,1
EigenPlaces,amstertime,237,0.6431536674499512,0.9330142736434937,1,0.1,1
EigenPlaces,amstertime,238,0.912013053894043,0.9111648797988892,1,0.1,1
EigenPlaces,amstertime,239,0.8875415325164795,0.9067797660827637,0,0.0,1
EigenPlaces,amstertime,240,0.614997386932373,0.9046549797058105,1,0.1,1
EigenPlaces,amstertime,241,0.7635776996612549,0.9292436838150024,1,0.1,1
EigenPlaces,amstertime,242,0.4353773295879364,0.9186928868293762,1,0.1,1
EigenPlaces,amstertime,243,0.45786529779434204,0.8712558746337891,1,0.1,0
EigenPlaces,amstertime,244,0.516902506351471,0.9014486074447632,1,0.1,1
EigenPlaces,amstertime,245,0.4872506856918335,0.9440518617630005,1,0.1,1
EigenPlaces,amstertime,246,0.8723033666610718,0.9247068166732788,1,0.1,1
EigenPlaces,amstertime,247,0.8109175562858582,0.8889988660812378,0,0.0,1
EigenPlaces,amstertime,248,0.7291027307510376,0.8953342437744141,0,0.0,1
EigenPlaces,amstertime,249,0.6592584252357483,0.9247524738311768,1,0.1,1
EigenPlaces,amstertime,250,0.7435460686683655,0.9039021730422974,1,0.1,1
EigenPlaces,amstertime,251,0.6836069226264954,0.8957825899124146,1,0.1,1
EigenPlaces,amstertime,252,0.7756253480911255,0.9278584718704224,1,0.1,0
EigenPlaces,amstertime,253,0.8399525880813599,0.933955192565918,0,0.0,1
EigenPlaces,amstertime,254,0.9023507237434387,0.9134158492088318,0,0.0,1
EigenPlaces,amstertime,255,0.863118052482605,0.903085470199585,1,0.1,0
EigenPlaces,amstertime,256,0.7710639834403992,0.9349855184555054,1,0.1,1
EigenPlaces,amstertime,257,0.5705931186676025,0.9092654585838318,1,0.1,1
EigenPlaces,amstertime,258,0.897968053817749,0.9321515560150146,1,0.1,1
EigenPlaces,amstertime,259,0.7055689096450806,0.8901740312576294,1,0.1,1
EigenPlaces,amstertime,260,0.7458785772323608,0.9171837568283081,1,0.1,1
EigenPlaces,amstertime,261,0.7280716896057129,0.9038764834403992,1,0.1,1
EigenPlaces,amstertime,262,0.6931591033935547,0.8732938170433044,1,0.1,1
EigenPlaces,amstertime,263,0.8120821714401245,0.903753936290741,0,0.0,1
EigenPlaces,amstertime,264,0.4881340265274048,0.8747216463088989,1,0.1,1
EigenPlaces,amstertime,265,0.6199835538864136,0.8868514895439148,1,0.1,1
EigenPlaces,amstertime,266,0.5362880229949951,0.8818116188049316,1,0.1,1
EigenPlaces,amstertime,267,0.7045744061470032,0.8946929574012756,0,0.0,1
EigenPlaces,amstertime,268,0.7733694314956665,0.9006378650665283,0,0.0,1
EigenPlaces,amstertime,269,0.7227098345756531,0.8561403751373291,1,0.1,1
EigenPlaces,amstertime,270,0.7088444232940674,0.812369704246521,1,0.1,0
EigenPlaces,amstertime,271,0.7088444232940674,0.8225187659263611,1,0.1,1
EigenPlaces,amstertime,272,0.7958383560180664,0.9031550884246826,1,0.1,0
EigenPlaces,amstertime,273,0.6985757946968079,0.9244171380996704,1,0.1,0
EigenPlaces,amstertime,274,0.8165946006774902,0.8602539300918579,1,0.1,1
EigenPlaces,amstertime,275,0.4115442633628845,0.8353179693222046,1,0.1,0
EigenPlaces,amstertime,276,0.8185409903526306,0.9307984113693237,1,0.1,1
EigenPlaces,amstertime,277,0.7436902523040771,0.8500701189041138,1,0.1,1
EigenPlaces,amstertime,278,0.7923696041107178,0.9080390930175781,0,0.0,1
EigenPlaces,amstertime,279,0.6931591033935547,0.9239963293075562,0,0.0,1
EigenPlaces,amstertime,280,0.48721301555633545,0.9117136001586914,1,0.1,1
EigenPlaces,amstertime,281,0.8446716070175171,0.9127487540245056,1,0.1,1
EigenPlaces,amstertime,282,0.8876041769981384,0.869696855545044,1,0.1,1
EigenPlaces,amstertime,283,0.8362668752670288,0.8396627902984619,0,0.0,1
EigenPlaces,amstertime,284,0.5898464918136597,0.9262641072273254,1,0.1,1
EigenPlaces,amstertime,285,0.5912071466445923,0.9287371039390564,1,0.1,1
EigenPlaces,amstertime,286,0.7603998184204102,0.8538814187049866,1,0.1,0
EigenPlaces,amstertime,287,0.6464498043060303,0.9107327461242676,1,0.1,0
EigenPlaces,amstertime,288,0.6339157819747925,0.8991798162460327,1,0.1,0
EigenPlaces,amstertime,289,0.6667383909225464,0.8992702960968018,1,0.1,1
EigenPlaces,amstertime,290,0.9009221792221069,0.9018261432647705,1,0.1,0
EigenPlaces,amstertime,291,0.7550062537193298,0.9444282054901123,0,0.0,1
EigenPlaces,amstertime,292,0.7323765754699707,0.8162963390350342,0,0.0,1
EigenPlaces,amstertime,293,0.8480384945869446,0.8563229441642761,0,0.0,1
EigenPlaces,amstertime,294,0.48060542345046997,0.9461910128593445,1,0.1,1
EigenPlaces,amstertime,295,0.48060542345046997,0.8937809467315674,1,0.1,1
EigenPlaces,amstertime,296,0.9160301685333252,0.8935710787773132,0,0.0,1
EigenPlaces,amstertime,297,0.3831598460674286,0.9181491136550903,1,0.1,0
EigenPlaces,amstertime,298,0.7830905914306641,0.9279581308364868,0,0.0,1
EigenPlaces,amstertime,299,0.691114068031311,0.9652546644210815,1,0.1,0
EigenPlaces,amstertime,300,0.7748839855194092,0.9211572408676147,1,0.1,1
EigenPlaces,amstertime,301,0.44100356101989746,0.913609504699707,1,0.1,1
EigenPlaces,amstertime,302,0.7940987348556519,0.9262745380401611,1,0.1,1
EigenPlaces,amstertime,303,0.5089340209960938,0.9651947021484375,1,0.1,1
EigenPlaces,amstertime,304,0.7285528182983398,0.901364803314209,1,0.1,1
EigenPlaces,amstertime,305,0.9267337322235107,0.8850648999214172,1,0.1,0
EigenPlaces,amstertime,306,0.5262752175331116,0.9101487994194031,1,0.1,1
EigenPlaces,amstertime,307,0.8979151248931885,0.9038422107696533,1,0.1,1
EigenPlaces,amstertime,308,0.5704418420791626,0.9043776988983154,0,0.0,1
EigenPlaces,amstertime,309,0.5645010471343994,0.9052376747131348,1,0.1,1
EigenPlaces,amstertime,310,0.7304263114929199,0.9336501359939575,1,0.1,1
EigenPlaces,amstertime,311,0.4835430383682251,0.9407943487167358,1,0.1,1
EigenPlaces,amstertime,312,0.2256368100643158,0.878959059715271,1,0.1,1
EigenPlaces,amstertime,313,0.634795069694519,0.8453282117843628,1,0.1,1
EigenPlaces,amstertime,314,0.8489742279052734,0.8725374937057495,1,0.1,0
EigenPlaces,amstertime,315,0.8533512353897095,0.9469475746154785,1,0.1,1
EigenPlaces,amstertime,316,0.3979502320289612,0.9175142049789429,1,0.1,1
EigenPlaces,amstertime,317,0.727981686592102,0.831868052482605,1,0.1,0
EigenPlaces,amstertime,318,0.9229863882064819,0.9374019503593445,0,0.0,1
EigenPlaces,amstertime,319,0.4426310658454895,0.8408031463623047,1,0.1,0
EigenPlaces,amstertime,320,0.4991292655467987,0.9013789892196655,1,0.1,0
EigenPlaces,amstertime,321,0.6097831130027771,0.9016228914260864,0,0.0,1
EigenPlaces,amstertime,322,0.5782558917999268,0.8391159772872925,1,0.1,1
EigenPlaces,amstertime,323,0.6403689384460449,0.9379796981811523,1,0.1,1
EigenPlaces,amstertime,324,0.7311154007911682,0.935705304145813,1,0.1,1
EigenPlaces,amstertime,325,0.7349976301193237,0.9028695821762085,1,0.1,0
EigenPlaces,amstertime,326,0.8592606782913208,0.8931080102920532,1,0.1,0
EigenPlaces,amstertime,327,0.691948413848877,0.8522452116012573,1,0.1,0
EigenPlaces,amstertime,328,0.5716584920883179,0.9099005460739136,1,0.1,1
EigenPlaces,amstertime,329,0.9190268516540527,0.9036061763763428,0,0.0,1
EigenPlaces,amstertime,330,0.45147109031677246,0.8819891214370728,1,0.1,0
EigenPlaces,amstertime,331,0.4017615020275116,0.9428102970123291,1,0.1,1
EigenPlaces,amstertime,332,0.5342041254043579,0.9214115738868713,1,0.1,1
EigenPlaces,amstertime,333,0.7984609007835388,0.941414475440979,1,0.1,1
EigenPlaces,amstertime,334,0.9277626276016235,0.9325783252716064,0,0.0,1
EigenPlaces,amstertime,335,0.7232893109321594,0.9061311483383179,1,0.1,1
EigenPlaces,amstertime,336,0.7395944595336914,0.9180504083633423,1,0.1,1
EigenPlaces,amstertime,337,0.8005529642105103,0.9201765060424805,0,0.0,1
EigenPlaces,amstertime,338,0.661933422088623,0.8801608085632324,1,0.1,1
EigenPlaces,amstertime,339,0.6694988012313843,0.9090930223464966,1,0.1,0
EigenPlaces,amstertime,340,0.8282246589660645,0.8852652311325073,1,0.1,0
EigenPlaces,amstertime,341,0.8396075963973999,0.8929297924041748,1,0.1,1
EigenPlaces,amstertime,342,0.7193495035171509,0.9195190668106079,0,0.0,1
EigenPlaces,amstertime,343,0.5984225273132324,0.9597246646881104,1,0.1,1
EigenPlaces,amstertime,344,0.8875570893287659,0.8492028117179871,1,0.1,1
EigenPlaces,amstertime,345,0.616186261177063,0.8998740911483765,1,0.1,1
EigenPlaces,amstertime,346,0.616186261177063,0.9254586696624756,1,0.1,1
EigenPlaces,amstertime,347,0.8331483602523804,0.9193449020385742,1,0.1,1
EigenPlaces,amstertime,348,0.5793713331222534,0.9417437314987183,1,0.1,1
EigenPlaces,amstertime,349,0.6300100088119507,0.8853958249092102,1,0.1,0
EigenPlaces,amstertime,350,0.7552201747894287,0.9102791547775269,1,0.1,1
EigenPlaces,amstertime,351,0.7231147289276123,0.9468890428543091,1,0.1,1
EigenPlaces,amstertime,352,0.8401494026184082,0.8629159927368164,1,0.1,1
EigenPlaces,amstertime,353,0.5149592757225037,0.9451223611831665,1,0.1,1
EigenPlaces,amstertime,354,0.7645506858825684,0.9156231880187988,1,0.1,1
EigenPlaces,amstertime,355,0.8052672147750854,0.9514126777648926,1,0.1,1
EigenPlaces,amstertime,356,0.3999870717525482,0.8901676535606384,1,0.1,0
EigenPlaces,amstertime,357,0.8434878587722778,0.8980827331542969,1,0.1,1
EigenPlaces,amstertime,358,0.5871165990829468,0.8561545610427856,1,0.1,0
EigenPlaces,amstertime,359,0.4612816870212555,0.8076568841934204,1,0.1,0
EigenPlaces,amstertime,360,0.42301854491233826,0.8031564950942993,1,0.1,1
EigenPlaces,amstertime,361,0.9175689816474915,0.9255867600440979,1,0.1,1
EigenPlaces,amstertime,362,0.6970808506011963,0.9020251631736755,0,0.0,1
EigenPlaces,amstertime,363,0.7976104021072388,0.9543817043304443,1,0.1,1
EigenPlaces,amstertime,364,0.7946902513504028,0.9260507822036743,0,0.0,1
EigenPlaces,amstertime,365,0.7357134819030762,0.8442330360412598,1,0.1,0
EigenPlaces,amstertime,366,0.6987147331237793,0.9501032829284668,0,0.0,1
EigenPlaces,amstertime,367,0.6987147331237793,0.9524011611938477,0,0.0,1
EigenPlaces,amstertime,368,0.8637133240699768,0.8778278231620789,0,0.0,1
EigenPlaces,amstertime,369,0.8586506843566895,0.8705893158912659,0,0.0,1
EigenPlaces,amstertime,370,0.8711441159248352,0.8746629953384399,1,0.1,1
EigenPlaces,amstertime,371,0.8794970512390137,0.8771457076072693,0,0.0,1
EigenPlaces,amstertime,372,0.9480283260345459,0.9526823163032532,0,0.0,1
EigenPlaces,amstertime,373,0.7488645315170288,0.8810648918151855,1,0.1,1
EigenPlaces,amstertime,374,0.8166416883468628,0.9172266721725464,1,0.1,1
EigenPlaces,amstertime,375,0.6189025044441223,0.9362726211547852,1,0.1,0
EigenPlaces,amstertime,376,0.7932024002075195,0.8731160163879395,0,0.0,1
EigenPlaces,amstertime,377,0.7948989272117615,0.9397963285446167,0,0.0,1
EigenPlaces,amstertime,378,0.7246679067611694,0.8697706460952759,1,0.1,1
EigenPlaces,amstertime,379,0.945288360118866,0.895211935043335,0,0.0,1
EigenPlaces,amstertime,380,0.5935359597206116,0.9216694831848145,1,0.1,1
EigenPlaces,amstertime,381,0.749527096748352,0.883334755897522,1,0.1,1
EigenPlaces,amstertime,382,0.8242090344429016,0.8836643695831299,1,0.1,0
EigenPlaces,amstertime,383,0.7797529101371765,0.91542649269104,1,0.1,0
EigenPlaces,amstertime,384,0.8037315607070923,0.9312447309494019,1,0.1,1
EigenPlaces,amstertime,385,0.5180492401123047,0.9198117256164551,1,0.1,0
EigenPlaces,amstertime,386,0.8037315607070923,0.9337958097457886,1,0.1,1
EigenPlaces,amstertime,387,0.7046329975128174,0.9367390871047974,1,0.1,1
EigenPlaces,amstertime,388,0.7046329975128174,0.9493874907493591,1,0.1,1
EigenPlaces,amstertime,389,0.5859858989715576,0.901146411895752,1,0.1,1
EigenPlaces,amstertime,390,0.8106235265731812,0.8486243486404419,1,0.1,0
EigenPlaces,amstertime,391,0.7594389915466309,0.8639928102493286,0,0.0,1
EigenPlaces,amstertime,392,0.704900860786438,0.9515089988708496,0,0.0,1
EigenPlaces,amstertime,393,0.886712372303009,0.8643581867218018,1,0.1,1
EigenPlaces,amstertime,394,0.8863608837127686,0.8710835576057434,1,0.1,0
EigenPlaces,amstertime,395,0.9229863882064819,0.9336706399917603,0,0.0,1
EigenPlaces,amstertime,396,0.7957834601402283,0.9007854461669922,0,0.0,1
EigenPlaces,amstertime,397,0.7892212867736816,0.9063795804977417,1,0.1,1
EigenPlaces,amstertime,398,0.7223526239395142,0.9083073139190674,0,0.0,1
EigenPlaces,amstertime,399,0.7622799277305603,0.893517017364502,0,0.0,1
EigenPlaces,amstertime,400,0.7352294921875,0.8667826652526855,0,0.0,1
EigenPlaces,amstertime,401,0.7513399124145508,0.8295639753341675,1,0.1,0
EigenPlaces,amstertime,402,0.7129122018814087,0.9206101894378662,1,0.1,1
EigenPlaces,amstertime,403,0.7371602058410645,0.9269531965255737,0,0.0,1
EigenPlaces,amstertime,404,0.8725252747535706,0.946138858795166,0,0.0,1
EigenPlaces,amstertime,405,0.9061962962150574,0.8458962440490723,0,0.0,1
EigenPlaces,amstertime,406,0.8406212329864502,0.896259069442749,0,0.0,1
EigenPlaces,amstertime,407,0.8647245168685913,0.9523576498031616,0,0.0,1
EigenPlaces,amstertime,408,0.4493776559829712,0.8448067903518677,1,0.1,0
EigenPlaces,amstertime,409,0.5647273659706116,0.8884413242340088,1,0.1,0
EigenPlaces,amstertime,410,0.6674007177352905,0.8875353932380676,1,0.1,1
EigenPlaces,amstertime,411,0.6590477228164673,0.8730225563049316,1,0.1,0
EigenPlaces,amstertime,412,0.7652876973152161,0.9001895189285278,1,0.1,0
EigenPlaces,amstertime,413,0.8349304795265198,0.8748408555984497,1,0.1,1
EigenPlaces,amstertime,414,0.8206683397293091,0.921129584312439,1,0.1,0
EigenPlaces,amstertime,415,0.676134467124939,0.8932471871376038,1,0.1,1
EigenPlaces,amstertime,416,0.8728328347206116,0.9405966401100159,0,0.0,1
EigenPlaces,amstertime,417,0.8712127208709717,0.9486496448516846,1,0.1,1
EigenPlaces,amstertime,418,0.6165374517440796,0.91557776927948,1,0.1,1
EigenPlaces,amstertime,419,0.588089108467102,0.9113035202026367,1,0.1,1
EigenPlaces,amstertime,420,0.8597126007080078,0.9110820293426514,0,0.0,1
EigenPlaces,amstertime,421,0.551369309425354,0.9447332620620728,1,0.1,1
EigenPlaces,amstertime,422,0.5575482845306396,0.8920714259147644,1,0.1,1
EigenPlaces,amstertime,423,0.7918238639831543,0.8812403678894043,0,0.0,1
EigenPlaces,amstertime,424,0.598875105381012,0.8430289030075073,1,0.1,0
EigenPlaces,amstertime,425,0.7584588527679443,0.9137049317359924,1,0.1,1
EigenPlaces,amstertime,426,0.8294878005981445,0.8309267163276672,1,0.1,0
EigenPlaces,amstertime,427,0.6998024582862854,0.8993459939956665,1,0.1,1
EigenPlaces,amstertime,428,0.8533042669296265,0.8666542768478394,0,0.0,1
EigenPlaces,amstertime,429,0.6712847948074341,0.8996177911758423,0,0.0,1
EigenPlaces,amstertime,430,0.8712205290794373,0.9116130471229553,1,0.1,1
EigenPlaces,amstertime,431,0.7363167405128479,0.9329631328582764,1,0.1,1
EigenPlaces,amstertime,432,0.7051740288734436,0.862787127494812,1,0.1,1
EigenPlaces,amstertime,433,0.6204978823661804,0.8643122911453247,1,0.1,1
EigenPlaces,amstertime,434,0.6499192714691162,0.8823235630989075,0,0.0,1
EigenPlaces,amstertime,435,0.6993783712387085,0.9525039196014404,1,0.1,1
EigenPlaces,amstertime,436,0.7285763621330261,0.9160701036453247,1,0.1,0
EigenPlaces,amstertime,437,0.5561506748199463,0.9222559332847595,1,0.1,1
EigenPlaces,amstertime,438,0.7409440279006958,0.8846668004989624,1,0.1,0
EigenPlaces,amstertime,439,0.6901276111602783,0.8614123463630676,1,0.1,1
EigenPlaces,amstertime,440,0.8470402359962463,0.953043520450592,0,0.0,1
EigenPlaces,amstertime,441,0.7501938343048096,0.9060765504837036,1,0.1,1
EigenPlaces,amstertime,442,0.7038710713386536,0.8601689338684082,1,0.1,0
EigenPlaces,amstertime,443,0.8305799961090088,0.9535230398178101,0,0.0,1
EigenPlaces,amstertime,444,0.862815260887146,0.9507778286933899,0,0.0,1
EigenPlaces,amstertime,445,0.8617746829986572,0.939306914806366,1,0.1,1
EigenPlaces,amstertime,446,0.8515901565551758,0.9027841091156006,1,0.1,1
EigenPlaces,amstertime,447,0.9103515148162842,0.8628146052360535,0,0.0,1
EigenPlaces,amstertime,448,0.8913938999176025,0.9235597848892212,0,0.0,1
EigenPlaces,amstertime,449,0.8922825455665588,0.7890501022338867,0,0.0,1
EigenPlaces,amstertime,450,0.8403490781784058,0.8729578852653503,1,0.1,0
EigenPlaces,amstertime,451,0.6457016468048096,0.9267194867134094,1,0.1,1
EigenPlaces,amstertime,452,0.4963719844818115,0.9417566061019897,1,0.1,1
EigenPlaces,amstertime,453,0.41068515181541443,0.8723495006561279,1,0.1,0
EigenPlaces,amstertime,454,0.763918936252594,0.9412984251976013,1,0.1,1
EigenPlaces,amstertime,455,0.7245273590087891,0.92087721824646,1,0.1,1
EigenPlaces,amstertime,456,0.8099209666252136,0.9067714214324951,1,0.1,0
EigenPlaces,amstertime,457,0.4536498785018921,0.9190175533294678,1,0.1,1
EigenPlaces,amstertime,458,0.6078294515609741,0.8244287967681885,1,0.1,1
EigenPlaces,amstertime,459,0.831032931804657,0.8955055475234985,0,0.0,1
EigenPlaces,amstertime,460,0.4615629017353058,0.7758816480636597,1,0.1,0
EigenPlaces,amstertime,461,0.6399828791618347,0.9283657073974609,1,0.1,1
EigenPlaces,amstertime,462,0.7714290618896484,0.8448728322982788,1,0.1,1
EigenPlaces,amstertime,463,0.4060855507850647,0.9397993087768555,1,0.1,1
EigenPlaces,amstertime,464,0.6310310959815979,0.9144248962402344,1,0.1,1
EigenPlaces,amstertime,465,0.6025963425636292,0.8564677238464355,1,0.1,1
EigenPlaces,amstertime,466,0.4800201952457428,0.8679404258728027,1,0.1,0
EigenPlaces,amstertime,467,0.8336250185966492,0.8289773464202881,1,0.1,0
EigenPlaces,amstertime,468,0.7931679487228394,0.9086776971817017,1,0.1,1
EigenPlaces,amstertime,469,0.6047124266624451,0.8457183241844177,0,0.0,1
EigenPlaces,amstertime,470,0.7643859386444092,0.899165153503418,1,0.1,1
EigenPlaces,amstertime,471,0.8117531538009644,0.8270460367202759,0,0.0,1
EigenPlaces,amstertime,472,0.7897961139678955,0.9278665781021118,0,0.0,1
EigenPlaces,amstertime,473,0.8141584992408752,0.9370850324630737,0,0.0,1
EigenPlaces,amstertime,474,0.7984498143196106,0.8563207387924194,1,0.1,1
EigenPlaces,amstertime,475,0.6310802698135376,0.9338812232017517,1,0.1,1
EigenPlaces,amstertime,476,0.8307710289955139,0.8861791491508484,1,0.1,0
EigenPlaces,amstertime,477,0.9119004011154175,0.9377765655517578,1,0.1,0
EigenPlaces,amstertime,478,0.5566766262054443,0.9211969375610352,1,0.1,1
EigenPlaces,amstertime,479,0.669302225112915,0.8776895999908447,1,0.1,1
EigenPlaces,amstertime,480,0.8647235631942749,0.9074068069458008,1,0.1,1
EigenPlaces,amstertime,481,0.8316411972045898,0.829863429069519,0,0.0,1
EigenPlaces,amstertime,482,0.9221304655075073,0.9362261295318604,1,0.1,0
EigenPlaces,amstertime,483,0.7282395362854004,0.8580593466758728,1,0.1,1
EigenPlaces,amstertime,484,0.8620519638061523,0.9008495211601257,1,0.1,1
EigenPlaces,amstertime,485,0.8646648526191711,0.8949805498123169,1,0.1,1
EigenPlaces,amstertime,486,0.5469492673873901,0.8933563232421875,1,0.1,1
EigenPlaces,amstertime,487,0.8868080377578735,0.9611198902130127,1,0.1,1
EigenPlaces,amstertime,488,0.592117190361023,0.9239208698272705,1,0.1,0
EigenPlaces,amstertime,489,0.8001073598861694,0.9130310416221619,0,0.0,1
EigenPlaces,amstertime,490,0.8715900778770447,0.9390324354171753,0,0.0,1
EigenPlaces,amstertime,491,0.75331050157547,0.9179612398147583,1,0.1,0
EigenPlaces,amstertime,492,0.8782938718795776,0.8452608585357666,1,0.1,0
EigenPlaces,amstertime,493,0.9257522225379944,0.922330379486084,0,0.0,1
EigenPlaces,amstertime,494,0.8538000583648682,0.9170645475387573,1,0.1,0
EigenPlaces,amstertime,495,0.8862392902374268,0.8955177664756775,0,0.0,1
EigenPlaces,amstertime,496,0.8743072748184204,0.9475895166397095,1,0.1,0
EigenPlaces,amstertime,497,0.7648069262504578,0.9154975414276123,1,0.1,1
EigenPlaces,amstertime,498,0.7260069847106934,0.901482343673706,1,0.1,1
EigenPlaces,amstertime,499,0.9323511123657227,0.8718945980072021,0,0.0,1
EigenPlaces,amstertime,500,0.5358887314796448,0.8978461623191833,1,0.1,0
EigenPlaces,amstertime,501,0.728685736656189,0.9473540186882019,1,0.1,1
EigenPlaces,amstertime,502,0.5767542123794556,0.842962384223938,1,0.1,1
EigenPlaces,amstertime,503,0.5706138610839844,0.8447777628898621,1,0.1,1
EigenPlaces,amstertime,504,0.7166263461112976,0.8997105360031128,1,0.1,1
EigenPlaces,amstertime,505,0.7686612606048584,0.9332631826400757,0,0.0,1
EigenPlaces,amstertime,506,0.8270732760429382,0.9176355600357056,0,0.0,1
EigenPlaces,amstertime,507,0.8475837707519531,0.8669387698173523,0,0.0,1
EigenPlaces,amstertime,508,0.41482245922088623,0.8488067388534546,0,0.0,1
EigenPlaces,amstertime,509,0.7825557589530945,0.8928492069244385,1,0.1,1
EigenPlaces,amstertime,510,0.5878053903579712,0.8852620124816895,1,0.1,1
EigenPlaces,amstertime,511,0.857223629951477,0.9501255750656128,0,0.0,1
EigenPlaces,amstertime,512,0.8347083330154419,0.9311209917068481,0,0.0,1
EigenPlaces,amstertime,513,0.8569800853729248,0.9306023120880127,0,0.0,1
EigenPlaces,amstertime,514,0.6431566476821899,0.9529920816421509,0,0.0,1
EigenPlaces,amstertime,515,0.8028585314750671,0.8941190242767334,0,0.0,1
EigenPlaces,amstertime,516,0.6245618462562561,0.9086098670959473,1,0.1,0
EigenPlaces,amstertime,517,0.7843228578567505,0.931607723236084,1,0.1,0
EigenPlaces,amstertime,518,0.7950194478034973,0.9566644430160522,0,0.0,1
EigenPlaces,amstertime,519,0.8966223001480103,0.8598999381065369,0,0.0,1
EigenPlaces,amstertime,520,0.8140661716461182,0.8994309902191162,0,0.0,1
EigenPlaces,amstertime,521,0.8847416639328003,0.8759845495223999,1,0.1,0
EigenPlaces,amstertime,522,0.8384666442871094,0.9063084721565247,1,0.1,1
EigenPlaces,amstertime,523,0.9057497978210449,0.9330417513847351,0,0.0,1
EigenPlaces,amstertime,524,0.807186484336853,0.8925789594650269,0,0.0,1
EigenPlaces,amstertime,525,0.879652738571167,0.8871090412139893,0,0.0,1
EigenPlaces,amstertime,526,0.8659641146659851,0.8979237079620361,0,0.0,1
EigenPlaces,amstertime,527,0.7936533689498901,0.9030069708824158,1,0.1,1
EigenPlaces,amstertime,528,0.7466674447059631,0.9166754484176636,0,0.0,1
EigenPlaces,amstertime,529,0.5878053903579712,0.8477106094360352,1,0.1,1
EigenPlaces,amstertime,530,0.8498808145523071,0.899628758430481,0,0.0,1
EigenPlaces,amstertime,531,0.7553156614303589,0.9211405515670776,0,0.0,1
EigenPlaces,amstertime,532,0.884367823600769,0.9263074398040771,1,0.1,1
EigenPlaces,amstertime,533,0.85665363073349,0.941135048866272,1,0.1,0
EigenPlaces,amstertime,534,0.7521694898605347,0.8962187767028809,0,0.0,1
EigenPlaces,amstertime,535,0.7940570116043091,0.8827798366546631,0,0.0,1
EigenPlaces,amstertime,536,0.879652738571167,0.8832318186759949,0,0.0,1
EigenPlaces,amstertime,537,0.7933446168899536,0.9296799898147583,1,0.1,1
EigenPlaces,amstertime,538,0.8965301513671875,0.9038854837417603,0,0.0,1
EigenPlaces,amstertime,539,0.3779814839363098,0.9458621144294739,1,0.1,1
EigenPlaces,amstertime,540,0.9288202524185181,0.8849427103996277,0,0.0,1
EigenPlaces,amstertime,541,0.830237090587616,0.8722071647644043,1,0.1,1
EigenPlaces,amstertime,542,0.9151100516319275,0.8619636297225952,0,0.0,1
EigenPlaces,amstertime,543,0.8008677959442139,0.9250391721725464,0,0.0,1
EigenPlaces,amstertime,544,0.831571102142334,0.8964818120002747,1,0.1,1
EigenPlaces,amstertime,545,0.8681957721710205,0.9136673808097839,0,0.0,1
EigenPlaces,amstertime,546,0.6891567707061768,0.8966105580329895,1,0.1,1
EigenPlaces,amstertime,547,0.8718966245651245,0.9239972829818726,0,0.0,1
EigenPlaces,amstertime,548,0.729007363319397,0.9168980121612549,0,0.0,1
EigenPlaces,amstertime,549,0.9071090221405029,0.9262232780456543,0,0.0,1
EigenPlaces,amstertime,550,0.7934249043464661,0.9001468420028687,0,0.0,1
EigenPlaces,amstertime,551,0.9254357814788818,0.9280484914779663,1,0.1,0
EigenPlaces,amstertime,552,0.8136790990829468,0.910995602607727,0,0.0,1
EigenPlaces,amstertime,553,0.8807631731033325,0.9158154726028442,0,0.0,1
EigenPlaces,amstertime,554,0.8173555731773376,0.9187566637992859,0,0.0,1
EigenPlaces,amstertime,555,0.8660241365432739,0.8571687340736389,1,0.1,1
EigenPlaces,amstertime,556,0.9028655290603638,0.8928159475326538,0,0.0,1
EigenPlaces,amstertime,557,0.8229484558105469,0.8931237459182739,0,0.0,1
EigenPlaces,amstertime,558,0.7953283190727234,0.9354182481765747,0,0.0,1
EigenPlaces,amstertime,559,0.8191530108451843,0.9392568469047546,1,0.1,1
EigenPlaces,amstertime,560,0.9436706304550171,0.9081815481185913,0,0.0,1
EigenPlaces,amstertime,561,0.6865480542182922,0.9148743748664856,0,0.0,1
EigenPlaces,amstertime,562,0.7814110517501831,0.8902997970581055,1,0.1,1
EigenPlaces,amstertime,563,0.8845016360282898,0.9296532273292542,0,0.0,1
EigenPlaces,amstertime,564,0.5198159217834473,0.8705785274505615,1,0.1,0
EigenPlaces,amstertime,565,0.9168922901153564,0.9278215765953064,0,0.0,1
EigenPlaces,amstertime,566,0.9000873565673828,0.8680756688117981,0,0.0,1
EigenPlaces,amstertime,567,0.6790624856948853,0.8520315289497375,1,0.1,0
EigenPlaces,amstertime,568,0.8628715872764587,0.9417353868484497,0,0.0,1
EigenPlaces,amstertime,569,0.6769336462020874,0.9141556024551392,1,0.1,1
EigenPlaces,amstertime,570,0.5045732855796814,0.8944277763366699,1,0.1,0
EigenPlaces,amstertime,571,0.7866758108139038,0.7564722299575806,1,0.1,0
EigenPlaces,amstertime,572,0.7044254541397095,0.9393101930618286,1,0.1,1
EigenPlaces,amstertime,573,0.7026757001876831,0.9117669463157654,1,0.1,1
EigenPlaces,amstertime,574,0.4660753607749939,0.9087684154510498,1,0.1,1
EigenPlaces,amstertime,575,0.8058741092681885,0.9169603586196899,1,0.1,1
EigenPlaces,amstertime,576,0.8791193962097168,0.9073764085769653,1,0.1,1
EigenPlaces,amstertime,577,0.8809711337089539,0.9670683145523071,0,0.0,1
EigenPlaces,amstertime,578,0.8709784746170044,0.9070239067077637,0,0.0,1
EigenPlaces,amstertime,579,0.792633056640625,0.9376740455627441,0,0.0,1
EigenPlaces,amstertime,580,0.8553436994552612,0.9161983728408813,0,0.0,1
EigenPlaces,amstertime,581,0.9015655517578125,0.8169989585876465,0,0.0,1
EigenPlaces,amstertime,582,0.9518537521362305,0.8889116048812866,0,0.0,1
EigenPlaces,amstertime,583,0.757104754447937,0.9001129865646362,1,0.1,1
EigenPlaces,amstertime,584,0.6466109156608582,0.8607970476150513,1,0.1,0
EigenPlaces,amstertime,585,0.7944382429122925,0.8815333247184753,1,0.1,0
EigenPlaces,amstertime,586,0.38200122117996216,0.8521709442138672,1,0.1,0
EigenPlaces,amstertime,587,0.6014231443405151,0.9158108234405518,1,0.1,1
EigenPlaces,amstertime,588,0.6055716276168823,0.9070602655410767,1,0.1,1
EigenPlaces,amstertime,589,0.34880468249320984,0.7830147743225098,1,0.1,0
EigenPlaces,amstertime,590,0.5963393449783325,0.9317353963851929,1,0.1,0
EigenPlaces,amstertime,591,0.7201322317123413,0.9099737405776978,1,0.1,1
EigenPlaces,amstertime,592,0.44180190563201904,0.946189820766449,1,0.1,0
EigenPlaces,amstertime,593,0.4057732820510864,0.8759059906005859,1,0.1,0
EigenPlaces,amstertime,594,0.676146388053894,0.8348422050476074,1,0.1,1
EigenPlaces,amstertime,595,0.4311019778251648,0.9490721821784973,1,0.1,1
EigenPlaces,amstertime,596,0.545960545539856,0.8353122472763062,1,0.1,1
EigenPlaces,amstertime,597,0.694384753704071,0.7823586463928223,1,0.1,0
EigenPlaces,amstertime,598,0.808174729347229,0.8951573967933655,0,0.0,1
EigenPlaces,amstertime,599,0.6033456325531006,0.9374117851257324,1,0.1,1
EigenPlaces,amstertime,600,0.5515673160552979,0.9075661897659302,1,0.1,1
EigenPlaces,amstertime,601,0.8438940048217773,0.9301683902740479,1,0.1,1
EigenPlaces,amstertime,602,0.5887575149536133,0.8762741088867188,1,0.1,1
EigenPlaces,amstertime,603,0.9403276443481445,0.9628392457962036,0,0.0,1
EigenPlaces,amstertime,604,0.7797329425811768,0.9024685621261597,1,0.1,1
EigenPlaces,amstertime,605,0.8672305941581726,0.9406249523162842,0,0.0,1
EigenPlaces,amstertime,606,0.5508289337158203,0.9218906164169312,1,0.1,0
EigenPlaces,amstertime,607,0.6408840417861938,0.8841515779495239,1,0.1,1
EigenPlaces,amstertime,608,0.43829435110092163,0.9286164045333862,1,0.1,0
EigenPlaces,amstertime,609,0.6799508333206177,0.9053853750228882,1,0.1,1
EigenPlaces,amstertime,610,0.9150571227073669,0.8809036016464233,1,0.1,1
EigenPlaces,amstertime,611,0.8605732917785645,0.8629082441329956,1,0.1,1
EigenPlaces,amstertime,612,0.8611465692520142,0.9315041303634644,0,0.0,1
EigenPlaces,amstertime,613,0.7693793773651123,0.9495880603790283,1,0.1,1
EigenPlaces,amstertime,614,0.7205276489257812,0.874000072479248,0,0.0,1
EigenPlaces,amstertime,615,0.5513404607772827,0.9188387393951416,1,0.1,1
EigenPlaces,amstertime,616,0.6985012888908386,0.8262283802032471,1,0.1,1
EigenPlaces,amstertime,617,0.4406578540802002,0.8232548236846924,1,0.1,0
EigenPlaces,amstertime,618,0.7036542892456055,0.8992724418640137,1,0.1,1
EigenPlaces,amstertime,619,0.7123578786849976,0.8430410027503967,1,0.1,0
EigenPlaces,amstertime,620,0.6834543943405151,0.9200459718704224,1,0.1,1
EigenPlaces,amstertime,621,0.545960545539856,0.7758943438529968,1,0.1,1
EigenPlaces,amstertime,622,0.820256233215332,0.8787499070167542,0,0.0,1
EigenPlaces,amstertime,623,0.9032762050628662,0.9253817796707153,1,0.1,0
EigenPlaces,amstertime,624,0.45825350284576416,0.9225931167602539,1,0.1,1
EigenPlaces,amstertime,625,0.7595647573471069,0.8708429932594299,1,0.1,1
EigenPlaces,amstertime,626,0.616425633430481,0.8166993856430054,1,0.1,0
EigenPlaces,amstertime,627,0.6477412581443787,0.8980307579040527,1,0.1,1
EigenPlaces,amstertime,628,0.7344659566879272,0.9314422607421875,1,0.1,1
EigenPlaces,amstertime,629,0.8818747997283936,0.932617723941803,1,0.1,0
EigenPlaces,amstertime,630,0.6474024057388306,0.8733787536621094,1,0.1,0
EigenPlaces,amstertime,631,0.542345404624939,0.9298329949378967,1,0.1,1
EigenPlaces,amstertime,632,0.8686209917068481,0.9051414132118225,0,0.0,1
EigenPlaces,amstertime,633,0.5760711431503296,0.9399921894073486,1,0.1,1
EigenPlaces,amstertime,634,0.6569162011146545,0.9383870363235474,1,0.1,1
EigenPlaces,amstertime,635,0.8033474087715149,0.8777713775634766,1,0.1,1
EigenPlaces,amstertime,636,0.8437503576278687,0.9543638229370117,1,0.1,1
EigenPlaces,amstertime,637,0.7818224430084229,0.9017055034637451,1,0.1,1
EigenPlaces,amstertime,638,0.7236795425415039,0.9045745730400085,1,0.1,1
EigenPlaces,amstertime,639,0.49611687660217285,0.9289467334747314,1,0.1,0
EigenPlaces,amstertime,640,0.7510395646095276,0.9414164423942566,0,0.0,1
EigenPlaces,amstertime,641,0.7964476346969604,0.9588801264762878,1,0.1,1
EigenPlaces,amstertime,642,0.8648223280906677,0.852631688117981,1,0.1,0
EigenPlaces,amstertime,643,0.8308367133140564,0.9283385872840881,0,0.0,1
EigenPlaces,amstertime,644,0.813785195350647,0.9419357776641846,1,0.1,1
EigenPlaces,amstertime,645,0.8246599435806274,0.8878394365310669,0,0.0,1
EigenPlaces,amstertime,646,0.6622918844223022,0.9277818202972412,1,0.1,0
EigenPlaces,amstertime,647,0.8977342844009399,0.8907598257064819,1,0.1,1
EigenPlaces,amstertime,648,0.6887880563735962,0.8954061269760132,0,0.0,1
EigenPlaces,amstertime,649,0.856562614440918,0.9247267246246338,1,0.1,1
EigenPlaces,amstertime,650,0.5510231852531433,0.8693311214447021,1,0.1,0
EigenPlaces,amstertime,651,0.62978196144104,0.8610514402389526,1,0.1,0
EigenPlaces,amstertime,652,0.7355473041534424,0.9127683043479919,1,0.1,1
EigenPlaces,amstertime,653,0.48230671882629395,0.8875358700752258,1,0.1,1
EigenPlaces,amstertime,654,0.6590225100517273,0.9439315795898438,1,0.1,0
EigenPlaces,amstertime,655,0.4751947224140167,0.8639167547225952,1,0.1,0
EigenPlaces,amstertime,656,0.6436033844947815,0.8967743515968323,1,0.1,1
EigenPlaces,amstertime,657,0.4701462984085083,0.9270976185798645,1,0.1,1
EigenPlaces,amstertime,658,0.43149349093437195,0.8510485887527466,1,0.1,1
EigenPlaces,amstertime,659,0.6436033844947815,0.9216078519821167,1,0.1,0
EigenPlaces,amstertime,660,0.8486810326576233,0.9127654433250427,0,0.0,1
EigenPlaces,amstertime,661,0.7764521241188049,0.8118038773536682,1,0.1,0
EigenPlaces,amstertime,662,0.8090071678161621,0.8324283957481384,0,0.0,1
EigenPlaces,amstertime,663,0.7972897291183472,0.9419726133346558,0,0.0,1
EigenPlaces,amstertime,664,0.6168539524078369,0.8076626062393188,1,0.1,0
EigenPlaces,amstertime,665,0.8232082724571228,0.9217013716697693,0,0.0,1
EigenPlaces,amstertime,666,0.9303826093673706,0.9246875047683716,0,0.0,1
EigenPlaces,amstertime,667,0.8746323585510254,0.9421861171722412,0,0.0,1
EigenPlaces,amstertime,668,0.41482245922088623,0.9004548788070679,1,0.1,1
EigenPlaces,amstertime,669,0.6405560970306396,0.9532842636108398,1,0.1,1
EigenPlaces,amstertime,670,0.7467989921569824,0.9039863348007202,0,0.0,1
EigenPlaces,amstertime,671,0.6611469984054565,0.9538365602493286,0,0.0,1
EigenPlaces,amstertime,672,0.6805952191352844,0.9375003576278687,0,0.0,1
EigenPlaces,amstertime,673,0.5221015214920044,0.9120510220527649,1,0.1,1
EigenPlaces,amstertime,674,0.742457389831543,0.8800084590911865,1,0.1,0
EigenPlaces,amstertime,675,0.814670741558075,0.9417973756790161,1,0.1,1
EigenPlaces,amstertime,676,0.7164279222488403,0.9299652576446533,1,0.1,1
EigenPlaces,amstertime,677,0.5908102989196777,0.8987361192703247,1,0.1,1
EigenPlaces,amstertime,678,0.8974573612213135,0.9012370109558105,1,0.1,1
EigenPlaces,amstertime,679,0.8623156547546387,0.8827793002128601,0,0.0,1
EigenPlaces,amstertime,680,0.7059608697891235,0.9368739128112793,1,0.1,1
EigenPlaces,amstertime,681,0.6311471462249756,0.9206663370132446,1,0.1,1
EigenPlaces,amstertime,682,0.6246420741081238,0.882654070854187,1,0.1,1
EigenPlaces,amstertime,683,0.7377614974975586,0.9607508182525635,1,0.1,0
EigenPlaces,amstertime,684,0.8902969360351562,0.9326828718185425,0,0.0,1
EigenPlaces,amstertime,685,0.5672492980957031,0.9125891923904419,1,0.1,1
EigenPlaces,amstertime,686,0.825539767742157,0.898162305355072,0,0.0,1
EigenPlaces,amstertime,687,0.8208248019218445,0.933696448802948,0,0.0,1
EigenPlaces,amstertime,688,0.8172123432159424,0.8797651529312134,1,0.1,1
EigenPlaces,amstertime,689,0.8429684638977051,0.8630015850067139,0,0.0,1
EigenPlaces,amstertime,690,0.7731877565383911,0.8683080673217773,0,0.0,1
EigenPlaces,amstertime,691,0.7787145376205444,0.9244213104248047,1,0.1,1
EigenPlaces,amstertime,692,0.7346028089523315,0.8726585507392883,0,0.0,1
EigenPlaces,amstertime,693,0.6552420854568481,0.9509029984474182,1,0.1,1
EigenPlaces,amstertime,694,0.7508976459503174,0.9122637510299683,1,0.1,0
EigenPlaces,amstertime,695,0.5896886587142944,0.9221838712692261,1,0.1,1
EigenPlaces,amstertime,696,0.8213558197021484,0.8984566926956177,0,0.0,1
EigenPlaces,amstertime,697,0.8656501770019531,0.9005922079086304,0,0.0,1
EigenPlaces,amstertime,698,0.8430188894271851,0.9149913787841797,0,0.0,1
EigenPlaces,amstertime,699,0.8433802127838135,0.9333850741386414,0,0.0,1
EigenPlaces,amstertime,700,0.8930402398109436,0.8929924964904785,0,0.0,1
EigenPlaces,amstertime,701,0.764358639717102,0.917095422744751,1,0.1,1
EigenPlaces,amstertime,702,0.8756859302520752,0.9049758315086365,0,0.0,1
EigenPlaces,amstertime,703,0.8888229131698608,0.8236281871795654,0,0.0,1
EigenPlaces,amstertime,704,0.7634286880493164,0.9281619191169739,1,0.1,1
EigenPlaces,amstertime,705,0.7836689352989197,0.9350794553756714,0,0.0,1
EigenPlaces,amstertime,706,0.789010763168335,0.95854252576828,0,0.0,1
EigenPlaces,amstertime,707,0.890261709690094,0.9175713062286377,1,0.1,1
EigenPlaces,amstertime,708,0.6916085481643677,0.8799220323562622,1,0.1,0
EigenPlaces,amstertime,709,0.8460582494735718,0.9422235488891602,0,0.0,1
EigenPlaces,amstertime,710,0.5789530277252197,0.9132426977157593,1,0.1,1
EigenPlaces,amstertime,711,0.8997635245323181,0.8756376504898071,0,0.0,1
EigenPlaces,amstertime,712,0.8997635245323181,0.8492480516433716,0,0.0,1
EigenPlaces,amstertime,713,0.8647586107254028,0.8655840158462524,0,0.0,1
EigenPlaces,amstertime,714,0.8955430388450623,0.895321786403656,0,0.0,1
EigenPlaces,amstertime,715,0.862818717956543,0.930508553981781,0,0.0,1
EigenPlaces,amstertime,716,0.8395349979400635,0.9053264260292053,1,0.1,0
EigenPlaces,amstertime,717,0.884028971195221,0.9060600996017456,0,0.0,1
EigenPlaces,amstertime,718,0.8365058898925781,0.9310320615768433,1,0.1,1
EigenPlaces,amstertime,719,0.9294954538345337,0.9557381868362427,0,0.0,1
EigenPlaces,amstertime,720,0.6622548699378967,0.7952443361282349,1,0.1,1
EigenPlaces,amstertime,721,0.7279692888259888,0.9106871485710144,1,0.1,0
EigenPlaces,amstertime,722,0.7889063954353333,0.9273093938827515,1,0.1,1
EigenPlaces,amstertime,723,0.5679277181625366,0.8600071668624878,0,0.0,1
EigenPlaces,amstertime,724,0.5968490839004517,0.9167070388793945,1,0.1,0
EigenPlaces,amstertime,725,0.7771594524383545,0.9078883528709412,1,0.1,0
EigenPlaces,amstertime,726,0.953575611114502,0.8946977257728577,0,0.0,1
EigenPlaces,amstertime,727,0.7628522515296936,0.9032506346702576,1,0.1,1
EigenPlaces,amstertime,728,0.6399919986724854,0.8410546183586121,1,0.1,1
EigenPlaces,amstertime,729,0.7329285740852356,0.9236886501312256,1,0.1,1
EigenPlaces,amstertime,730,0.7866376638412476,0.9475479125976562,0,0.0,1
EigenPlaces,amstertime,731,0.899154007434845,0.8999680280685425,0,0.0,1
EigenPlaces,amstertime,732,0.8676238059997559,0.8847478032112122,1,0.1,1
EigenPlaces,amstertime,733,0.9072062969207764,0.8335937857627869,0,0.0,1
EigenPlaces,amstertime,734,0.798623263835907,0.9035625457763672,1,0.1,0
EigenPlaces,amstertime,735,0.8185303211212158,0.8757976293563843,1,0.1,0
EigenPlaces,amstertime,736,0.7377614974975586,0.9476416110992432,1,0.1,0
EigenPlaces,amstertime,737,0.8090071678161621,0.8791167736053467,0,0.0,1
EigenPlaces,amstertime,738,0.6433837413787842,0.843254804611206,1,0.1,1
EigenPlaces,amstertime,739,0.8517733812332153,0.9056675434112549,1,0.1,1
EigenPlaces,amstertime,740,0.8127552270889282,0.9285318851470947,0,0.0,1
EigenPlaces,amstertime,741,0.8059732913970947,0.9072562456130981,1,0.1,0
EigenPlaces,amstertime,742,0.811822772026062,0.9049744009971619,1,0.1,1
EigenPlaces,amstertime,743,0.7998231649398804,0.9362189173698425,1,0.1,1
EigenPlaces,amstertime,744,0.901942253112793,0.8955274820327759,1,0.1,0
EigenPlaces,amstertime,745,0.8353630304336548,0.8989295959472656,0,0.0,1
EigenPlaces,amstertime,746,0.8353630304336548,0.9236517548561096,0,0.0,1
EigenPlaces,amstertime,747,0.7450504302978516,0.8825157880783081,0,0.0,1
EigenPlaces,amstertime,748,0.4544401466846466,0.8905500173568726,1,0.1,1
EigenPlaces,amstertime,749,0.9643958210945129,0.9441003799438477,0,0.0,1
EigenPlaces,amstertime,750,0.8804787397384644,0.8595730066299438,0,0.0,1
EigenPlaces,amstertime,751,0.8551973104476929,0.913582444190979,0,0.0,1
EigenPlaces,amstertime,752,0.7787599563598633,0.9008404612541199,1,0.1,1
EigenPlaces,amstertime,753,0.795420229434967,0.9242468476295471,0,0.0,1
EigenPlaces,amstertime,754,0.8311668634414673,0.9354004859924316,1,0.1,1
EigenPlaces,amstertime,755,0.8400110006332397,0.8686801791191101,1,0.1,1
EigenPlaces,amstertime,756,0.6713709831237793,0.9123088121414185,1,0.1,1
EigenPlaces,amstertime,757,0.6075073480606079,0.9232003688812256,1,0.1,1
EigenPlaces,amstertime,758,0.8573499917984009,0.9541283845901489,1,0.1,1
EigenPlaces,amstertime,759,0.7491252422332764,0.8941768407821655,1,0.1,0
EigenPlaces,amstertime,760,0.6885643005371094,0.9222973585128784,1,0.1,0
EigenPlaces,amstertime,761,0.668135404586792,0.9549741744995117,0,0.0,1
EigenPlaces,amstertime,762,0.8995169401168823,0.9480617046356201,1,0.1,1
EigenPlaces,amstertime,763,0.6885643005371094,0.9203891754150391,1,0.1,1
EigenPlaces,amstertime,764,0.8425922989845276,0.8400697708129883,0,0.0,1
EigenPlaces,amstertime,765,0.8883654475212097,0.908616304397583,0,0.0,1
EigenPlaces,amstertime,766,0.8682319521903992,0.9258173108100891,0,0.0,1
EigenPlaces,amstertime,767,0.4018845856189728,0.9285419583320618,1,0.1,1
EigenPlaces,amstertime,768,0.8841469883918762,0.8899661302566528,0,0.0,1
EigenPlaces,amstertime,769,0.848939061164856,0.9356998205184937,0,0.0,1
EigenPlaces,amstertime,770,0.8140696287155151,0.8825792074203491,1,0.1,0
EigenPlaces,amstertime,771,0.3406445384025574,0.893398642539978,1,0.1,1
EigenPlaces,amstertime,772,0.816098690032959,0.896199107170105,1,0.1,1
EigenPlaces,amstertime,773,0.8278408050537109,0.9035593271255493,1,0.1,0
EigenPlaces,amstertime,774,0.9306259751319885,0.9077962636947632,0,0.0,1
EigenPlaces,amstertime,775,0.838607907295227,0.8643277883529663,0,0.0,1
EigenPlaces,amstertime,776,0.7435669898986816,0.9234327077865601,0,0.0,1
EigenPlaces,amstertime,777,0.6819510459899902,0.8243756294250488,1,0.1,1
EigenPlaces,amstertime,778,0.6201542019844055,0.9066604375839233,1,0.1,1
EigenPlaces,amstertime,779,0.8767386674880981,0.9583135843276978,1,0.1,0
EigenPlaces,amstertime,780,0.7472658157348633,0.874211311340332,0,0.0,1
EigenPlaces,amstertime,781,0.9088469743728638,0.9009946584701538,0,0.0,1
EigenPlaces,amstertime,782,0.7640495300292969,0.9237011671066284,1,0.1,1
EigenPlaces,amstertime,783,0.631841778755188,0.8927825689315796,1,0.1,0
EigenPlaces,amstertime,784,0.9113863706588745,0.8916674852371216,0,0.0,1
EigenPlaces,amstertime,785,0.7535400986671448,0.8341352939605713,0,0.0,1
EigenPlaces,amstertime,786,0.7798692584037781,0.9255733489990234,0,0.0,1
EigenPlaces,amstertime,787,0.8377786874771118,0.9326674938201904,0,0.0,1
EigenPlaces,amstertime,788,0.8675262928009033,0.916948676109314,0,0.0,1
EigenPlaces,amstertime,789,0.7045453190803528,0.8545936942100525,1,0.1,1
EigenPlaces,amstertime,790,0.7417281866073608,0.9088630676269531,1,0.1,1
EigenPlaces,amstertime,791,0.59740149974823,0.7869986295700073,1,0.1,0
EigenPlaces,amstertime,792,0.8201559782028198,0.9441457390785217,0,0.0,1
EigenPlaces,amstertime,793,0.7736848592758179,0.8486388921737671,1,0.1,1
EigenPlaces,amstertime,794,0.8023744821548462,0.9779574871063232,1,0.1,1
EigenPlaces,amstertime,795,0.7992347478866577,0.9411847591400146,1,0.1,1
EigenPlaces,amstertime,796,0.8156914114952087,0.91316819190979,0,0.0,1
EigenPlaces,amstertime,797,0.8517323732376099,0.9325166940689087,1,0.1,0
EigenPlaces,amstertime,798,0.7273681163787842,0.9088847637176514,1,0.1,1
EigenPlaces,amstertime,799,0.7596151828765869,0.9175848960876465,1,0.1,1
EigenPlaces,amstertime,800,0.5143404006958008,0.9207925200462341,1,0.1,1
EigenPlaces,amstertime,801,0.8732101321220398,0.8987549543380737,1,0.1,0
EigenPlaces,amstertime,802,0.8709784746170044,0.9391871690750122,1,0.1,1
EigenPlaces,amstertime,803,0.6769336462020874,0.9022416472434998,1,0.1,0
EigenPlaces,amstertime,804,0.5840898156166077,0.9290304183959961,1,0.1,1
EigenPlaces,amstertime,805,0.7875183820724487,0.880159854888916,0,0.0,1
EigenPlaces,amstertime,806,0.8386301398277283,0.9569730758666992,0,0.0,1
EigenPlaces,amstertime,807,0.8053044080734253,0.9330162405967712,1,0.1,0
EigenPlaces,amstertime,808,0.7668884992599487,0.8820345401763916,1,0.1,1
EigenPlaces,amstertime,809,0.566181480884552,0.931739330291748,1,0.1,0
EigenPlaces,amstertime,810,0.7227492928504944,0.8848504424095154,1,0.1,1
EigenPlaces,amstertime,811,0.3430402874946594,0.9303306341171265,1,0.1,0
EigenPlaces,amstertime,812,0.7723097205162048,0.8204078674316406,1,0.1,0
EigenPlaces,amstertime,813,0.8628715872764587,0.9459740519523621,1,0.1,1
EigenPlaces,amstertime,814,0.6372149586677551,0.9233624935150146,1,0.1,0
EigenPlaces,amstertime,815,0.6047148704528809,0.9156786799430847,1,0.1,0
EigenPlaces,amstertime,816,0.943893551826477,0.8832540512084961,0,0.0,1
EigenPlaces,amstertime,817,0.6950169801712036,0.9377045035362244,1,0.1,1
EigenPlaces,amstertime,818,0.920993983745575,0.9148876667022705,1,0.1,0
EigenPlaces,amstertime,819,0.7929725646972656,0.9150102734565735,1,0.1,1
EigenPlaces,amstertime,820,0.7021231651306152,0.8934046030044556,1,0.1,1
EigenPlaces,amstertime,821,0.6941089630126953,0.7868729829788208,1,0.1,0
EigenPlaces,amstertime,822,0.5640324354171753,0.9364706873893738,1,0.1,0
EigenPlaces,amstertime,823,0.6534255743026733,0.9071354269981384,1,0.1,1
EigenPlaces,amstertime,824,0.7567013502120972,0.9068412780761719,1,0.1,0
EigenPlaces,amstertime,825,0.5463186502456665,0.9521830081939697,1,0.1,1
EigenPlaces,amstertime,826,0.8114280700683594,0.9440785646438599,0,0.0,1
EigenPlaces,amstertime,827,0.5228159427642822,0.8954352140426636,1,0.1,0
EigenPlaces,amstertime,828,0.9368121027946472,0.8722347021102905,0,0.0,1
EigenPlaces,amstertime,829,0.6585602164268494,0.8803077936172485,1,0.1,1
EigenPlaces,amstertime,830,0.8083401322364807,0.9339451193809509,1,0.1,0
EigenPlaces,amstertime,831,0.4139631688594818,0.8705739378929138,1,0.1,0
EigenPlaces,amstertime,832,0.8732120990753174,0.9436510801315308,1,0.1,1
EigenPlaces,amstertime,833,0.8605732917785645,0.9359214305877686,1,0.1,1
EigenPlaces,amstertime,834,0.7149744033813477,0.9287087917327881,1,0.1,1
EigenPlaces,amstertime,835,0.9115779399871826,0.8975430727005005,1,0.1,1
EigenPlaces,amstertime,836,0.5599566698074341,0.8869503140449524,1,0.1,1
EigenPlaces,amstertime,837,0.4763801395893097,0.8486874103546143,1,0.1,0
EigenPlaces,amstertime,838,0.6303507685661316,0.9564211368560791,1,0.1,1
EigenPlaces,amstertime,839,0.8516784906387329,0.919196367263794,0,0.0,1
EigenPlaces,amstertime,840,0.8370256423950195,0.9166597127914429,1,0.1,1
EigenPlaces,amstertime,841,0.6692919731140137,0.8971608877182007,1,0.1,1
EigenPlaces,amstertime,842,0.7226473093032837,0.8787969946861267,0,0.0,1
EigenPlaces,amstertime,843,0.8387645483016968,0.9365053176879883,1,0.1,1
EigenPlaces,amstertime,844,0.7109047174453735,0.8282210826873779,1,0.1,1
EigenPlaces,amstertime,845,0.884358286857605,0.915793776512146,1,0.1,1
EigenPlaces,amstertime,846,0.8626987934112549,0.8979105949401855,1,0.1,1
EigenPlaces,amstertime,847,0.7808935642242432,0.895014762878418,0,0.0,1
EigenPlaces,amstertime,848,0.6653578281402588,0.9276013970375061,1,0.1,1
EigenPlaces,amstertime,849,0.5740371942520142,0.9393655061721802,1,0.1,1
EigenPlaces,amstertime,850,0.6653578281402588,0.9321828484535217,1,0.1,1
EigenPlaces,amstertime,851,0.6872280836105347,0.9484829902648926,1,0.1,1
EigenPlaces,amstertime,852,0.6703776121139526,0.9362678527832031,1,0.1,0
EigenPlaces,amstertime,853,0.9244753122329712,0.9052040576934814,0,0.0,1
EigenPlaces,amstertime,854,0.8487775921821594,0.926638126373291,1,0.1,1
EigenPlaces,amstertime,855,0.741931676864624,0.9236994981765747,1,0.1,1
EigenPlaces,amstertime,856,0.8447000980377197,0.8938791751861572,1,0.1,1
EigenPlaces,amstertime,857,0.702356219291687,0.9084185361862183,1,0.1,1
EigenPlaces,amstertime,858,0.6937952041625977,0.8549255132675171,1,0.1,0
EigenPlaces,amstertime,859,0.3430402874946594,0.922807514667511,1,0.1,1
EigenPlaces,amstertime,860,0.7994070053100586,0.9403688907623291,1,0.1,1
EigenPlaces,amstertime,861,0.6493213176727295,0.9375327825546265,1,0.1,1
EigenPlaces,amstertime,862,0.5925921201705933,0.8351024389266968,1,0.1,0
EigenPlaces,amstertime,863,0.8183363676071167,0.8966426849365234,1,0.1,0
EigenPlaces,amstertime,864,0.8828530311584473,0.9016401171684265,1,0.1,1
EigenPlaces,amstertime,865,0.8828530311584473,0.9202560186386108,1,0.1,1
EigenPlaces,amstertime,866,0.7994070053100586,0.8903186321258545,1,0.1,1
EigenPlaces,amstertime,867,0.8469642400741577,0.9363516569137573,1,0.1,0
EigenPlaces,amstertime,868,0.6714777946472168,0.9244755506515503,1,0.1,1
EigenPlaces,amstertime,869,0.6504136919975281,0.9104201197624207,1,0.1,0
EigenPlaces,amstertime,870,0.7410215139389038,0.9124921560287476,0,0.0,1
EigenPlaces,amstertime,871,0.6660833358764648,0.9278430938720703,0,0.0,1
EigenPlaces,amstertime,872,0.7275422215461731,0.8803691864013672,0,0.0,1
EigenPlaces,amstertime,873,0.7969048023223877,0.9169172048568726,1,0.1,1
EigenPlaces,amstertime,874,0.6505261659622192,0.9088765382766724,1,0.1,0
EigenPlaces,amstertime,875,0.7102560997009277,0.9078385829925537,1,0.1,1
EigenPlaces,amstertime,876,0.7143880128860474,0.9046621918678284,1,0.1,1
EigenPlaces,amstertime,877,0.9178675413131714,0.9371010065078735,1,0.1,1
EigenPlaces,amstertime,878,0.7413978576660156,0.9314100742340088,1,0.1,1
EigenPlaces,amstertime,879,0.7478793859481812,0.8855441808700562,1,0.1,1
EigenPlaces,amstertime,880,0.5886359810829163,0.9139797687530518,1,0.1,1
EigenPlaces,amstertime,881,0.5178358554840088,0.8709602355957031,1,0.1,1
EigenPlaces,amstertime,882,0.570419430732727,0.9001195430755615,1,0.1,1
EigenPlaces,amstertime,883,0.4454902410507202,0.8986634016036987,1,0.1,1
EigenPlaces,amstertime,884,0.7432937622070312,0.9250422716140747,0,0.0,1
EigenPlaces,amstertime,885,0.6884363889694214,0.9167786836624146,0,0.0,1
EigenPlaces,amstertime,886,0.9421644806861877,0.9624524116516113,0,0.0,1
EigenPlaces,amstertime,887,0.6340370774269104,0.9377522468566895,1,0.1,1
EigenPlaces,amstertime,888,0.7821675539016724,0.9444535970687866,1,0.1,1
EigenPlaces,amstertime,889,0.8431501388549805,0.9487606287002563,0,0.0,1
EigenPlaces,amstertime,890,0.6448389291763306,0.9438613653182983,1,0.1,1
EigenPlaces,amstertime,891,0.5940258502960205,0.8631877899169922,1,0.1,0
EigenPlaces,amstertime,892,0.6195105314254761,0.9213953018188477,1,0.1,1
EigenPlaces,amstertime,893,0.8513177633285522,0.9241819977760315,0,0.0,1
EigenPlaces,amstertime,894,0.8247241377830505,0.8913885951042175,1,0.1,0
EigenPlaces,amstertime,895,0.8144370317459106,0.9066280722618103,0,0.0,1
EigenPlaces,amstertime,896,0.8832730054855347,0.9212850332260132,0,0.0,1
EigenPlaces,amstertime,897,0.9273200035095215,0.9561274647712708,1,0.1,1
EigenPlaces,amstertime,898,0.47457408905029297,0.8740550875663757,1,0.1,1
EigenPlaces,amstertime,899,0.6142951250076294,0.9518120288848877,1,0.1,1
EigenPlaces,amstertime,900,0.859051525592804,0.9499481320381165,1,0.1,1
EigenPlaces,amstertime,901,0.9133551120758057,0.919532835483551,0,0.0,1
EigenPlaces,amstertime,902,0.5459583401679993,0.8994612097740173,1,0.1,1
EigenPlaces,amstertime,903,0.6299723386764526,0.8179666996002197,1,0.1,0
EigenPlaces,amstertime,904,0.6887880563735962,0.9140565991401672,0,0.0,1
EigenPlaces,amstertime,905,0.6724457144737244,0.8953912258148193,1,0.1,1
EigenPlaces,amstertime,906,0.8219209909439087,0.9493976831436157,1,0.1,1
EigenPlaces,amstertime,907,0.5440776348114014,0.9130025506019592,1,0.1,0
EigenPlaces,amstertime,908,0.8046109080314636,0.8142828941345215,1,0.1,0
EigenPlaces,amstertime,909,0.4452170431613922,0.9181065559387207,1,0.1,0
EigenPlaces,amstertime,910,0.9202040433883667,0.9027314186096191,0,0.0,1
EigenPlaces,amstertime,911,0.8580987453460693,0.9672086834907532,1,0.1,1
EigenPlaces,amstertime,912,0.8520513772964478,0.9241527318954468,1,0.1,0
EigenPlaces,amstertime,913,0.7349236011505127,0.927293062210083,1,0.1,1
EigenPlaces,amstertime,914,0.7896591424942017,0.8888336420059204,1,0.1,1
EigenPlaces,amstertime,915,0.6945796012878418,0.9017753005027771,1,0.1,1
EigenPlaces,amstertime,916,0.7234096527099609,0.8919442296028137,1,0.1,1
EigenPlaces,amstertime,917,0.927815318107605,0.9445611238479614,1,0.1,1
EigenPlaces,amstertime,918,0.8576720952987671,0.904035210609436,1,0.1,1
EigenPlaces,amstertime,919,0.6871618032455444,0.9334363341331482,1,0.1,1
EigenPlaces,amstertime,920,0.504991888999939,0.9119635224342346,1,0.1,1
EigenPlaces,amstertime,921,0.6950154304504395,0.9534176588058472,1,0.1,1
EigenPlaces,amstertime,922,0.504991888999939,0.9206977486610413,1,0.1,0
EigenPlaces,amstertime,923,0.6150267720222473,0.9489075541496277,1,0.1,0
EigenPlaces,amstertime,924,0.5508289337158203,0.8650364875793457,0,0.0,1
EigenPlaces,amstertime,925,0.48471975326538086,0.8745665550231934,1,0.1,1
EigenPlaces,amstertime,926,0.6645588874816895,0.855326771736145,1,0.1,1
EigenPlaces,amstertime,927,0.7909946441650391,0.9488421082496643,0,0.0,1
EigenPlaces,amstertime,928,0.7292505502700806,0.8807474374771118,1,0.1,1
EigenPlaces,amstertime,929,0.8437615633010864,0.912448525428772,1,0.1,1
EigenPlaces,amstertime,930,0.602063775062561,0.9003962874412537,1,0.1,1
EigenPlaces,amstertime,931,0.900520384311676,0.8878688812255859,1,0.1,1
EigenPlaces,amstertime,932,0.6306295394897461,0.8884156942367554,1,0.1,1
EigenPlaces,amstertime,933,0.8388153314590454,0.926967203617096,1,0.1,0
EigenPlaces,amstertime,934,0.631184458732605,0.8437585830688477,1,0.1,1
EigenPlaces,amstertime,935,0.5122486352920532,0.7258166074752808,1,0.1,0
EigenPlaces,amstertime,936,0.5508711934089661,0.9539308547973633,1,0.1,1
EigenPlaces,amstertime,937,0.6262109279632568,0.8967961072921753,1,0.1,0
EigenPlaces,amstertime,938,0.8728328347206116,0.928666889667511,0,0.0,1
EigenPlaces,amstertime,939,0.5811474323272705,0.9051260948181152,1,0.1,1
EigenPlaces,amstertime,940,0.7996500730514526,0.9176963567733765,1,0.1,1
EigenPlaces,amstertime,941,0.9414651393890381,0.9393163323402405,0,0.0,1
EigenPlaces,amstertime,942,0.7726577520370483,0.9610491991043091,1,0.1,0
EigenPlaces,amstertime,943,0.5433056354522705,0.8250006437301636,1,0.1,1
EigenPlaces,amstertime,944,0.8870408535003662,0.9698930978775024,1,0.1,1
EigenPlaces,amstertime,945,0.5603846311569214,0.8565844893455505,1,0.1,0
EigenPlaces,amstertime,946,0.42407363653182983,0.770610511302948,1,0.1,0
EigenPlaces,amstertime,947,0.5379220247268677,0.7177737951278687,1,0.1,1
EigenPlaces,amstertime,948,0.49481528997421265,0.9131374359130859,1,0.1,1
EigenPlaces,amstertime,949,0.517516553401947,0.9314061999320984,1,0.1,1
EigenPlaces,amstertime,950,0.8652856349945068,0.9084466099739075,1,0.1,1
EigenPlaces,amstertime,951,0.8028621673583984,0.8950250148773193,1,0.1,1
EigenPlaces,amstertime,952,0.9015172719955444,0.9025709629058838,1,0.1,1
EigenPlaces,amstertime,953,0.6466109156608582,0.8647789359092712,1,0.1,1
EigenPlaces,amstertime,954,0.873868465423584,0.9405171275138855,0,0.0,1
EigenPlaces,amstertime,955,0.8569418787956238,0.8922456502914429,0,0.0,1
EigenPlaces,amstertime,956,0.8569418787956238,0.9273533821105957,0,0.0,1
EigenPlaces,amstertime,957,0.6822382211685181,0.8433524370193481,1,0.1,0
EigenPlaces,amstertime,958,0.6214075088500977,0.9372973442077637,1,0.1,0
EigenPlaces,amstertime,959,0.8454052209854126,0.7407371997833252,1,0.1,0
EigenPlaces,amstertime,960,0.7201583385467529,0.9369421005249023,1,0.1,1
EigenPlaces,amstertime,961,0.6181567907333374,0.8480165004730225,1,0.1,1
EigenPlaces,amstertime,962,0.9116899967193604,0.9145085215568542,0,0.0,1
EigenPlaces,amstertime,963,0.8529285192489624,0.8779979944229126,1,0.1,1
EigenPlaces,amstertime,964,0.6696964502334595,0.8740919828414917,1,0.1,0
EigenPlaces,amstertime,965,0.9270586967468262,0.8362752199172974,0,0.0,1
EigenPlaces,amstertime,966,0.8022782206535339,0.8747293949127197,1,0.1,1
EigenPlaces,amstertime,967,0.7263827323913574,0.8255352973937988,1,0.1,0
EigenPlaces,amstertime,968,0.7914682030677795,0.9058902263641357,1,0.1,1
EigenPlaces,amstertime,969,0.7282878756523132,0.9000454545021057,0,0.0,1
EigenPlaces,amstertime,970,0.8179386258125305,0.7744332551956177,1,0.1,1
EigenPlaces,amstertime,971,0.6200015544891357,0.9323917627334595,0,0.0,1
EigenPlaces,amstertime,972,0.8923180103302002,0.8645060062408447,0,0.0,1
EigenPlaces,amstertime,973,0.7964476943016052,0.9081600904464722,1,0.1,1
EigenPlaces,amstertime,974,0.8651665449142456,0.8503228425979614,1,0.1,1
EigenPlaces,amstertime,975,0.9182672500610352,0.8027095198631287,0,0.0,1
EigenPlaces,amstertime,976,0.6651483774185181,0.9139852523803711,1,0.1,1
EigenPlaces,amstertime,977,0.7594807147979736,0.9244699478149414,1,0.1,1
EigenPlaces,amstertime,978,0.8529824018478394,0.8265416622161865,1,0.1,1
EigenPlaces,amstertime,979,0.71993088722229,0.9521970748901367,1,0.1,1
EigenPlaces,amstertime,980,0.8343285322189331,0.894747257232666,0,0.0,1
EigenPlaces,amstertime,981,0.6650359630584717,0.9103282690048218,1,0.1,0
EigenPlaces,amstertime,982,0.6041377782821655,0.9605767130851746,1,0.1,0
EigenPlaces,amstertime,983,0.7664979696273804,0.822201132774353,0,0.0,1
EigenPlaces,amstertime,984,0.8700132369995117,0.9413490891456604,1,0.1,1
EigenPlaces,amstertime,985,0.6856811046600342,0.9413229823112488,1,0.1,1
EigenPlaces,amstertime,986,0.57377028465271,0.8560507297515869,1,0.1,0
EigenPlaces,amstertime,987,0.9200435280799866,0.8472762107849121,0,0.0,1
EigenPlaces,amstertime,988,0.7794359922409058,0.9353046417236328,1,0.1,1
EigenPlaces,amstertime,989,0.7867841720581055,0.9673600196838379,0,0.0,1
EigenPlaces,amstertime,990,0.6333333253860474,0.8293867111206055,1,0.1,0
EigenPlaces,amstertime,991,0.7373772859573364,0.845024049282074,0,0.0,1
EigenPlaces,amstertime,992,0.6179927587509155,0.873638391494751,1,0.1,0
EigenPlaces,amstertime,993,0.497873991727829,0.9208793044090271,1,0.1,0
EigenPlaces,amstertime,994,0.7992590665817261,0.857869029045105,1,0.1,1
EigenPlaces,amstertime,995,0.780266284942627,0.8968780040740967,0,0.0,1
EigenPlaces,amstertime,996,0.8356300592422485,0.8851736783981323,0,0.0,1
EigenPlaces,amstertime,997,0.6121813058853149,0.9108437895774841,1,0.1,0
EigenPlaces,amstertime,998,0.717373251914978,0.9241174459457397,0,0.0,1
EigenPlaces,amstertime,999,0.5313425064086914,0.8084096312522888,1,0.1,0
EigenPlaces,amstertime,1000,0.5999565124511719,0.8446497321128845,1,0.1,0
EigenPlaces,amstertime,1001,0.905220627784729,0.8796985745429993,1,0.1,0
EigenPlaces,amstertime,1002,0.598818302154541,0.9129416346549988,1,0.1,1
EigenPlaces,amstertime,1003,0.8193705677986145,0.929720938205719,0,0.0,1
EigenPlaces,amstertime,1004,0.6033456325531006,0.9755558967590332,1,0.1,1
EigenPlaces,amstertime,1005,0.9165337085723877,0.9025694131851196,1,0.1,0
EigenPlaces,amstertime,1006,0.6947822570800781,0.8804384469985962,1,0.1,1
EigenPlaces,amstertime,1007,0.8168759346008301,0.8918337821960449,1,0.1,1
EigenPlaces,amstertime,1008,0.7614147663116455,0.8990632891654968,1,0.1,1
EigenPlaces,amstertime,1009,0.8529824018478394,0.8487998247146606,1,0.1,1
EigenPlaces,amstertime,1010,0.8168759346008301,0.9351392388343811,1,0.1,1
EigenPlaces,amstertime,1011,0.7614147663116455,0.9170421361923218,1,0.1,0
EigenPlaces,amstertime,1012,0.9002113342285156,0.9207834005355835,1,0.1,1
EigenPlaces,amstertime,1013,0.8343285322189331,0.9300590753555298,0,0.0,1
EigenPlaces,amstertime,1014,0.7707489728927612,0.9255943298339844,0,0.0,1
EigenPlaces,amstertime,1015,0.6713709831237793,0.861891508102417,1,0.1,1
EigenPlaces,amstertime,1016,0.8974573612213135,0.8866425156593323,1,0.1,1
EigenPlaces,amstertime,1017,0.42333728075027466,0.8810462951660156,1,0.1,0
EigenPlaces,amstertime,1018,0.8179242610931396,0.8863043189048767,1,0.1,0
EigenPlaces,amstertime,1019,0.831302285194397,0.9334717988967896,0,0.0,1
EigenPlaces,amstertime,1020,0.856562614440918,0.9126059412956238,1,0.1,0
EigenPlaces,amstertime,1021,0.8179242610931396,0.8553165197372437,1,0.1,1
EigenPlaces,amstertime,1022,0.6242638826370239,0.8952000737190247,1,0.1,1
EigenPlaces,amstertime,1023,0.882422924041748,0.8494176864624023,1,0.1,1
EigenPlaces,amstertime,1024,0.732630729675293,0.9130392074584961,1,0.1,1
EigenPlaces,amstertime,1025,0.856562614440918,0.9250040650367737,1,0.1,1
EigenPlaces,amstertime,1026,0.7326306700706482,0.9045537710189819,1,0.1,1
EigenPlaces,amstertime,1027,0.7326306700706482,0.8763220310211182,1,0.1,1
EigenPlaces,amstertime,1028,0.856562614440918,0.9292126893997192,1,0.1,1
EigenPlaces,amstertime,1029,0.8424246311187744,0.9305853843688965,0,0.0,1
EigenPlaces,amstertime,1030,0.8288917541503906,0.902184247970581,0,0.0,1
EigenPlaces,amstertime,1031,0.8229454755783081,0.8919387459754944,1,0.1,0
EigenPlaces,amstertime,1032,0.6971089839935303,0.8854647874832153,1,0.1,1
EigenPlaces,amstertime,1033,0.728685736656189,0.9422954320907593,0,0.0,1
EigenPlaces,amstertime,1034,0.8728328347206116,0.9430750608444214,0,0.0,1
EigenPlaces,amstertime,1035,0.6213945150375366,0.8939379453659058,1,0.1,1
EigenPlaces,amstertime,1036,0.6971089839935303,0.8758476376533508,1,0.1,1
EigenPlaces,amstertime,1037,0.3677176237106323,0.8903418779373169,1,0.1,1
EigenPlaces,amstertime,1038,0.7950294017791748,0.8869718313217163,1,0.1,0
EigenPlaces,amstertime,1039,0.7506107091903687,0.9555773735046387,0,0.0,1
EigenPlaces,amstertime,1040,0.8551962375640869,0.9604973196983337,0,0.0,1
EigenPlaces,amstertime,1041,0.8920415639877319,0.9337242841720581,1,0.1,1
EigenPlaces,amstertime,1042,0.709071159362793,0.8738731145858765,1,0.1,0
EigenPlaces,amstertime,1043,0.9104105234146118,0.9331181049346924,0,0.0,1
EigenPlaces,amstertime,1044,0.8358353972434998,0.9486649036407471,1,0.1,0
EigenPlaces,amstertime,1045,0.7888743877410889,0.9355583786964417,0,0.0,1
EigenPlaces,amstertime,1046,0.807186484336853,0.9202659130096436,1,0.1,1
EigenPlaces,amstertime,1047,0.7932156324386597,0.9219450950622559,0,0.0,1
EigenPlaces,amstertime,1048,0.6399919986724854,0.9188317060470581,0,0.0,1
EigenPlaces,amstertime,1049,0.8288917541503906,0.9241266846656799,1,0.1,1
EigenPlaces,amstertime,1050,0.807186484336853,0.9012668132781982,0,0.0,1
EigenPlaces,amstertime,1051,0.807186484336853,0.8933525085449219,1,0.1,1
EigenPlaces,amstertime,1052,0.7932156324386597,0.9360626339912415,0,0.0,1
EigenPlaces,amstertime,1053,0.7897961139678955,0.9431867599487305,1,0.1,1
EigenPlaces,amstertime,1054,0.6655315160751343,0.8631646633148193,1,0.1,1
EigenPlaces,amstertime,1055,0.643383800983429,0.8451989889144897,1,0.1,1
EigenPlaces,amstertime,1056,0.7803292274475098,0.9437206387519836,0,0.0,1
EigenPlaces,amstertime,1057,0.7575644254684448,0.8886791467666626,0,0.0,1
EigenPlaces,amstertime,1058,0.8244549036026001,0.9364370107650757,0,0.0,1
EigenPlaces,amstertime,1059,0.8009557723999023,0.8920081853866577,1,0.1,1
EigenPlaces,amstertime,1060,0.8013378381729126,0.90250563621521,0,0.0,1
EigenPlaces,amstertime,1061,0.8517082929611206,0.9356722235679626,0,0.0,1
EigenPlaces,amstertime,1062,0.869895339012146,0.8809909820556641,0,0.0,1
EigenPlaces,amstertime,1063,0.8655309081077576,0.9357832670211792,1,0.1,1
EigenPlaces,amstertime,1064,0.8553436994552612,0.9018522500991821,0,0.0,1
EigenPlaces,amstertime,1065,0.426922082901001,0.8670339584350586,1,0.1,0
EigenPlaces,amstertime,1066,0.8219289779663086,0.9331384301185608,0,0.0,1
EigenPlaces,amstertime,1067,0.8038317561149597,0.8612854480743408,0,0.0,1
EigenPlaces,amstertime,1068,0.831571102142334,0.9178905487060547,0,0.0,1
EigenPlaces,amstertime,1069,0.8224878311157227,0.8565086126327515,0,0.0,1
EigenPlaces,amstertime,1070,0.8900246620178223,0.8900526762008667,1,0.1,0
EigenPlaces,amstertime,1071,0.6871615648269653,0.9016587138175964,0,0.0,1
EigenPlaces,amstertime,1072,0.8813891410827637,0.866540789604187,1,0.1,1
EigenPlaces,amstertime,1073,0.6769336462020874,0.9057878255844116,1,0.1,1
EigenPlaces,amstertime,1074,0.6769336462020874,0.9275472164154053,1,0.1,1
EigenPlaces,amstertime,1075,0.8628715872764587,0.9023807048797607,0,0.0,1
EigenPlaces,amstertime,1076,0.6372149586677551,0.9357776045799255,0,0.0,1
EigenPlaces,amstertime,1077,0.6651483774185181,0.9202621579170227,1,0.1,1
EigenPlaces,amstertime,1078,0.9002113342285156,0.8887086510658264,1,0.1,1
EigenPlaces,amstertime,1079,0.6050271987915039,0.9059875011444092,1,0.1,1
EigenPlaces,amstertime,1080,0.7602770328521729,0.9476104974746704,1,0.1,1
EigenPlaces,amstertime,1081,0.8525043725967407,0.8098136186599731,1,0.1,0
EigenPlaces,amstertime,1082,0.5404757261276245,0.9341335892677307,1,0.1,0
EigenPlaces,amstertime,1083,0.7506107091903687,0.9369533061981201,1,0.1,0
EigenPlaces,amstertime,1084,0.8213305473327637,0.9400061368942261,0,0.0,1
EigenPlaces,amstertime,1085,0.879652738571167,0.8805314302444458,0,0.0,1
EigenPlaces,amstertime,1086,0.7434990406036377,0.9031906127929688,1,0.1,1
EigenPlaces,amstertime,1087,0.9087024331092834,0.9377286434173584,0,0.0,1
EigenPlaces,amstertime,1088,0.9283266663551331,0.9056244492530823,0,0.0,1
EigenPlaces,amstertime,1089,0.8910819292068481,0.944553017616272,1,0.1,1
EigenPlaces,amstertime,1090,0.8093740344047546,0.9102928042411804,1,0.1,1
EigenPlaces,amstertime,1091,0.48480433225631714,0.8837563991546631,1,0.1,0
EigenPlaces,amstertime,1092,0.8670393824577332,0.9365686178207397,0,0.0,1
EigenPlaces,amstertime,1093,0.8246284127235413,0.9457099437713623,0,0.0,1
EigenPlaces,amstertime,1094,0.8427708148956299,0.9463390111923218,1,0.1,1
EigenPlaces,amstertime,1095,0.8427708148956299,0.9264745116233826,1,0.1,0
EigenPlaces,amstertime,1096,0.7482633590698242,0.8417710065841675,1,0.1,0
EigenPlaces,amstertime,1097,0.7997355461120605,0.9323680400848389,1,0.1,0
EigenPlaces,amstertime,1098,0.9103641510009766,0.9026196002960205,1,0.1,1
EigenPlaces,amstertime,1099,0.8107777833938599,0.9380136728286743,1,0.1,0
EigenPlaces,amstertime,1100,0.5564224720001221,0.8959092497825623,1,0.1,1
EigenPlaces,amstertime,1101,0.5564224720001221,0.9058244228363037,1,0.1,1
EigenPlaces,amstertime,1102,0.8789450526237488,0.9221419095993042,1,0.1,1
EigenPlaces,amstertime,1103,0.8700649738311768,0.9308832883834839,1,0.1,0
EigenPlaces,amstertime,1104,0.6204654574394226,0.8421899676322937,1,0.1,0
EigenPlaces,amstertime,1105,0.6677323579788208,0.9159071445465088,1,0.1,1
EigenPlaces,amstertime,1106,0.6611697673797607,0.9075320363044739,1,0.1,0
EigenPlaces,amstertime,1107,0.56038898229599,0.9350751042366028,1,0.1,1
EigenPlaces,amstertime,1108,0.8540210127830505,0.9432059526443481,1,0.1,1
EigenPlaces,amstertime,1109,0.79166179895401,0.9669287800788879,0,0.0,1
EigenPlaces,amstertime,1110,0.8611465096473694,0.9431219100952148,0,0.0,1
EigenPlaces,amstertime,1111,0.5069706439971924,0.8457329273223877,1,0.1,0
EigenPlaces,amstertime,1112,0.8475372791290283,0.8587466478347778,0,0.0,1
EigenPlaces,amstertime,1113,0.8458676338195801,0.9105596542358398,1,0.1,1
EigenPlaces,amstertime,1114,0.826114296913147,0.9606055021286011,1,0.1,1
EigenPlaces,amstertime,1115,0.645058274269104,0.9375990629196167,1,0.1,1
EigenPlaces,amstertime,1116,0.4653424024581909,0.9241398572921753,1,0.1,1
EigenPlaces,amstertime,1117,0.36770302057266235,0.8175600171089172,1,0.1,0
EigenPlaces,amstertime,1118,0.8069530725479126,0.8883551359176636,0,0.0,1
EigenPlaces,amstertime,1119,0.9341331720352173,0.8427366018295288,0,0.0,1
EigenPlaces,amstertime,1120,0.7748738527297974,0.93134605884552,1,0.1,1
EigenPlaces,amstertime,1121,0.7467136383056641,0.9318915605545044,0,0.0,1
EigenPlaces,amstertime,1122,0.3206353783607483,0.8841696977615356,1,0.1,1
EigenPlaces,amstertime,1123,0.6514409184455872,0.917837381362915,1,0.1,1
EigenPlaces,amstertime,1124,0.6972575187683105,0.8944252729415894,1,0.1,1
EigenPlaces,amstertime,1125,0.7686573266983032,0.9256570339202881,1,0.1,1
EigenPlaces,amstertime,1126,0.934667706489563,0.928011417388916,1,0.1,1
EigenPlaces,amstertime,1127,0.8162297010421753,0.8697788119316101,1,0.1,1
EigenPlaces,amstertime,1128,0.519594669342041,0.9320500493049622,1,0.1,1
EigenPlaces,amstertime,1129,0.7915924787521362,0.8485997915267944,0,0.0,1
EigenPlaces,amstertime,1130,0.8411775827407837,0.9016793966293335,1,0.1,1
EigenPlaces,amstertime,1131,0.8750407695770264,0.9124283790588379,0,0.0,1
EigenPlaces,amstertime,1132,0.5712798237800598,0.8909039497375488,1,0.1,0
EigenPlaces,amstertime,1133,0.4289228320121765,0.9110735654830933,1,0.1,0
EigenPlaces,amstertime,1134,0.7969627380371094,0.8656913042068481,1,0.1,1
EigenPlaces,amstertime,1135,0.9594796895980835,0.8664849996566772,1,0.1,1
EigenPlaces,amstertime,1136,0.7157412767410278,0.8331127166748047,1,0.1,1
EigenPlaces,amstertime,1137,0.7643298506736755,0.8913732767105103,1,0.1,1
EigenPlaces,amstertime,1138,0.5468969345092773,0.9116806983947754,1,0.1,1
EigenPlaces,amstertime,1139,0.5468969345092773,0.9449753761291504,1,0.1,1
EigenPlaces,amstertime,1140,0.8002705574035645,0.8930062055587769,0,0.0,1
EigenPlaces,amstertime,1141,0.7347341179847717,0.9200315475463867,0,0.0,1
EigenPlaces,amstertime,1142,0.9025366902351379,0.9039260149002075,0,0.0,1
EigenPlaces,amstertime,1143,0.7670719623565674,0.9046647548675537,1,0.1,1
EigenPlaces,amstertime,1144,0.6262109279632568,0.9287508726119995,1,0.1,1
EigenPlaces,amstertime,1145,0.6262109279632568,0.9043146371841431,1,0.1,1
EigenPlaces,amstertime,1146,0.867141842842102,0.9647422432899475,1,0.1,1
EigenPlaces,amstertime,1147,0.7513400316238403,0.9014052152633667,0,0.0,1
EigenPlaces,amstertime,1148,0.9034954309463501,0.9065303206443787,0,0.0,1
EigenPlaces,amstertime,1149,0.8035191297531128,0.9164739847183228,1,0.1,0
EigenPlaces,amstertime,1150,0.7488645315170288,0.8976279497146606,1,0.1,1
EigenPlaces,amstertime,1151,0.7748092412948608,0.9279341697692871,0,0.0,1
EigenPlaces,amstertime,1152,0.6982994079589844,0.9496961236000061,0,0.0,1
EigenPlaces,amstertime,1153,0.6612728834152222,0.8911783695220947,1,0.1,0
EigenPlaces,amstertime,1154,0.8038317561149597,0.8584749102592468,0,0.0,1
EigenPlaces,amstertime,1155,0.7997355461120605,0.9123609662055969,1,0.1,1
EigenPlaces,amstertime,1156,0.41023704409599304,0.8229244947433472,1,0.1,0
EigenPlaces,amstertime,1157,0.5313425064086914,0.7154248952865601,1,0.1,1
EigenPlaces,amstertime,1158,0.598818302154541,0.9265172481536865,1,0.1,1
EigenPlaces,amstertime,1159,0.6514409184455872,0.910219669342041,0,0.0,1
EigenPlaces,amstertime,1160,0.9081842303276062,0.8875743746757507,0,0.0,1
EigenPlaces,amstertime,1161,0.5442869663238525,0.9199480414390564,1,0.1,1
EigenPlaces,amstertime,1162,0.6010534167289734,0.8151768445968628,1,0.1,0
EigenPlaces,amstertime,1163,0.8889740705490112,0.888085126876831,1,0.1,0
EigenPlaces,amstertime,1164,0.5105146169662476,0.8660127520561218,1,0.1,0
EigenPlaces,amstertime,1165,0.37463968992233276,0.841964840888977,1,0.1,0
EigenPlaces,amstertime,1166,0.8825628757476807,0.9341245889663696,0,0.0,1
EigenPlaces,amstertime,1167,0.864478349685669,0.86748206615448,1,0.1,1
EigenPlaces,amstertime,1168,0.7733392715454102,0.9587186574935913,1,0.1,1
EigenPlaces,amstertime,1169,0.7218725681304932,0.8886339664459229,1,0.1,1
EigenPlaces,amstertime,1170,0.7595647573471069,0.8354706764221191,1,0.1,0
EigenPlaces,amstertime,1171,0.5459177494049072,0.9142040014266968,1,0.1,0
EigenPlaces,amstertime,1172,0.8439903855323792,0.9219042658805847,1,0.1,1
EigenPlaces,amstertime,1173,0.813157320022583,0.7778866291046143,1,0.1,0
EigenPlaces,amstertime,1174,0.8583314418792725,0.9221997261047363,0,0.0,1
EigenPlaces,amstertime,1175,0.6730536222457886,0.9579085111618042,1,0.1,1
EigenPlaces,amstertime,1176,0.3576188087463379,0.9417173862457275,1,0.1,1
EigenPlaces,amstertime,1177,0.6523809432983398,0.8784365653991699,1,0.1,0
EigenPlaces,amstertime,1178,0.9389011263847351,0.9008276462554932,1,0.1,1
EigenPlaces,amstertime,1179,0.8522932529449463,0.8879120349884033,1,0.1,1
EigenPlaces,amstertime,1180,0.7387751936912537,0.8949611186981201,0,0.0,1
EigenPlaces,amstertime,1181,0.6970248222351074,0.945026159286499,1,0.1,1
EigenPlaces,amstertime,1182,0.8704270124435425,0.9570571780204773,1,0.1,0
EigenPlaces,amstertime,1183,0.7125384211540222,0.9165210127830505,1,0.1,1
EigenPlaces,amstertime,1184,0.6936261653900146,0.9116331934928894,1,0.1,1
EigenPlaces,amstertime,1185,0.774350643157959,0.8662623167037964,1,0.1,0
EigenPlaces,amstertime,1186,0.6877431273460388,0.9186949729919434,1,0.1,1
EigenPlaces,amstertime,1187,0.8811829090118408,0.9468013048171997,0,0.0,1
EigenPlaces,amstertime,1188,0.8434134721755981,0.8849238157272339,1,0.1,1
EigenPlaces,amstertime,1189,0.4599562883377075,0.9523171186447144,1,0.1,1
EigenPlaces,amstertime,1190,0.38860321044921875,0.9137816429138184,1,0.1,1
EigenPlaces,amstertime,1191,0.8416526317596436,0.9124011993408203,0,0.0,1
EigenPlaces,amstertime,1192,0.7985100746154785,0.8609950542449951,1,0.1,1
EigenPlaces,amstertime,1193,0.8456094861030579,0.9632971286773682,1,0.1,0
EigenPlaces,amstertime,1194,0.8613249063491821,0.878576934337616,1,0.1,1
EigenPlaces,amstertime,1195,0.49816447496414185,0.893086850643158,1,0.1,0
EigenPlaces,amstertime,1196,0.755468487739563,0.9228730201721191,1,0.1,1
EigenPlaces,amstertime,1197,0.9536932110786438,0.8835080862045288,0,0.0,1
EigenPlaces,amstertime,1198,0.8606254458427429,0.9387264847755432,1,0.1,1
EigenPlaces,amstertime,1199,0.6989635229110718,0.9180796146392822,1,0.1,1
EigenPlaces,amstertime,1200,0.5505052804946899,0.8536550998687744,1,0.1,1
EigenPlaces,amstertime,1201,0.4538896083831787,0.9288727045059204,1,0.1,0
EigenPlaces,amstertime,1202,0.8644981384277344,0.8650950193405151,0,0.0,1
EigenPlaces,amstertime,1203,0.577546238899231,0.8694607019424438,1,0.1,1
EigenPlaces,amstertime,1204,0.6934792995452881,0.8591017723083496,0,0.0,1
EigenPlaces,amstertime,1205,0.5105604529380798,0.8888055086135864,1,0.1,0
EigenPlaces,amstertime,1206,0.8474696278572083,0.8753331899642944,1,0.1,1
EigenPlaces,amstertime,1207,0.6893196105957031,0.9259653091430664,0,0.0,1
EigenPlaces,amstertime,1208,0.8842589855194092,0.8884372115135193,0,0.0,1
EigenPlaces,amstertime,1209,0.8561176061630249,0.9283651113510132,0,0.0,1
EigenPlaces,amstertime,1210,0.7443098425865173,0.9157760143280029,1,0.1,0
EigenPlaces,amstertime,1211,0.8014628887176514,0.8875484466552734,1,0.1,1
EigenPlaces,amstertime,1212,0.7063549757003784,0.898493230342865,1,0.1,0
EigenPlaces,amstertime,1213,0.5686328411102295,0.9501781463623047,1,0.1,0
EigenPlaces,amstertime,1214,0.8490308523178101,0.9526740312576294,0,0.0,1
EigenPlaces,amstertime,1215,0.7611727714538574,0.9281249046325684,1,0.1,1
EigenPlaces,amstertime,1216,0.8113266229629517,0.92813640832901,1,0.1,0
EigenPlaces,amstertime,1217,0.6440937519073486,0.9613764882087708,1,0.1,1
EigenPlaces,amstertime,1218,0.7286462187767029,0.8712411522865295,1,0.1,1
EigenPlaces,amstertime,1219,0.7200831174850464,0.8953125476837158,1,0.1,0
EigenPlaces,amstertime,1220,0.8411979675292969,0.8631170392036438,1,0.1,0
EigenPlaces,amstertime,1221,0.8061095476150513,0.9156416654586792,0,0.0,1
EigenPlaces,amstertime,1222,0.8306624889373779,0.9369591474533081,0,0.0,1
EigenPlaces,amstertime,1223,0.778061032295227,0.9241137504577637,1,0.1,1
EigenPlaces,amstertime,1224,0.8613251447677612,0.8475461006164551,0,0.0,1
EigenPlaces,amstertime,1225,0.8462551832199097,0.8962771892547607,1,0.1,1
EigenPlaces,amstertime,1226,0.7734519243240356,0.8680729866027832,1,0.1,1
EigenPlaces,amstertime,1227,0.8769835829734802,0.9406802654266357,1,0.1,1
EigenPlaces,amstertime,1228,0.5326862335205078,0.8890260457992554,1,0.1,1
EigenPlaces,amstertime,1229,0.836027979850769,0.9081506133079529,1,0.1,1
EigenPlaces,amstertime,1230,0.8055310249328613,0.923739492893219,0,0.0,1
EigenPlaces,msls,0,0.47441673278808594,0.9269726276397705,4,0.4,1
EigenPlaces,msls,1,0.8487503528594971,0.921938419342041,8,0.8,0
EigenPlaces,msls,2,0.6721432209014893,0.9309669733047485,5,0.5,0
EigenPlaces,msls,3,0.836235761642456,0.9071474075317383,0,0.0,1
EigenPlaces,msls,4,0.7978637218475342,0.8924033641815186,9,0.9,0
EigenPlaces,msls,5,0.8027142286300659,0.9155385494232178,6,0.6,1
EigenPlaces,msls,6,0.821691632270813,0.9374668598175049,8,0.8,0
EigenPlaces,msls,7,0.62386554479599,0.9191285371780396,4,0.4,0
EigenPlaces,msls,8,0.9129610061645508,0.9375160932540894,0,0.0,1
EigenPlaces,msls,9,0.5802099108695984,0.9374295473098755,7,0.7,1
EigenPlaces,msls,10,0.6409698724746704,0.9060176610946655,7,0.7,0
EigenPlaces,msls,11,0.9435904026031494,0.9086592197418213,1,0.1,1
EigenPlaces,msls,12,0.8715919256210327,0.8795394897460938,4,0.4,0
EigenPlaces,msls,13,0.9127709865570068,0.9517910480499268,1,0.1,1
EigenPlaces,msls,14,0.5423616170883179,0.8974450826644897,6,0.6,0
EigenPlaces,msls,15,0.46370333433151245,0.919260561466217,3,0.3,0
EigenPlaces,msls,16,0.7084449529647827,0.9218736290931702,5,0.5,1
EigenPlaces,msls,17,0.5311123728752136,0.9384332895278931,4,0.4,0
EigenPlaces,msls,18,0.8374915719032288,0.932502031326294,6,0.6,0
EigenPlaces,msls,19,0.6813845634460449,0.9031548500061035,2,0.2,0
EigenPlaces,msls,20,0.7583352327346802,0.9343695640563965,5,0.5,1
EigenPlaces,msls,21,0.48027873039245605,0.9213146567344666,3,0.3,0
EigenPlaces,msls,22,0.949203610420227,0.8837336301803589,1,0.1,1
EigenPlaces,msls,23,0.860402524471283,0.9073373079299927,0,0.0,1
EigenPlaces,msls,24,0.9121588468551636,0.9260779619216919,1,0.1,0
EigenPlaces,msls,25,0.9294742345809937,0.9066616296768188,1,0.1,1
EigenPlaces,msls,26,0.8619732856750488,0.9514906406402588,7,0.7,1
EigenPlaces,msls,27,0.8413996696472168,0.9545859098434448,9,0.9,0
EigenPlaces,msls,28,0.618761420249939,0.8869681358337402,3,0.3,0
EigenPlaces,msls,29,0.6095203161239624,0.8967458605766296,5,0.5,0
EigenPlaces,msls,30,0.772209644317627,0.9057403802871704,0,0.0,1
EigenPlaces,msls,31,0.7572987079620361,0.9784872531890869,8,0.8,0
EigenPlaces,msls,32,0.7300116419792175,0.8571672439575195,5,0.5,0
EigenPlaces,msls,33,0.8236100673675537,0.8997535705566406,5,0.5,0
EigenPlaces,msls,34,0.6609890460968018,0.9318995475769043,3,0.3,1
EigenPlaces,msls,35,0.8039348125457764,0.9451645612716675,0,0.0,1
EigenPlaces,msls,36,0.533236026763916,0.9239951372146606,4,0.4,1
EigenPlaces,msls,37,0.7242415547370911,0.9199803471565247,10,1.0,0
EigenPlaces,msls,38,0.9062389135360718,0.9245834350585938,3,0.3,1
EigenPlaces,msls,39,0.7978256940841675,0.9502592086791992,5,0.5,0
EigenPlaces,msls,40,0.5443960428237915,0.8997161388397217,6,0.6,0
EigenPlaces,msls,41,0.8962686061859131,0.9360778331756592,0,0.0,1
EigenPlaces,msls,42,0.8354253768920898,0.9106065034866333,2,0.2,1
EigenPlaces,msls,43,0.7958795428276062,0.9339911937713623,8,0.8,0
EigenPlaces,msls,44,0.8097058534622192,0.9477840662002563,9,0.9,0
EigenPlaces,msls,45,0.4665215015411377,0.8868548274040222,5,0.5,0
EigenPlaces,msls,46,0.8865751624107361,0.875145673751831,2,0.2,0
EigenPlaces,msls,47,0.49201321601867676,0.9289323091506958,3,0.3,0
EigenPlaces,msls,48,0.7671959400177002,0.8939509391784668,7,0.7,0
EigenPlaces,msls,49,0.8796029090881348,0.9619234800338745,7,0.7,0
EigenPlaces,msls,50,0.8687869310379028,0.9484918117523193,8,0.8,0
EigenPlaces,msls,51,0.8285609483718872,0.9411208629608154,2,0.2,1
EigenPlaces,msls,52,0.9667896032333374,0.9389739632606506,6,0.6,0
EigenPlaces,msls,53,0.8772332668304443,0.9239915013313293,0,0.0,1
EigenPlaces,msls,54,0.6038608551025391,0.922075629234314,5,0.5,0
EigenPlaces,msls,55,0.7392172813415527,0.9109527468681335,7,0.7,0
EigenPlaces,msls,56,0.8678523302078247,0.8261487483978271,2,0.2,0
EigenPlaces,msls,57,0.8726592063903809,0.9041401147842407,0,0.0,1
EigenPlaces,msls,58,0.5974985957145691,0.8728105425834656,3,0.3,0
EigenPlaces,msls,59,0.7725478410720825,0.9163475036621094,6,0.6,0
EigenPlaces,msls,60,0.5189669728279114,0.9526873230934143,3,0.3,0
EigenPlaces,msls,61,0.6496936082839966,0.8971298336982727,1,0.1,1
EigenPlaces,msls,62,0.5597227215766907,0.9675238728523254,3,0.3,0
EigenPlaces,msls,63,0.5886867642402649,0.8757188320159912,5,0.5,1
EigenPlaces,msls,64,0.8584656715393066,0.8837066292762756,2,0.2,0
EigenPlaces,msls,65,0.9351098537445068,0.9332296252250671,7,0.7,0
EigenPlaces,msls,66,0.8565999269485474,0.9223486185073853,8,0.8,0
EigenPlaces,msls,67,0.6384251117706299,0.9114046096801758,4,0.4,1
EigenPlaces,msls,68,0.9175724387168884,0.9087498784065247,4,0.4,0
EigenPlaces,msls,69,0.7851963043212891,0.9736029505729675,6,0.6,0
EigenPlaces,msls,70,0.7941597700119019,0.9544121026992798,5,0.5,0
EigenPlaces,msls,71,0.6072274446487427,0.8724987506866455,2,0.2,1
EigenPlaces,msls,72,0.8779337406158447,0.9295597076416016,1,0.1,0
EigenPlaces,msls,73,0.6418061852455139,0.9216184020042419,8,0.8,0
EigenPlaces,msls,74,0.8120675086975098,0.9047266244888306,2,0.2,1
EigenPlaces,msls,75,0.7322989702224731,0.9344817399978638,10,1.0,0
EigenPlaces,msls,76,0.7862070798873901,0.942877471446991,6,0.6,0
EigenPlaces,msls,77,0.8135495185852051,0.8976763486862183,10,1.0,0
EigenPlaces,msls,78,0.9157564640045166,0.9574030637741089,1,0.1,0
EigenPlaces,msls,79,0.8862388134002686,0.9513984322547913,10,1.0,0
EigenPlaces,msls,80,0.7449167966842651,0.8869578838348389,2,0.2,0
EigenPlaces,msls,81,0.8168479204177856,0.9405480623245239,2,0.2,1
EigenPlaces,msls,82,0.921207070350647,0.8649862408638,1,0.1,1
EigenPlaces,msls,83,0.7764805555343628,0.943145215511322,6,0.6,1
EigenPlaces,msls,84,0.7012748718261719,0.898439884185791,5,0.5,0
EigenPlaces,msls,85,0.7617412805557251,0.9431636333465576,8,0.8,0
EigenPlaces,msls,86,0.8576047420501709,0.9689080715179443,4,0.4,0
EigenPlaces,msls,87,0.8802039623260498,0.9608166217803955,10,1.0,0
EigenPlaces,msls,88,0.7371189594268799,0.8710236549377441,4,0.4,1
EigenPlaces,msls,89,0.888540506362915,0.9453050494194031,0,0.0,1
EigenPlaces,msls,90,0.8665430545806885,0.9100674986839294,10,1.0,0
EigenPlaces,msls,91,0.9118092060089111,0.9443947672843933,10,1.0,0
EigenPlaces,msls,92,0.577593207359314,0.8461462259292603,5,0.5,1
EigenPlaces,msls,93,0.9364265203475952,0.8891268968582153,1,0.1,1
EigenPlaces,msls,94,0.4278627336025238,0.8943887948989868,2,0.2,0
EigenPlaces,msls,95,0.8287977576255798,0.9203411340713501,8,0.8,0
EigenPlaces,msls,96,0.6499447822570801,0.9128068089485168,3,0.3,0
EigenPlaces,msls,97,0.7596911191940308,0.8957417011260986,2,0.2,1
EigenPlaces,msls,98,0.8428845405578613,0.9008933305740356,3,0.3,1
EigenPlaces,msls,99,0.6470034122467041,0.9346185922622681,9,0.9,0
EigenPlaces,msls,100,0.6007331609725952,0.9029000401496887,2,0.2,1
EigenPlaces,msls,101,0.5363991260528564,0.8670525550842285,0,0.0,1
EigenPlaces,msls,102,0.7893179655075073,0.935218334197998,7,0.7,0
EigenPlaces,msls,103,0.7416400909423828,0.8979990482330322,2,0.2,1
EigenPlaces,msls,104,0.6243486404418945,0.9117130041122437,5,0.5,0
EigenPlaces,msls,105,0.647162139415741,0.937614381313324,4,0.4,0
EigenPlaces,msls,106,0.7817742824554443,0.9326081275939941,10,1.0,0
EigenPlaces,msls,107,0.8099157810211182,0.9100959300994873,5,0.5,0
EigenPlaces,msls,108,0.7376548051834106,0.9797027111053467,10,1.0,0
EigenPlaces,msls,109,0.6684576272964478,0.9435065984725952,3,0.3,0
EigenPlaces,msls,110,0.9043015241622925,0.951215922832489,10,1.0,0
EigenPlaces,msls,111,0.8737500905990601,0.9427809715270996,6,0.6,1
EigenPlaces,msls,112,0.8433233499526978,0.9316656589508057,0,0.0,1
EigenPlaces,msls,113,0.7699000835418701,0.9019949436187744,4,0.4,1
EigenPlaces,msls,114,0.7383697628974915,0.9078966975212097,6,0.6,0
EigenPlaces,msls,115,0.8741828203201294,0.8880890607833862,4,0.4,0
EigenPlaces,msls,116,0.6615148186683655,0.9529446363449097,10,1.0,0
EigenPlaces,msls,117,0.841415524482727,0.889849066734314,1,0.1,1
EigenPlaces,msls,118,0.88876873254776,0.9666409492492676,2,0.2,0
EigenPlaces,msls,119,0.8471379280090332,0.8442291021347046,3,0.3,0
EigenPlaces,msls,120,0.6956138610839844,0.9645192623138428,5,0.5,0
EigenPlaces,msls,121,0.6753591299057007,0.9517393112182617,8,0.8,0
EigenPlaces,msls,122,0.7823266983032227,0.8741322755813599,3,0.3,0
EigenPlaces,msls,123,0.9537780284881592,0.925681471824646,0,0.0,1
EigenPlaces,msls,124,0.5774514675140381,0.8740395307540894,3,0.3,0
EigenPlaces,msls,125,0.6383433938026428,0.848580002784729,4,0.4,0
EigenPlaces,msls,126,0.8175806999206543,0.9185097217559814,7,0.7,0
EigenPlaces,msls,127,0.6821722984313965,0.9258848428726196,8,0.8,0
EigenPlaces,msls,128,0.6650141477584839,0.927190899848938,9,0.9,0
EigenPlaces,msls,129,0.9295543432235718,0.8948108553886414,0,0.0,1
EigenPlaces,msls,130,0.9054140448570251,0.9148238897323608,0,0.0,1
EigenPlaces,msls,131,0.6500083804130554,0.9255928993225098,9,0.9,0
EigenPlaces,msls,132,0.8520870208740234,0.9780793190002441,1,0.1,1
EigenPlaces,msls,133,0.8264189958572388,0.9204899072647095,2,0.2,0
EigenPlaces,msls,134,0.5500443577766418,0.9036843776702881,2,0.2,0
EigenPlaces,msls,135,0.6790052652359009,0.8989434838294983,3,0.3,1
EigenPlaces,msls,136,0.8774362802505493,0.9416291117668152,10,1.0,0
EigenPlaces,msls,137,0.6686378717422485,0.9301522970199585,5,0.5,0
EigenPlaces,msls,138,0.7002033591270447,0.9573984742164612,3,0.3,0
EigenPlaces,msls,139,0.7471619844436646,0.9215215444564819,7,0.7,1
EigenPlaces,msls,140,0.6364432573318481,0.8778815269470215,0,0.0,1
EigenPlaces,msls,141,0.6314849853515625,0.9205976128578186,3,0.3,0
EigenPlaces,msls,142,0.6365993022918701,0.9379620552062988,4,0.4,0
EigenPlaces,msls,143,0.882584810256958,0.9630589485168457,0,0.0,1
EigenPlaces,msls,144,0.8815744519233704,0.8566302061080933,2,0.2,0
EigenPlaces,msls,145,0.6498095393180847,0.9375120401382446,3,0.3,0
EigenPlaces,msls,146,0.7520914077758789,0.8952620625495911,3,0.3,0
EigenPlaces,msls,147,0.8372668623924255,0.8519096374511719,8,0.8,0
EigenPlaces,msls,148,0.7026371359825134,0.9193126559257507,8,0.8,0
EigenPlaces,msls,149,0.805594801902771,0.9012197256088257,4,0.4,0
EigenPlaces,msls,150,0.8791917562484741,0.9528325796127319,9,0.9,0
EigenPlaces,msls,151,0.7694582939147949,0.9601749181747437,2,0.2,0
EigenPlaces,msls,152,0.7198019027709961,0.870081901550293,7,0.7,0
EigenPlaces,msls,153,0.8728823661804199,0.8774408102035522,0,0.0,1
EigenPlaces,msls,154,0.8474177122116089,0.8474072217941284,4,0.4,0
EigenPlaces,msls,155,0.8770085573196411,0.9238585829734802,8,0.8,0
EigenPlaces,msls,156,0.8474215865135193,0.9202878475189209,4,0.4,1
EigenPlaces,msls,157,0.8124208450317383,0.9320865869522095,8,0.8,0
EigenPlaces,msls,158,0.8825897574424744,0.9212651252746582,10,1.0,0
EigenPlaces,msls,159,0.6689531803131104,0.8779587745666504,3,0.3,0
EigenPlaces,msls,160,0.3511684536933899,0.8219579458236694,1,0.1,0
EigenPlaces,msls,161,0.5690816044807434,0.8978033065795898,6,0.6,0
EigenPlaces,msls,162,0.73184734582901,0.8693113327026367,3,0.3,0
EigenPlaces,msls,163,0.6418449878692627,0.8655588030815125,5,0.5,0
EigenPlaces,msls,164,0.7881898880004883,0.9559096097946167,10,1.0,0
EigenPlaces,msls,165,0.718413233757019,0.8285220861434937,3,0.3,0
EigenPlaces,msls,166,0.9333971738815308,0.9058083891868591,8,0.8,0
EigenPlaces,msls,167,0.8566263914108276,0.9475206136703491,9,0.9,0
EigenPlaces,msls,168,0.788260817527771,0.9419082403182983,7,0.7,0
EigenPlaces,msls,169,0.7950465679168701,0.9488728046417236,6,0.6,1
EigenPlaces,msls,170,0.8536891937255859,0.905468225479126,7,0.7,0
EigenPlaces,msls,171,0.9204733371734619,0.9365350008010864,3,0.3,0
EigenPlaces,msls,172,0.6380187273025513,0.9076250791549683,4,0.4,0
EigenPlaces,msls,173,0.8600722551345825,0.9555913209915161,1,0.1,1
EigenPlaces,msls,174,0.6013237833976746,0.9341217279434204,3,0.3,1
EigenPlaces,msls,175,0.7100452184677124,0.9263190031051636,4,0.4,0
EigenPlaces,msls,176,0.6430397033691406,0.9538865685462952,5,0.5,0
EigenPlaces,msls,177,0.7999301552772522,0.9075870513916016,7,0.7,0
EigenPlaces,msls,178,0.8403704166412354,0.9250178337097168,0,0.0,1
EigenPlaces,msls,179,0.7638646364212036,0.9523067474365234,4,0.4,0
EigenPlaces,msls,180,0.851170539855957,0.9287731647491455,0,0.0,1
EigenPlaces,msls,181,0.6467596292495728,0.9356296062469482,4,0.4,1
EigenPlaces,msls,182,0.7277264595031738,0.9074903726577759,3,0.3,0
EigenPlaces,msls,183,0.7390782833099365,0.9158165454864502,7,0.7,0
EigenPlaces,msls,184,0.9202704429626465,0.9307839870452881,5,0.5,0
EigenPlaces,msls,185,0.7150006890296936,0.8382920026779175,5,0.5,0
EigenPlaces,msls,186,0.5175051093101501,0.9260380268096924,4,0.4,0
EigenPlaces,msls,187,0.8384378552436829,0.8885084390640259,1,0.1,0
EigenPlaces,msls,188,0.7936002612113953,0.901957631111145,8,0.8,0
EigenPlaces,msls,189,0.6751459836959839,0.9318540096282959,2,0.2,1
EigenPlaces,msls,190,0.7931771874427795,0.9295398592948914,7,0.7,0
EigenPlaces,msls,191,0.6533787250518799,0.9464616775512695,1,0.1,1
EigenPlaces,msls,192,0.7325965166091919,0.9024283289909363,4,0.4,1
EigenPlaces,msls,193,0.6453481912612915,0.9305264949798584,6,0.6,0
EigenPlaces,msls,194,0.740970253944397,0.908761739730835,9,0.9,0
EigenPlaces,msls,195,0.7797826528549194,0.9218435883522034,6,0.6,0
EigenPlaces,msls,196,0.6821311712265015,0.9699921607971191,7,0.7,1
EigenPlaces,msls,197,0.9393521547317505,0.8884848356246948,0,0.0,1
EigenPlaces,msls,198,0.8028639554977417,0.9131869077682495,6,0.6,1
EigenPlaces,msls,199,0.8012111186981201,0.9505224227905273,4,0.4,1
EigenPlaces,msls,200,0.7491226196289062,0.938700258731842,3,0.3,1
EigenPlaces,msls,201,0.9338446855545044,0.9330655336380005,6,0.6,0
EigenPlaces,msls,202,0.49536216259002686,0.9017502665519714,3,0.3,0
EigenPlaces,msls,203,0.7464615106582642,0.9526404142379761,9,0.9,0
EigenPlaces,msls,204,0.7477383017539978,0.9007463455200195,2,0.2,0
EigenPlaces,msls,205,0.7220127582550049,0.9015477895736694,5,0.5,0
EigenPlaces,msls,206,0.7859892845153809,0.9329752326011658,2,0.2,0
EigenPlaces,msls,207,0.7912307381629944,0.903089165687561,10,1.0,0
EigenPlaces,msls,208,0.7269377112388611,0.8939653038978577,10,1.0,0
EigenPlaces,msls,209,0.37846803665161133,0.7622729539871216,2,0.2,0
EigenPlaces,msls,210,0.6936347484588623,0.9172376394271851,5,0.5,1
EigenPlaces,msls,211,0.8010257482528687,0.9369854927062988,8,0.8,0
EigenPlaces,msls,212,0.8460962772369385,0.9075113534927368,4,0.4,0
EigenPlaces,msls,213,0.9149062633514404,0.8976179361343384,0,0.0,1
EigenPlaces,msls,214,0.73296719789505,0.9126580953598022,5,0.5,0
EigenPlaces,msls,215,0.801558256149292,0.9500402212142944,5,0.5,0
EigenPlaces,msls,216,0.7947070598602295,0.9432106018066406,0,0.0,1
EigenPlaces,msls,217,0.7801510095596313,0.9349762201309204,3,0.3,0
EigenPlaces,msls,218,0.9165680408477783,0.9231554269790649,0,0.0,1
EigenPlaces,msls,219,0.9535188674926758,0.9028921723365784,7,0.7,1
EigenPlaces,msls,220,0.7516330480575562,0.9600759744644165,9,0.9,0
EigenPlaces,msls,221,0.6639344692230225,0.9093612432479858,2,0.2,1
EigenPlaces,msls,222,0.7405427098274231,0.9261919260025024,5,0.5,0
EigenPlaces,msls,223,0.9349850416183472,0.9283028841018677,1,0.1,0
EigenPlaces,msls,224,0.8815950155258179,0.9221941232681274,10,1.0,0
EigenPlaces,msls,225,0.8051574230194092,0.8984115719795227,8,0.8,0
EigenPlaces,msls,226,0.5191352367401123,0.9270848035812378,6,0.6,0
EigenPlaces,msls,227,0.7772954106330872,0.9465372562408447,10,1.0,0
EigenPlaces,msls,228,0.6864709854125977,0.9299414157867432,10,1.0,0
EigenPlaces,msls,229,0.6508848667144775,0.9121676087379456,4,0.4,0
EigenPlaces,msls,230,0.9355229139328003,0.9128074645996094,3,0.3,0
EigenPlaces,msls,231,0.7472661733627319,0.8967915773391724,7,0.7,0
EigenPlaces,msls,232,0.5584276914596558,0.9150468707084656,2,0.2,1
EigenPlaces,msls,233,0.7428637742996216,0.9249311685562134,2,0.2,1
EigenPlaces,msls,234,0.7600526213645935,0.893906831741333,10,1.0,0
EigenPlaces,msls,235,0.4652577042579651,0.8137212991714478,3,0.3,0
EigenPlaces,msls,236,0.847506046295166,0.923477828502655,7,0.7,0
EigenPlaces,msls,237,0.7895563840866089,0.9134236574172974,8,0.8,0
EigenPlaces,msls,238,0.7280266284942627,0.9572165608406067,8,0.8,0
EigenPlaces,msls,239,0.8824186325073242,0.9576244950294495,9,0.9,0
EigenPlaces,msls,240,0.7600363492965698,0.9411813616752625,10,1.0,0
EigenPlaces,msls,241,0.5859469175338745,0.9403444528579712,4,0.4,0
EigenPlaces,msls,242,0.813385546207428,0.9317456483840942,10,1.0,0
EigenPlaces,msls,243,0.8409073948860168,0.929742693901062,10,1.0,0
EigenPlaces,msls,244,0.6768656969070435,0.9123684167861938,4,0.4,0
EigenPlaces,msls,245,0.9057086110115051,0.9449453353881836,0,0.0,1
EigenPlaces,msls,246,0.6962270736694336,0.9680624008178711,3,0.3,1
EigenPlaces,msls,247,0.8956551551818848,0.9425316452980042,0,0.0,1
EigenPlaces,msls,248,0.6780006885528564,0.9139198660850525,6,0.6,0
EigenPlaces,msls,249,0.9555104374885559,0.8959261775016785,0,0.0,1
EigenPlaces,msls,250,0.5292266011238098,0.8784244060516357,4,0.4,0
EigenPlaces,msls,251,0.7511031627655029,0.8993566036224365,5,0.5,0
EigenPlaces,msls,252,0.758720874786377,0.9732955694198608,8,0.8,1
EigenPlaces,msls,253,0.8088921308517456,0.9059118032455444,10,1.0,0
EigenPlaces,msls,254,0.8065047264099121,0.9416328072547913,5,0.5,0
EigenPlaces,msls,255,0.9022344946861267,0.9259324073791504,10,1.0,0
EigenPlaces,msls,256,0.9219477772712708,0.9285727739334106,0,0.0,1
EigenPlaces,msls,257,0.8928489685058594,0.9268428087234497,4,0.4,0
EigenPlaces,msls,258,0.6816709637641907,0.9329339265823364,3,0.3,0
EigenPlaces,msls,259,0.7395660877227783,0.9324697256088257,2,0.2,0
EigenPlaces,msls,260,0.7281879186630249,0.8976806998252869,2,0.2,1
EigenPlaces,msls,261,0.8062839508056641,0.9180333614349365,4,0.4,1
EigenPlaces,msls,262,0.7833781242370605,0.9129871129989624,7,0.7,0
EigenPlaces,msls,263,0.7676203846931458,0.9391418695449829,6,0.6,0
EigenPlaces,msls,264,0.5704437494277954,0.9151735305786133,2,0.2,0
EigenPlaces,msls,265,0.7879214286804199,0.9435797929763794,2,0.2,1
EigenPlaces,msls,266,0.9730186462402344,0.9311947822570801,0,0.0,1
EigenPlaces,msls,267,0.8778612613677979,0.910854697227478,2,0.2,1
EigenPlaces,msls,268,0.8483705520629883,0.9562255144119263,7,0.7,0
EigenPlaces,msls,269,0.9096064567565918,0.9657220840454102,0,0.0,1
EigenPlaces,msls,270,0.43573153018951416,0.8363739848136902,3,0.3,0
EigenPlaces,msls,271,0.9083772301673889,0.9266425371170044,0,0.0,1
EigenPlaces,msls,272,0.8138734102249146,0.9233800768852234,2,0.2,0
EigenPlaces,msls,273,0.6522790193557739,0.9462251663208008,6,0.6,0
EigenPlaces,msls,274,0.6057607531547546,0.9292153120040894,3,0.3,0
EigenPlaces,msls,275,0.6266515254974365,0.9216147661209106,2,0.2,1
EigenPlaces,msls,276,0.8324471712112427,0.8944445252418518,3,0.3,0
EigenPlaces,msls,277,0.7350500822067261,0.8871833086013794,6,0.6,0
EigenPlaces,msls,278,0.5758126974105835,0.9536880850791931,6,0.6,1
EigenPlaces,msls,279,0.6781423091888428,0.9130581617355347,3,0.3,1
EigenPlaces,msls,280,0.7415012717247009,0.883008599281311,7,0.7,0
EigenPlaces,msls,281,0.7961350679397583,0.9099048376083374,10,1.0,0
EigenPlaces,msls,282,0.6782642602920532,0.8443986177444458,5,0.5,0
EigenPlaces,msls,283,0.7736502885818481,0.9083172082901001,10,1.0,0
EigenPlaces,msls,284,0.7059364318847656,0.9078553915023804,4,0.4,0
EigenPlaces,msls,285,0.48031407594680786,0.9021733999252319,2,0.2,0
EigenPlaces,msls,286,0.9670957326889038,0.9611650705337524,1,0.1,1
EigenPlaces,msls,287,0.7531278729438782,0.93985915184021,8,0.8,0
EigenPlaces,msls,288,0.8316038250923157,0.8876951932907104,10,1.0,0
EigenPlaces,msls,289,0.744324803352356,0.8960980176925659,7,0.7,0
EigenPlaces,msls,290,0.9159305691719055,0.9378683567047119,9,0.9,0
EigenPlaces,msls,291,0.7298814058303833,0.9271360635757446,6,0.6,0
EigenPlaces,msls,292,0.9201741218566895,0.9349123239517212,10,1.0,0
EigenPlaces,msls,293,0.7299166917800903,0.9395496249198914,3,0.3,0
EigenPlaces,msls,294,0.9049829840660095,0.7222090363502502,1,0.1,0
EigenPlaces,msls,295,0.9379245042800903,0.94459068775177,4,0.4,1
EigenPlaces,msls,296,0.6941646933555603,0.9298062324523926,5,0.5,0
EigenPlaces,msls,297,0.8649238348007202,0.9495476484298706,4,0.4,0
EigenPlaces,msls,298,0.9685422778129578,0.9103530645370483,10,1.0,0
EigenPlaces,msls,299,0.8337337374687195,0.951382040977478,10,1.0,0
EigenPlaces,msls,300,0.8467958569526672,0.8560212850570679,3,0.3,0
EigenPlaces,msls,301,0.6749647855758667,0.960888147354126,6,0.6,0
EigenPlaces,msls,302,0.5567389726638794,0.941059947013855,2,0.2,1
EigenPlaces,msls,303,0.8820251226425171,0.9315677285194397,0,0.0,1
EigenPlaces,msls,304,0.5859447717666626,0.9333359003067017,3,0.3,1
EigenPlaces,msls,305,0.777941107749939,0.9484260082244873,10,1.0,0
EigenPlaces,msls,306,0.5014742016792297,0.8887834548950195,6,0.6,0
EigenPlaces,msls,307,0.6163896322250366,0.9272722005844116,7,0.7,0
EigenPlaces,msls,308,0.5085573196411133,0.8912484645843506,2,0.2,0
EigenPlaces,msls,309,0.9232475757598877,0.9110019207000732,6,0.6,0
EigenPlaces,msls,310,0.6946051120758057,0.9266912937164307,2,0.2,0
EigenPlaces,msls,311,0.6141830682754517,0.9371658563613892,5,0.5,0
EigenPlaces,msls,312,0.6027776002883911,0.9323563575744629,3,0.3,1
EigenPlaces,msls,313,0.9111194610595703,0.9343574047088623,3,0.3,0
EigenPlaces,msls,314,0.8745630383491516,0.9472615718841553,8,0.8,0
EigenPlaces,msls,315,0.9480143785476685,0.9099717140197754,4,0.4,1
EigenPlaces,msls,316,0.7988892793655396,0.928501546382904,2,0.2,0
EigenPlaces,msls,317,0.910210132598877,0.925559401512146,0,0.0,1
EigenPlaces,msls,318,0.7589186429977417,0.9345148801803589,2,0.2,1
EigenPlaces,msls,319,0.6773372888565063,0.9080319404602051,7,0.7,0
EigenPlaces,msls,320,0.9079152345657349,0.9676082134246826,3,0.3,1
EigenPlaces,msls,321,0.798170804977417,0.931286633014679,5,0.5,0
EigenPlaces,msls,322,0.8333452939987183,0.8953409194946289,3,0.3,0
EigenPlaces,msls,323,0.7450820207595825,0.9279667139053345,2,0.2,1
EigenPlaces,msls,324,0.7198014259338379,0.903091311454773,9,0.9,0
EigenPlaces,msls,325,0.6862097978591919,0.9640153646469116,4,0.4,0
EigenPlaces,msls,326,0.7526997923851013,0.9492611885070801,5,0.5,1
EigenPlaces,msls,327,0.8628566265106201,0.9442909955978394,3,0.3,0
EigenPlaces,msls,328,0.7077151536941528,0.7873373627662659,3,0.3,0
EigenPlaces,msls,329,0.8460859060287476,0.940796971321106,2,0.2,1
EigenPlaces,msls,330,0.8253136873245239,0.9398671984672546,4,0.4,1
EigenPlaces,msls,331,0.904647171497345,0.9265110492706299,2,0.2,1
EigenPlaces,msls,332,0.7585479617118835,0.9457861185073853,5,0.5,0
EigenPlaces,msls,333,0.8635784387588501,0.8954625129699707,3,0.3,1
EigenPlaces,msls,334,0.7427716255187988,0.8716452717781067,5,0.5,0
EigenPlaces,msls,335,0.5919373631477356,0.8531836271286011,5,0.5,0
EigenPlaces,msls,336,0.6473218202590942,0.8830597996711731,6,0.6,0
EigenPlaces,msls,337,0.6652274131774902,0.9216626882553101,9,0.9,0
EigenPlaces,msls,338,0.7373211979866028,0.9584435224533081,4,0.4,1
EigenPlaces,msls,339,0.4954032897949219,0.8607548475265503,3,0.3,0
EigenPlaces,msls,340,0.7831533551216125,0.8348311185836792,3,0.3,0
EigenPlaces,msls,341,0.7579043507575989,0.9583238363265991,4,0.4,1
EigenPlaces,msls,342,0.6160215139389038,0.8999074697494507,3,0.3,0
EigenPlaces,msls,343,0.4616120755672455,0.8464517593383789,3,0.3,0
EigenPlaces,msls,344,0.7919955849647522,0.9102562665939331,3,0.3,0
EigenPlaces,msls,345,0.745893120765686,0.9048856496810913,9,0.9,0
EigenPlaces,msls,346,0.4428492784500122,0.8817113637924194,5,0.5,0
EigenPlaces,msls,347,0.5253771543502808,0.9067350625991821,5,0.5,0
EigenPlaces,msls,348,0.6662745475769043,0.850619912147522,6,0.6,0
EigenPlaces,msls,349,0.8172789812088013,0.8991206288337708,1,0.1,0
EigenPlaces,msls,350,0.8438050150871277,0.9128888845443726,5,0.5,1
EigenPlaces,msls,351,0.5117791891098022,0.9494216442108154,3,0.3,1
EigenPlaces,msls,352,0.4973676800727844,0.8954861164093018,5,0.5,0
EigenPlaces,msls,353,0.5095511674880981,0.8524713516235352,2,0.2,0
EigenPlaces,msls,354,0.7307273745536804,0.9207063913345337,3,0.3,0
EigenPlaces,msls,355,0.550315260887146,0.9241708517074585,5,0.5,0
EigenPlaces,msls,356,0.6089464426040649,0.9352231621742249,3,0.3,0
EigenPlaces,msls,357,0.6834695339202881,0.9617011547088623,3,0.3,1
EigenPlaces,msls,358,0.569914698600769,0.9425007104873657,5,0.5,0
EigenPlaces,msls,359,0.8361635804176331,0.8922035694122314,2,0.2,1
EigenPlaces,msls,360,0.5699620246887207,0.8886864185333252,5,0.5,0
EigenPlaces,msls,361,0.909449577331543,0.9454677104949951,1,0.1,1
EigenPlaces,msls,362,0.4927428066730499,0.9311950206756592,5,0.5,0
EigenPlaces,msls,363,0.4400612711906433,0.8283644914627075,1,0.1,0
EigenPlaces,msls,364,0.5992448329925537,0.926026463508606,0,0.0,1
EigenPlaces,msls,365,0.729320764541626,0.9453723430633545,9,0.9,0
EigenPlaces,msls,366,0.49764031171798706,0.8957363367080688,3,0.3,0
EigenPlaces,msls,367,0.8692612648010254,0.9713685512542725,10,1.0,0
EigenPlaces,msls,368,0.2980976104736328,0.8868250846862793,2,0.2,1
EigenPlaces,msls,369,0.5453665256500244,0.9112609624862671,2,0.2,0
EigenPlaces,msls,370,0.7099665999412537,0.9100542068481445,2,0.2,1
EigenPlaces,msls,371,0.3420368432998657,0.9282360076904297,2,0.2,0
EigenPlaces,msls,372,0.46714282035827637,0.8829244375228882,5,0.5,0
EigenPlaces,msls,373,0.4321720004081726,0.9163262844085693,1,0.1,1
EigenPlaces,msls,374,0.3727110028266907,0.9202341437339783,1,0.1,0
EigenPlaces,msls,375,0.4408026337623596,0.8921725749969482,4,0.4,0
EigenPlaces,msls,376,0.6639963388442993,0.8683727979660034,2,0.2,0
EigenPlaces,msls,377,0.5724086761474609,0.9214178323745728,2,0.2,0
EigenPlaces,msls,378,0.4910392463207245,0.9371285438537598,3,0.3,0
EigenPlaces,msls,379,0.7212806940078735,0.9519026875495911,10,1.0,0
EigenPlaces,msls,380,0.557960569858551,0.8654031753540039,4,0.4,0
EigenPlaces,msls,381,0.3970462679862976,0.9393989443778992,4,0.4,0
EigenPlaces,msls,382,0.6347866654396057,0.9305116534233093,5,0.5,0
EigenPlaces,msls,383,0.5710827112197876,0.8874263763427734,4,0.4,0
EigenPlaces,msls,384,0.41576454043388367,0.9369981288909912,2,0.2,0
EigenPlaces,msls,385,0.6780897378921509,0.893791913986206,1,0.1,0
EigenPlaces,msls,386,0.5432342886924744,0.9480416774749756,6,0.6,0
EigenPlaces,msls,387,0.6770926117897034,0.924207329750061,7,0.7,0
EigenPlaces,msls,388,0.800395131111145,0.9304959774017334,10,1.0,0
EigenPlaces,msls,389,0.767457127571106,0.9656020402908325,9,0.9,0
EigenPlaces,msls,390,0.8916523456573486,0.9415383338928223,9,0.9,0
EigenPlaces,msls,391,0.6387535333633423,0.9674947261810303,3,0.3,1
EigenPlaces,msls,392,0.5088584423065186,0.9169061779975891,5,0.5,0
EigenPlaces,msls,393,0.3474711775779724,0.9149413108825684,3,0.3,0
EigenPlaces,msls,394,0.6050658226013184,0.8810787200927734,1,0.1,0
EigenPlaces,msls,395,0.6051927804946899,0.9820127487182617,7,0.7,0
EigenPlaces,msls,396,0.4026453495025635,0.9626456499099731,3,0.3,0
EigenPlaces,msls,397,0.5703487396240234,0.8878008127212524,8,0.8,0
EigenPlaces,msls,398,0.6597652435302734,0.8824182748794556,6,0.6,0
EigenPlaces,msls,399,0.5690562725067139,0.9562316536903381,2,0.2,1
EigenPlaces,msls,400,0.6689741015434265,0.9416358470916748,6,0.6,0
EigenPlaces,msls,401,0.6449956893920898,0.9389762878417969,3,0.3,1
EigenPlaces,msls,402,0.723263144493103,0.9423726797103882,7,0.7,0
EigenPlaces,msls,403,0.4747987985610962,0.9088022708892822,6,0.6,0
EigenPlaces,msls,404,0.7417314052581787,0.9722887873649597,7,0.7,1
EigenPlaces,msls,405,0.7352544069290161,0.9492913484573364,6,0.6,0
EigenPlaces,msls,406,0.4794042110443115,0.9570248126983643,4,0.4,1
EigenPlaces,msls,407,0.42459672689437866,0.8381725549697876,5,0.5,0
EigenPlaces,msls,408,0.961499810218811,0.9479396343231201,10,1.0,0
EigenPlaces,msls,409,0.48066264390945435,0.9414248466491699,4,0.4,0
EigenPlaces,msls,410,0.44283387064933777,0.9151709079742432,5,0.5,0
EigenPlaces,msls,411,0.4194374084472656,0.9074109792709351,4,0.4,0
EigenPlaces,msls,412,0.555168867111206,0.9505906105041504,4,0.4,0
EigenPlaces,msls,413,0.8171643614768982,0.9411565661430359,6,0.6,0
EigenPlaces,msls,414,0.5795303583145142,0.9461259841918945,4,0.4,1
EigenPlaces,msls,415,0.8120988607406616,0.9532375931739807,10,1.0,0
EigenPlaces,msls,416,0.7349495887756348,0.9039690494537354,2,0.2,1
EigenPlaces,msls,417,0.34281468391418457,0.8308227062225342,2,0.2,0
EigenPlaces,msls,418,0.8218566179275513,0.940044641494751,9,0.9,0
EigenPlaces,msls,419,0.6336308717727661,0.9112193584442139,7,0.7,1
EigenPlaces,msls,420,0.43417853116989136,0.9424607753753662,6,0.6,0
EigenPlaces,msls,421,0.7760791182518005,0.9040744304656982,3,0.3,0
EigenPlaces,msls,422,0.651981770992279,0.8674265146255493,2,0.2,0
EigenPlaces,msls,423,0.4845694303512573,0.9351164698600769,5,0.5,0
EigenPlaces,msls,424,0.4299386739730835,0.8221995830535889,5,0.5,0
EigenPlaces,msls,425,0.9229333996772766,0.9389596581459045,4,0.4,0
EigenPlaces,msls,426,0.579197883605957,0.8580805063247681,3,0.3,0
EigenPlaces,msls,427,0.504141092300415,0.8110520243644714,2,0.2,1
EigenPlaces,msls,428,0.7218359708786011,0.8864724636077881,2,0.2,1
EigenPlaces,msls,429,0.7930830717086792,0.9342101216316223,10,1.0,0
EigenPlaces,msls,430,0.5260018110275269,0.8637824058532715,1,0.1,0
EigenPlaces,msls,431,0.4698455333709717,0.8495503664016724,10,1.0,0
EigenPlaces,msls,432,0.5482925176620483,0.8950107097625732,3,0.3,1
EigenPlaces,msls,433,0.32962101697921753,0.8392808437347412,3,0.3,0
EigenPlaces,msls,434,0.5547126531600952,0.9387623071670532,7,0.7,0
EigenPlaces,msls,435,0.8125780820846558,0.8189955949783325,10,1.0,0
EigenPlaces,msls,436,0.43824225664138794,0.9448668956756592,3,0.3,1
EigenPlaces,msls,437,0.9318479299545288,0.9586678743362427,1,0.1,1
EigenPlaces,msls,438,0.40260493755340576,0.775449275970459,1,0.1,0
EigenPlaces,msls,439,0.5221544504165649,0.9277263283729553,5,0.5,1
EigenPlaces,msls,440,0.5248147249221802,0.9218724370002747,7,0.7,0
EigenPlaces,msls,441,0.6840765476226807,0.9605857133865356,8,0.8,0
EigenPlaces,msls,442,0.5071033835411072,0.8784851431846619,2,0.2,1
EigenPlaces,msls,443,0.5177379250526428,0.8379415273666382,6,0.6,0
EigenPlaces,msls,444,0.33890438079833984,0.8894470930099487,2,0.2,0
EigenPlaces,msls,445,0.6549370288848877,0.949951171875,6,0.6,0
EigenPlaces,msls,446,0.8299193382263184,0.9451560974121094,1,0.1,1
EigenPlaces,msls,447,0.8201388120651245,0.901561439037323,7,0.7,0
EigenPlaces,msls,448,0.3893994390964508,0.7900407910346985,4,0.4,0
EigenPlaces,msls,449,0.5060210227966309,0.9086697101593018,4,0.4,0
EigenPlaces,msls,450,0.5282854437828064,0.906273603439331,3,0.3,0
EigenPlaces,msls,451,0.6865552663803101,0.9220579862594604,3,0.3,1
EigenPlaces,msls,452,0.469990074634552,0.9252752065658569,4,0.4,1
EigenPlaces,msls,453,0.646111011505127,0.9590693712234497,3,0.3,1
EigenPlaces,msls,454,0.4475974440574646,0.8830406069755554,6,0.6,0
EigenPlaces,msls,455,0.5375779867172241,0.9212484359741211,7,0.7,0
EigenPlaces,msls,456,0.39380231499671936,0.9403496980667114,3,0.3,0
EigenPlaces,msls,457,0.8824741840362549,0.9198235273361206,4,0.4,1
EigenPlaces,msls,458,0.5469166040420532,0.960044264793396,6,0.6,0
EigenPlaces,msls,459,0.6231951713562012,0.9096376299858093,2,0.2,1
EigenPlaces,msls,460,0.3604584336280823,0.9305151700973511,2,0.2,0
EigenPlaces,msls,461,0.5896410942077637,0.9046701192855835,1,0.1,1
EigenPlaces,msls,462,0.4476739764213562,0.890340268611908,3,0.3,0
EigenPlaces,msls,463,0.9068143963813782,0.9511247277259827,10,1.0,0
EigenPlaces,msls,464,0.9508364796638489,0.9636045694351196,10,1.0,0
EigenPlaces,msls,465,0.7863720655441284,0.9113638997077942,6,0.6,0
EigenPlaces,msls,466,0.5587959289550781,0.9476942420005798,10,1.0,0
EigenPlaces,msls,467,0.5076131224632263,0.9168615341186523,4,0.4,0
EigenPlaces,msls,468,0.4767491817474365,0.8911340832710266,4,0.4,0
EigenPlaces,msls,469,0.7308937311172485,0.9128558039665222,0,0.0,1
EigenPlaces,msls,470,0.654097318649292,0.9141972064971924,6,0.6,0
EigenPlaces,msls,471,0.7182582020759583,0.9565635919570923,7,0.7,0
EigenPlaces,msls,472,0.8259961605072021,0.9327888488769531,6,0.6,1
EigenPlaces,msls,473,0.858527660369873,0.9336613416671753,3,0.3,0
EigenPlaces,msls,474,0.7505990862846375,0.8853000402450562,7,0.7,0
EigenPlaces,msls,475,0.5163202881813049,0.8563647270202637,2,0.2,0
EigenPlaces,msls,476,0.7489237785339355,0.9280720353126526,5,0.5,0
EigenPlaces,msls,477,0.8216776847839355,0.9004857540130615,10,1.0,0
EigenPlaces,msls,478,0.8591864705085754,0.9093027114868164,10,1.0,0
EigenPlaces,msls,479,0.627423882484436,0.9559524059295654,6,0.6,0
EigenPlaces,msls,480,0.7263109683990479,0.9590929746627808,10,1.0,0
EigenPlaces,msls,481,0.6185657382011414,0.9395875930786133,4,0.4,0
EigenPlaces,msls,482,0.8001067638397217,0.9155285358428955,4,0.4,0
EigenPlaces,msls,483,0.5227460861206055,0.8845735192298889,4,0.4,0
EigenPlaces,msls,484,0.8976668119430542,0.9176616668701172,10,1.0,0
EigenPlaces,msls,485,0.5684189796447754,0.8865774273872375,5,0.5,1
EigenPlaces,msls,486,0.6773813962936401,0.875885546207428,5,0.5,0
EigenPlaces,msls,487,0.6511752605438232,0.9714605808258057,5,0.5,0
EigenPlaces,msls,488,0.685513436794281,0.9387636780738831,3,0.3,0
EigenPlaces,msls,489,0.6468183994293213,0.9166266918182373,9,0.9,0
EigenPlaces,msls,490,0.9096077084541321,0.9349335432052612,9,0.9,0
EigenPlaces,msls,491,0.8179933428764343,0.9239509105682373,8,0.8,0
EigenPlaces,msls,492,0.8953958749771118,0.9215401411056519,10,1.0,0
EigenPlaces,msls,493,0.7154792547225952,0.9254893660545349,5,0.5,0
EigenPlaces,msls,494,0.5064149498939514,0.934984564781189,2,0.2,1
EigenPlaces,msls,495,0.3996317386627197,0.9093551635742188,4,0.4,0
EigenPlaces,msls,496,0.7089269757270813,0.9144079089164734,5,0.5,0
EigenPlaces,msls,497,0.562772810459137,0.9024947285652161,2,0.2,0
EigenPlaces,msls,498,0.7677737474441528,0.8654952645301819,3,0.3,0
EigenPlaces,msls,499,0.9484536647796631,0.9699445962905884,8,0.8,0
EigenPlaces,msls,500,0.8397257924079895,0.8596277236938477,0,0.0,1
EigenPlaces,msls,501,0.7977547645568848,0.906600832939148,8,0.8,0
EigenPlaces,msls,502,0.7415622472763062,0.9502522945404053,7,0.7,0
EigenPlaces,msls,503,0.7150239944458008,0.8885269165039062,6,0.6,0
EigenPlaces,msls,504,0.4546736180782318,0.9208495616912842,7,0.7,0
EigenPlaces,msls,505,0.8412148952484131,0.9466718435287476,10,1.0,0
EigenPlaces,msls,506,0.9749346375465393,0.9398902654647827,0,0.0,1
EigenPlaces,msls,507,0.970716118812561,0.8810348510742188,4,0.4,0
EigenPlaces,msls,508,0.5389642715454102,0.9223407506942749,5,0.5,0
EigenPlaces,msls,509,0.8758918046951294,0.9606643915176392,8,0.8,0
EigenPlaces,msls,510,0.7229007482528687,0.9580799341201782,5,0.5,1
EigenPlaces,msls,511,0.7719061374664307,0.8950713872909546,9,0.9,0
EigenPlaces,msls,512,0.7108681797981262,0.9618419408798218,5,0.5,1
EigenPlaces,msls,513,0.3301822543144226,0.8694280385971069,2,0.2,0
EigenPlaces,msls,514,0.6671231985092163,0.9330997467041016,5,0.5,0
EigenPlaces,msls,515,0.7845367193222046,0.9447340965270996,2,0.2,1
EigenPlaces,msls,516,0.9317103624343872,0.913109540939331,6,0.6,1
EigenPlaces,msls,517,0.5239868760108948,0.7400379180908203,3,0.3,0
EigenPlaces,nordland,0,0.7412573099136353,0.8980435729026794,2,0.2,1
EigenPlaces,nordland,1,0.8497715592384338,0.9042955636978149,3,0.3,1
EigenPlaces,nordland,2,0.7702350616455078,0.8027386665344238,3,0.3,0
EigenPlaces,nordland,3,0.9024577736854553,0.7535902261734009,1,0.1,1
EigenPlaces,nordland,4,0.7499681711196899,0.9313907623291016,4,0.4,0
EigenPlaces,nordland,5,0.8106377124786377,0.8570395708084106,3,0.3,0
EigenPlaces,nordland,6,0.7611559629440308,0.9266870021820068,2,0.2,1
EigenPlaces,nordland,7,0.5315530300140381,0.9155087471008301,7,0.7,1
EigenPlaces,nordland,8,0.7919085025787354,0.8575559258460999,6,0.6,1
EigenPlaces,nordland,9,0.8574883341789246,0.8489563465118408,5,0.5,1
EigenPlaces,nordland,10,0.7413387894630432,0.8889974355697632,4,0.4,0
EigenPlaces,nordland,11,0.8955652713775635,0.9522644281387329,4,0.4,1
EigenPlaces,nordland,12,0.7281113862991333,0.8519127368927002,4,0.4,0
EigenPlaces,nordland,13,0.8282212018966675,0.8996034860610962,4,0.4,0
EigenPlaces,nordland,14,0.8133736848831177,0.821440577507019,2,0.2,1
EigenPlaces,nordland,15,0.7327237725257874,0.8693685531616211,2,0.2,0
EigenPlaces,nordland,16,0.8123683929443359,0.821415901184082,2,0.2,1
EigenPlaces,nordland,17,0.7241166830062866,0.8642053604125977,1,0.1,1
EigenPlaces,nordland,18,0.8982065916061401,0.8918323516845703,2,0.2,1
EigenPlaces,nordland,19,0.792162299156189,0.8786932229995728,2,0.2,1
EigenPlaces,nordland,20,0.9279099702835083,0.777362048625946,2,0.2,1
EigenPlaces,nordland,21,0.6921035051345825,0.803966224193573,3,0.3,1
EigenPlaces,nordland,22,0.8946933150291443,0.9623034000396729,6,0.6,0
EigenPlaces,nordland,23,0.7500280141830444,0.9216443300247192,1,0.1,1
EigenPlaces,nordland,24,0.8217145800590515,0.8974777460098267,2,0.2,1
EigenPlaces,nordland,25,0.9249666929244995,0.8667092323303223,0,0.0,1
EigenPlaces,nordland,26,0.9060522317886353,0.8586903810501099,2,0.2,1
EigenPlaces,nordland,27,0.9386153221130371,0.9495240449905396,2,0.2,1
EigenPlaces,nordland,28,0.8328045606613159,0.9706505537033081,3,0.3,1
EigenPlaces,nordland,29,0.7703219652175903,0.8359223008155823,4,0.4,0
EigenPlaces,nordland,30,0.8177847266197205,0.895634651184082,4,0.4,0
EigenPlaces,nordland,31,0.9259088039398193,0.9006116986274719,3,0.3,1
EigenPlaces,nordland,32,0.8375346660614014,0.8544657230377197,4,0.4,0
EigenPlaces,nordland,33,0.8044395446777344,0.8831587433815002,2,0.2,1
EigenPlaces,nordland,34,0.8951591849327087,0.9421657919883728,3,0.3,0
EigenPlaces,nordland,35,0.8838567733764648,0.8929790258407593,3,0.3,1
EigenPlaces,nordland,36,0.7130720615386963,0.9210742712020874,1,0.1,1
EigenPlaces,nordland,37,0.851314902305603,0.8851276636123657,1,0.1,1
EigenPlaces,nordland,38,0.7898939847946167,0.8650052547454834,3,0.3,1
EigenPlaces,nordland,39,0.8870532512664795,0.8710048794746399,0,0.0,1
EigenPlaces,nordland,40,0.8505601286888123,0.8434107303619385,2,0.2,1
EigenPlaces,nordland,41,0.8072079420089722,0.9530216455459595,3,0.3,0
EigenPlaces,nordland,42,0.8320286870002747,0.9506609439849854,2,0.2,1
EigenPlaces,nordland,43,0.8043285608291626,0.9322025775909424,3,0.3,1
EigenPlaces,nordland,44,0.8168137073516846,0.9547443389892578,5,0.5,1
EigenPlaces,nordland,45,0.847553014755249,0.9556251764297485,3,0.3,1
EigenPlaces,nordland,46,0.830673098564148,0.9315439462661743,2,0.2,1
EigenPlaces,nordland,47,0.908515214920044,0.7668696641921997,5,0.5,1
EigenPlaces,nordland,48,0.9095771312713623,0.862377941608429,3,0.3,1
EigenPlaces,nordland,49,0.9456819295883179,0.9314196109771729,0,0.0,1
EigenPlaces,nordland,50,0.7925915718078613,0.9074708223342896,0,0.0,1
EigenPlaces,nordland,51,0.6625807881355286,0.810583233833313,0,0.0,1
EigenPlaces,nordland,52,0.6864136457443237,0.9111545085906982,0,0.0,1
EigenPlaces,nordland,53,0.7737666368484497,0.7917512655258179,1,0.1,0
EigenPlaces,nordland,54,0.9369053840637207,0.9382508993148804,1,0.1,1
EigenPlaces,nordland,55,0.8255947828292847,0.9435162544250488,4,0.4,0
EigenPlaces,nordland,56,0.8112236261367798,0.9410022497177124,2,0.2,0
EigenPlaces,nordland,57,0.8337212204933167,0.9258276224136353,1,0.1,1
EigenPlaces,nordland,58,0.745521068572998,0.9326233863830566,2,0.2,1
EigenPlaces,nordland,59,0.7419716119766235,0.8390300273895264,1,0.1,1
EigenPlaces,nordland,60,0.6867616176605225,0.8784592151641846,1,0.1,1
EigenPlaces,nordland,61,0.7077099084854126,0.7595484256744385,2,0.2,1
EigenPlaces,nordland,62,0.6099449396133423,0.7968283891677856,1,0.1,1
EigenPlaces,nordland,63,0.8863636255264282,0.8257392644882202,0,0.0,1
EigenPlaces,nordland,64,0.8316518068313599,0.8558590412139893,3,0.3,0
EigenPlaces,nordland,65,0.876663088798523,0.9341921806335449,2,0.2,1
EigenPlaces,nordland,66,0.7550674080848694,0.9358402490615845,5,0.5,1
EigenPlaces,nordland,67,0.8445343375205994,0.899124264717102,0,0.0,1
EigenPlaces,nordland,68,0.8851684331893921,0.9067879319190979,0,0.0,1
EigenPlaces,nordland,69,0.8572039604187012,0.9260139465332031,0,0.0,1
EigenPlaces,nordland,70,0.6772825717926025,0.9393391013145447,0,0.0,1
EigenPlaces,nordland,71,0.5956358909606934,0.9433494210243225,0,0.0,1
EigenPlaces,nordland,72,0.6731197834014893,0.9553011655807495,1,0.1,1
EigenPlaces,nordland,73,0.8841910362243652,0.8737525343894958,1,0.1,1
EigenPlaces,nordland,74,0.8937698602676392,0.901048481464386,0,0.0,1
EigenPlaces,nordland,75,0.8066951036453247,0.7943590879440308,0,0.0,1
EigenPlaces,nordland,76,0.7967281937599182,0.9134038686752319,0,0.0,1
EigenPlaces,nordland,77,0.9018182754516602,0.8551912307739258,4,0.4,1
EigenPlaces,nordland,78,0.8946658372879028,0.8816806077957153,0,0.0,1
EigenPlaces,nordland,79,0.8831181526184082,0.890440821647644,0,0.0,1
EigenPlaces,nordland,80,0.8903762698173523,0.9185836315155029,0,0.0,1
EigenPlaces,nordland,81,0.8714724779129028,0.9556276798248291,0,0.0,1
EigenPlaces,nordland,82,0.8130083084106445,0.9343440532684326,0,0.0,1
EigenPlaces,nordland,83,0.9376049041748047,0.9609948992729187,1,0.1,1
EigenPlaces,nordland,84,0.9231405258178711,0.8557530641555786,1,0.1,1
EigenPlaces,nordland,85,0.8825581073760986,0.8773714303970337,0,0.0,1
EigenPlaces,nordland,86,0.787140965461731,0.9757428765296936,0,0.0,1
EigenPlaces,nordland,87,0.5570428371429443,0.8957566618919373,0,0.0,1
EigenPlaces,nordland,88,0.7818747162818909,0.8839941620826721,3,0.3,1
EigenPlaces,nordland,89,0.7021886110305786,0.9281636476516724,0,0.0,1
EigenPlaces,nordland,90,0.6200306415557861,0.9198293685913086,0,0.0,1
EigenPlaces,nordland,91,0.6610440015792847,0.9539458751678467,0,0.0,1
EigenPlaces,nordland,92,0.6890286803245544,0.817013680934906,0,0.0,1
EigenPlaces,nordland,93,0.8211023211479187,0.817013680934906,0,0.0,1
EigenPlaces,nordland,94,0.8585793972015381,0.9231998920440674,5,0.5,1
EigenPlaces,nordland,95,0.8056496977806091,0.778221845626831,0,0.0,1
EigenPlaces,nordland,96,0.9284670352935791,0.9486719369888306,3,0.3,1
EigenPlaces,nordland,97,0.8885528445243835,0.9947062730789185,5,0.5,0
EigenPlaces,nordland,98,0.8516277074813843,0.8045055270195007,7,0.7,1
EigenPlaces,nordland,99,0.8532226085662842,0.9514905214309692,2,0.2,1
EigenPlaces,nordland,100,0.8821607232093811,0.7922636866569519,7,0.7,1
EigenPlaces,nordland,101,0.9371224641799927,0.965241551399231,7,0.7,1
EigenPlaces,nordland,102,0.8749243021011353,0.9791964292526245,8,0.8,1
EigenPlaces,nordland,103,0.8713290691375732,0.9514431357383728,8,0.8,1
EigenPlaces,nordland,104,0.8643981218338013,0.9743611812591553,7,0.7,1
EigenPlaces,nordland,105,0.800130307674408,0.9614549875259399,0,0.0,1
EigenPlaces,nordland,106,0.8491056561470032,0.9520823359489441,0,0.0,1
EigenPlaces,nordland,107,0.8311144113540649,0.9279853105545044,0,0.0,1
EigenPlaces,nordland,108,0.8881746530532837,0.8733486533164978,1,0.1,1
EigenPlaces,nordland,109,0.8778868317604065,0.8733486533164978,1,0.1,1
EigenPlaces,nordland,110,0.8284835815429688,0.8777057528495789,1,0.1,1
EigenPlaces,nordland,111,0.9373501539230347,0.9540849924087524,1,0.1,1
EigenPlaces,nordland,112,0.856778085231781,0.8733486533164978,1,0.1,1
EigenPlaces,nordland,113,0.8835393190383911,0.8733486533164978,1,0.1,1
EigenPlaces,nordland,114,0.8849021196365356,0.8733486533164978,1,0.1,1
EigenPlaces,nordland,115,0.8649448156356812,0.8733486533164978,1,0.1,1
EigenPlaces,nordland,116,0.8914409279823303,0.8733486533164978,1,0.1,1
EigenPlaces,nordland,117,0.8861991167068481,0.9743611812591553,5,0.5,1
EigenPlaces,nordland,118,0.8736060857772827,0.9743611812591553,4,0.4,1
EigenPlaces,nordland,119,0.8812897205352783,0.9743611812591553,4,0.4,1
EigenPlaces,nordland,120,0.8748073577880859,0.9743611812591553,3,0.3,1
EigenPlaces,nordland,121,0.862772524356842,0.9743611812591553,2,0.2,1
EigenPlaces,nordland,122,0.7910997271537781,0.9152168035507202,1,0.1,1
EigenPlaces,nordland,123,0.876396656036377,0.9743611812591553,1,0.1,1
EigenPlaces,nordland,124,0.8838294148445129,0.9743611812591553,0,0.0,1
EigenPlaces,nordland,125,0.8850586414337158,0.9743611812591553,0,0.0,1
EigenPlaces,nordland,126,0.8797890543937683,0.9743611812591553,1,0.1,1
EigenPlaces,nordland,127,0.8751241564750671,0.9743611812591553,1,0.1,1
EigenPlaces,nordland,128,0.899518609046936,0.9743611812591553,0,0.0,1
EigenPlaces,nordland,129,0.8944662809371948,0.9743611812591553,0,0.0,1
EigenPlaces,nordland,130,0.8860527276992798,0.9743611812591553,0,0.0,1
EigenPlaces,nordland,131,0.8941030502319336,0.9743611812591553,0,0.0,1
EigenPlaces,nordland,132,0.8904582262039185,0.9743611812591553,0,0.0,1
EigenPlaces,nordland,133,0.8745813369750977,0.9131710529327393,6,0.6,0
EigenPlaces,nordland,134,0.8981596231460571,0.9743611812591553,0,0.0,1
EigenPlaces,nordland,135,0.877560019493103,0.9743611812591553,0,0.0,1
EigenPlaces,nordland,136,0.8587393760681152,0.9967737793922424,1,0.1,1
EigenPlaces,nordland,137,0.8581206798553467,0.9507807493209839,1,0.1,1
EigenPlaces,nordland,138,0.9095597267150879,0.9223753213882446,2,0.2,1
EigenPlaces,nordland,139,0.9949089288711548,0.985704779624939,1,0.1,1
EigenPlaces,nordland,140,0.9954342842102051,1.0,1,0.1,1
EigenPlaces,nordland,141,0.8662272691726685,0.9577973484992981,6,0.6,0
EigenPlaces,nordland,142,0.815058708190918,0.8043655157089233,5,0.5,0
EigenPlaces,nordland,143,0.7738907933235168,0.8011659383773804,3,0.3,0
EigenPlaces,nordland,144,0.8770904541015625,0.9370435476303101,1,0.1,1
EigenPlaces,nordland,145,0.672471284866333,0.8994879722595215,6,0.6,0
EigenPlaces,nordland,146,0.47155576944351196,0.8757345080375671,5,0.5,0
EigenPlaces,nordland,147,0.5432710647583008,0.8887699842453003,7,0.7,0
EigenPlaces,nordland,148,0.5467605590820312,0.9396911859512329,4,0.4,1
EigenPlaces,nordland,149,0.6241567730903625,0.9266108274459839,3,0.3,1
EigenPlaces,nordland,150,0.7322373390197754,0.9459888339042664,5,0.5,1
EigenPlaces,nordland,151,0.5764983296394348,0.7567968368530273,4,0.4,1
EigenPlaces,nordland,152,0.7812281250953674,0.8995993137359619,4,0.4,1
EigenPlaces,nordland,153,0.8358299732208252,0.9172496795654297,6,0.6,1
EigenPlaces,nordland,154,0.5970803499221802,0.8704991340637207,4,0.4,1
EigenPlaces,nordland,155,0.6960849165916443,0.926323652267456,2,0.2,1
EigenPlaces,nordland,156,0.7414673566818237,0.9432839155197144,2,0.2,1
EigenPlaces,nordland,157,0.8771877288818359,0.9002665281295776,2,0.2,1
EigenPlaces,nordland,158,0.6439149975776672,0.9048669934272766,2,0.2,1
EigenPlaces,nordland,159,0.6684146523475647,0.9540567398071289,4,0.4,1
EigenPlaces,nordland,160,0.6156005859375,0.9245051741600037,3,0.3,0
EigenPlaces,nordland,161,0.7265128493309021,0.9310230016708374,5,0.5,0
EigenPlaces,nordland,162,0.822952389717102,0.845264196395874,0,0.0,1
EigenPlaces,nordland,163,0.8988566398620605,0.9082702398300171,2,0.2,1
EigenPlaces,nordland,164,0.4923343062400818,0.9878512620925903,3,0.3,0
EigenPlaces,nordland,165,0.7911176681518555,0.9105510711669922,5,0.5,1
EigenPlaces,nordland,166,0.8978270292282104,0.8976647853851318,7,0.7,1
EigenPlaces,nordland,167,0.7604900002479553,0.9622960090637207,5,0.5,1
EigenPlaces,nordland,168,0.7744690179824829,0.9741508960723877,4,0.4,0
EigenPlaces,nordland,169,0.7732608318328857,0.9944585561752319,3,0.3,1
EigenPlaces,nordland,170,0.7467087507247925,0.8387603759765625,3,0.3,1
EigenPlaces,nordland,171,0.7442634105682373,0.9059345722198486,5,0.5,0
EigenPlaces,nordland,172,0.8196301460266113,0.995162844657898,5,0.5,1
EigenPlaces,nordland,173,0.8563762307167053,0.8699613213539124,4,0.4,1
EigenPlaces,nordland,174,0.8447520732879639,0.8991185426712036,2,0.2,1
EigenPlaces,nordland,175,0.7710224390029907,0.8003612756729126,3,0.3,1
EigenPlaces,nordland,176,0.8890402913093567,0.8534729480743408,2,0.2,1
EigenPlaces,nordland,177,0.791326105594635,0.8904256820678711,5,0.5,0
EigenPlaces,nordland,178,0.7925800085067749,0.9061098098754883,4,0.4,1
EigenPlaces,nordland,179,0.8235902786254883,0.9166284799575806,4,0.4,1
EigenPlaces,nordland,180,0.7122948169708252,0.930128812789917,5,0.5,1
EigenPlaces,nordland,181,0.9442934393882751,0.9449288249015808,7,0.7,1
EigenPlaces,nordland,182,0.8735288977622986,0.9632387161254883,3,0.3,1
EigenPlaces,nordland,183,0.966272234916687,0.8944684267044067,3,0.3,1
EigenPlaces,nordland,184,0.7207943201065063,0.8818626403808594,5,0.5,1
EigenPlaces,nordland,185,0.903748095035553,0.7871623039245605,6,0.6,1
EigenPlaces,nordland,186,0.9198369979858398,0.753874659538269,6,0.6,0
EigenPlaces,nordland,187,0.9131003618240356,0.7861758470535278,6,0.6,0
EigenPlaces,nordland,188,0.9007320404052734,0.8806384205818176,3,0.3,1
EigenPlaces,nordland,189,0.9318289756774902,0.7730807065963745,6,0.6,1
EigenPlaces,nordland,190,0.9160723686218262,0.7861758470535278,6,0.6,0
EigenPlaces,nordland,191,0.9152568578720093,0.8175321817398071,6,0.6,1
EigenPlaces,nordland,192,0.6750849485397339,0.8536064624786377,5,0.5,0
EigenPlaces,nordland,193,0.847777247428894,0.8061018586158752,5,0.5,1
EigenPlaces,nordland,194,0.7691884636878967,0.9402786493301392,7,0.7,1
EigenPlaces,nordland,195,0.7386828660964966,0.9377356767654419,4,0.4,0
EigenPlaces,nordland,196,0.7688724398612976,0.9460077881813049,6,0.6,0
EigenPlaces,nordland,197,0.9027309417724609,0.863344132900238,2,0.2,1
EigenPlaces,nordland,198,0.8574576377868652,0.9668416976928711,4,0.4,1
EigenPlaces,nordland,199,0.9281840324401855,0.8920189738273621,3,0.3,1
EigenPlaces,nordland,200,0.9127588272094727,0.9167824387550354,4,0.4,1
EigenPlaces,nordland,201,0.7417445182800293,0.942438006401062,3,0.3,0
EigenPlaces,nordland,202,0.4886852502822876,0.7073693871498108,4,0.4,1
EigenPlaces,nordland,203,0.6285662055015564,0.8885782957077026,5,0.5,0
EigenPlaces,nordland,204,0.9017232656478882,0.9622079133987427,9,0.9,0
EigenPlaces,nordland,205,0.883133590221405,0.8938707113265991,8,0.8,0
EigenPlaces,nordland,206,0.8683128952980042,0.8883514404296875,10,1.0,0
EigenPlaces,nordland,207,0.7905583381652832,0.9379661083221436,7,0.7,1
EigenPlaces,nordland,208,0.7979192733764648,0.9446766376495361,7,0.7,1
EigenPlaces,nordland,209,0.6858081817626953,0.9725247621536255,8,0.8,0
EigenPlaces,nordland,210,0.6719053983688354,0.9222226142883301,7,0.7,0
EigenPlaces,nordland,211,0.645194411277771,0.9723341464996338,8,0.8,0
EigenPlaces,nordland,212,0.6004902124404907,0.9330771565437317,9,0.9,0
EigenPlaces,nordland,213,0.5857229232788086,0.9291819930076599,6,0.6,0
EigenPlaces,nordland,214,0.6265465021133423,0.9568586349487305,4,0.4,1
EigenPlaces,nordland,215,0.7468268871307373,0.9444165229797363,4,0.4,1
EigenPlaces,nordland,216,0.7942101955413818,0.9790068864822388,6,0.6,0
EigenPlaces,nordland,217,0.5696550607681274,0.9595208764076233,4,0.4,0
EigenPlaces,nordland,218,0.7210301160812378,0.9712871313095093,5,0.5,0
EigenPlaces,nordland,219,0.8435910940170288,0.9617161750793457,2,0.2,0
EigenPlaces,nordland,220,0.7519842386245728,0.9017566442489624,4,0.4,0
EigenPlaces,nordland,221,0.9104825854301453,0.8754457831382751,6,0.6,1
EigenPlaces,nordland,222,0.806528627872467,0.9216306805610657,1,0.1,1
EigenPlaces,nordland,223,0.7516283988952637,0.8377698063850403,5,0.5,0
EigenPlaces,nordland,224,0.9299805164337158,0.8869737386703491,2,0.2,0
EigenPlaces,nordland,225,0.9149187207221985,0.8392464518547058,6,0.6,0
EigenPlaces,nordland,226,0.7548193335533142,0.950048565864563,7,0.7,0
EigenPlaces,nordland,227,0.8688547611236572,0.89984130859375,2,0.2,1
EigenPlaces,nordland,228,0.4329478442668915,0.8851513862609863,1,0.1,1
EigenPlaces,nordland,229,0.8766211867332458,0.7257426977157593,2,0.2,0
EigenPlaces,nordland,230,0.838433027267456,0.8356623649597168,4,0.4,0
EigenPlaces,nordland,231,0.8873593211174011,0.9068150520324707,4,0.4,0
EigenPlaces,nordland,232,0.9411797523498535,0.8955675363540649,4,0.4,0
EigenPlaces,nordland,233,0.8706086874008179,0.871434211730957,6,0.6,1
EigenPlaces,nordland,234,0.8663725852966309,0.9198464155197144,3,0.3,1
EigenPlaces,nordland,235,0.8266111612319946,0.9388392567634583,5,0.5,1
EigenPlaces,nordland,236,0.7622697353363037,0.9239358901977539,4,0.4,0
EigenPlaces,nordland,237,0.7675559520721436,0.8639425039291382,2,0.2,1
EigenPlaces,nordland,238,0.8233412504196167,0.8530111312866211,0,0.0,1
EigenPlaces,nordland,239,0.9316155910491943,0.9132418632507324,3,0.3,1
EigenPlaces,nordland,240,0.8764668703079224,0.9580241441726685,2,0.2,1
EigenPlaces,nordland,241,0.8830314874649048,0.9380456209182739,4,0.4,1
EigenPlaces,nordland,242,0.898823618888855,0.9176440238952637,0,0.0,1
EigenPlaces,nordland,243,0.9332585334777832,0.9410333037376404,2,0.2,0
EigenPlaces,nordland,244,0.6971592903137207,0.9124346971511841,2,0.2,1
EigenPlaces,nordland,245,0.8230913877487183,0.8182533979415894,3,0.3,1
EigenPlaces,nordland,246,0.5992400050163269,0.8683574199676514,3,0.3,0
EigenPlaces,nordland,247,0.7158393859863281,0.9212803840637207,4,0.4,1
EigenPlaces,nordland,248,0.7450413703918457,0.9324074983596802,2,0.2,0
EigenPlaces,nordland,249,0.7486373782157898,0.8673266172409058,5,0.5,0
EigenPlaces,nordland,250,0.5816106796264648,0.9263808131217957,5,0.5,0
EigenPlaces,nordland,251,0.6028134822845459,0.9456552267074585,2,0.2,1
EigenPlaces,nordland,252,0.8220353126525879,0.8683136701583862,3,0.3,1
EigenPlaces,nordland,253,0.7595505714416504,0.9159735441207886,3,0.3,1
EigenPlaces,nordland,254,0.8740894794464111,0.925370454788208,6,0.6,0
EigenPlaces,nordland,255,0.7806559801101685,0.8804028630256653,5,0.5,1
EigenPlaces,nordland,256,0.8897613286972046,0.8420720100402832,2,0.2,0
EigenPlaces,nordland,257,0.8599289059638977,0.9068100452423096,6,0.6,0
EigenPlaces,nordland,258,0.7808114290237427,0.9031033515930176,5,0.5,0
EigenPlaces,nordland,259,0.7033877968788147,0.874845027923584,4,0.4,1
EigenPlaces,nordland,260,0.867903470993042,0.9599786996841431,7,0.7,1
EigenPlaces,nordland,261,0.8188265562057495,0.8538305759429932,4,0.4,1
EigenPlaces,nordland,262,0.8444046378135681,0.9277037978172302,5,0.5,0
EigenPlaces,nordland,263,0.8950701951980591,0.9012628793716431,2,0.2,0
EigenPlaces,nordland,264,0.6830475330352783,0.902074933052063,1,0.1,1
EigenPlaces,nordland,265,0.9458918571472168,0.8175321817398071,2,0.2,0
EigenPlaces,nordland,266,0.683745801448822,0.9192090630531311,2,0.2,0
EigenPlaces,nordland,267,0.9500710964202881,0.8175321817398071,2,0.2,0
EigenPlaces,nordland,268,0.9311777949333191,0.753874659538269,2,0.2,1
EigenPlaces,nordland,269,0.8040727972984314,0.9389065504074097,4,0.4,1
EigenPlaces,nordland,270,0.8824353218078613,0.9860435724258423,4,0.4,1
EigenPlaces,nordland,271,0.8577443361282349,0.8703665733337402,4,0.4,0
EigenPlaces,nordland,272,0.8358205556869507,0.8913677930831909,5,0.5,0
EigenPlaces,nordland,273,0.617513120174408,0.927940309047699,6,0.6,0
EigenPlaces,nordland,274,0.8228285312652588,0.8165423274040222,5,0.5,0
EigenPlaces,nordland,275,0.8165727853775024,0.8672091960906982,4,0.4,0
EigenPlaces,nordland,276,0.6926385164260864,0.9720996618270874,4,0.4,0
EigenPlaces,nordland,277,0.7236009836196899,0.8587868809700012,4,0.4,1
EigenPlaces,nordland,278,0.7859629392623901,0.8843599557876587,4,0.4,0
EigenPlaces,nordland,279,0.8617441654205322,0.9060255289077759,3,0.3,1
EigenPlaces,nordland,280,0.9468810558319092,0.9175984859466553,5,0.5,0
EigenPlaces,nordland,281,0.68373703956604,0.9284839630126953,4,0.4,1
EigenPlaces,nordland,282,0.866672694683075,0.9754860401153564,5,0.5,0
EigenPlaces,nordland,283,0.8985809087753296,0.9221913814544678,3,0.3,0
EigenPlaces,nordland,284,0.8411445617675781,0.8469250202178955,5,0.5,0
EigenPlaces,nordland,285,0.7362171411514282,0.9276415109634399,4,0.4,1
EigenPlaces,nordland,286,0.8786343336105347,0.8670670986175537,8,0.8,0
EigenPlaces,nordland,287,0.794999897480011,0.9697206020355225,6,0.6,0
EigenPlaces,nordland,288,0.870615541934967,0.8672617673873901,3,0.3,1
EigenPlaces,nordland,289,0.9181356430053711,0.9047431349754333,6,0.6,0
EigenPlaces,nordland,290,0.9166643619537354,0.9458662271499634,6,0.6,0
EigenPlaces,nordland,291,0.9225233197212219,0.9156055450439453,5,0.5,0
EigenPlaces,nordland,292,0.9054989814758301,0.8942256569862366,5,0.5,0
EigenPlaces,nordland,293,0.9273226261138916,0.9666330218315125,1,0.1,1
EigenPlaces,nordland,294,0.8123551607131958,0.8858259916305542,9,0.9,0
EigenPlaces,nordland,295,0.8265540599822998,0.9141662120819092,5,0.5,1
EigenPlaces,nordland,296,0.8860058784484863,0.8733493089675903,4,0.4,1
EigenPlaces,nordland,297,0.8726662397384644,0.8934462070465088,7,0.7,0
EigenPlaces,nordland,298,0.8323764204978943,0.871403694152832,6,0.6,0
EigenPlaces,nordland,299,0.9261069297790527,0.8821984529495239,2,0.2,1
EigenPlaces,nordland,300,0.8043745756149292,0.8784511685371399,7,0.7,0
EigenPlaces,nordland,301,0.5786628723144531,0.9244387745857239,8,0.8,0
EigenPlaces,nordland,302,0.6906428337097168,0.8759186267852783,7,0.7,0
EigenPlaces,nordland,303,0.9597455263137817,0.8033511638641357,7,0.7,0
EigenPlaces,nordland,304,0.9280816316604614,0.9529919028282166,3,0.3,1
EigenPlaces,nordland,305,0.9087658524513245,0.9168028831481934,5,0.5,1
EigenPlaces,nordland,306,0.7938027381896973,0.9255017638206482,4,0.4,1
EigenPlaces,nordland,307,0.9337723255157471,0.9008240103721619,5,0.5,1
EigenPlaces,nordland,308,0.8084473609924316,0.9674011468887329,5,0.5,0
EigenPlaces,nordland,309,0.9210493564605713,0.959027886390686,4,0.4,0
EigenPlaces,nordland,310,0.9103995561599731,0.9115415811538696,2,0.2,1
EigenPlaces,nordland,311,0.7881624698638916,0.919185996055603,4,0.4,0
EigenPlaces,nordland,312,0.675816535949707,0.9232165813446045,6,0.6,0
EigenPlaces,nordland,313,0.7059643268585205,0.9231849312782288,2,0.2,0
EigenPlaces,nordland,314,0.8185296058654785,0.9549230337142944,4,0.4,1
EigenPlaces,nordland,315,0.8592119216918945,0.8955965042114258,5,0.5,0
EigenPlaces,nordland,316,0.8875943422317505,0.958549976348877,5,0.5,1
EigenPlaces,nordland,317,0.9420567750930786,0.9073190093040466,5,0.5,1
EigenPlaces,nordland,318,0.7701963186264038,0.8493040800094604,5,0.5,1
EigenPlaces,nordland,319,0.83344566822052,0.8643885254859924,2,0.2,0
EigenPlaces,nordland,320,0.8135425448417664,0.8710341453552246,2,0.2,0
EigenPlaces,nordland,321,0.8556597232818604,0.9579150676727295,2,0.2,0
EigenPlaces,nordland,322,0.6563413143157959,0.9110885858535767,5,0.5,1
EigenPlaces,nordland,323,0.816807746887207,0.9260116219520569,6,0.6,0
EigenPlaces,nordland,324,0.7960611581802368,0.8813761472702026,7,0.7,1
EigenPlaces,nordland,325,0.7652928829193115,0.9182908535003662,6,0.6,1
EigenPlaces,nordland,326,0.7505430579185486,0.9472154378890991,4,0.4,0
EigenPlaces,nordland,327,0.46456801891326904,0.8188725709915161,1,0.1,1
EigenPlaces,nordland,328,0.9091704487800598,0.8456188440322876,2,0.2,1
EigenPlaces,nordland,329,0.9444960355758667,0.777499794960022,3,0.3,1
EigenPlaces,nordland,330,0.8484537601470947,0.8254597187042236,2,0.2,1
EigenPlaces,nordland,331,0.9069811105728149,0.874144971370697,3,0.3,1
EigenPlaces,nordland,332,0.8430461287498474,0.8950082659721375,2,0.2,0
EigenPlaces,nordland,333,0.9215341806411743,0.8268893957138062,0,0.0,1
EigenPlaces,nordland,334,0.8654349446296692,0.8236238956451416,5,0.5,0
EigenPlaces,nordland,335,0.7879572510719299,0.8335583209991455,4,0.4,0
EigenPlaces,nordland,336,0.9141948223114014,0.9283235669136047,8,0.8,0
EigenPlaces,nordland,337,0.6863781213760376,0.8121565580368042,3,0.3,1
EigenPlaces,nordland,338,0.7605963945388794,0.7795345783233643,4,0.4,1
EigenPlaces,nordland,339,0.7822255492210388,0.8203345537185669,6,0.6,0
EigenPlaces,nordland,340,0.73923659324646,0.9152611494064331,1,0.1,1
EigenPlaces,nordland,341,0.6528321504592896,0.9161257743835449,4,0.4,1
EigenPlaces,nordland,342,0.8006236553192139,0.9541288614273071,4,0.4,1
EigenPlaces,nordland,343,0.8704402446746826,0.8273366689682007,7,0.7,0
EigenPlaces,nordland,344,0.6418783068656921,0.7545615434646606,0,0.0,1
EigenPlaces,nordland,345,0.6652314066886902,0.882530927658081,6,0.6,0
EigenPlaces,nordland,346,0.790259063243866,0.8509336709976196,5,0.5,1
EigenPlaces,nordland,347,0.8325672149658203,0.9323687553405762,7,0.7,0
EigenPlaces,nordland,348,0.8996759653091431,0.7804413437843323,6,0.6,0
EigenPlaces,nordland,349,0.9417685270309448,0.9115896224975586,1,0.1,1
EigenPlaces,nordland,350,0.756507158279419,0.8326342701911926,3,0.3,0
EigenPlaces,nordland,351,0.5324174165725708,0.8670844435691833,5,0.5,1
EigenPlaces,nordland,352,0.7960864305496216,0.8187022805213928,1,0.1,1
EigenPlaces,nordland,353,0.9090026021003723,0.8956620693206787,1,0.1,1
EigenPlaces,nordland,354,0.9274293184280396,0.9174455404281616,3,0.3,0
EigenPlaces,nordland,355,0.907801628112793,0.7107922434806824,0,0.0,1
EigenPlaces,nordland,356,0.9387423396110535,0.7940609455108643,3,0.3,1
EigenPlaces,nordland,357,0.8806142807006836,0.8420273065567017,5,0.5,1
EigenPlaces,nordland,358,0.6421562433242798,0.8923890590667725,6,0.6,0
EigenPlaces,nordland,359,0.7144529223442078,0.7933491468429565,6,0.6,1
EigenPlaces,nordland,360,0.6971250772476196,0.9362101554870605,5,0.5,1
EigenPlaces,nordland,361,0.7107230424880981,0.9215887188911438,7,0.7,0
EigenPlaces,nordland,362,0.7300666570663452,0.8552761077880859,4,0.4,1
EigenPlaces,nordland,363,0.860858678817749,0.9614076018333435,1,0.1,1
EigenPlaces,nordland,364,0.726220965385437,0.8190597295761108,4,0.4,0
EigenPlaces,nordland,365,0.7678864002227783,0.8840669989585876,6,0.6,0
EigenPlaces,nordland,366,0.9430028200149536,0.8204849362373352,0,0.0,1
EigenPlaces,nordland,367,0.8495392799377441,0.966052234172821,6,0.6,1
EigenPlaces,nordland,368,0.6857348680496216,0.9319590330123901,8,0.8,0
EigenPlaces,nordland,369,0.7585521340370178,0.8792496919631958,5,0.5,0
EigenPlaces,nordland,370,0.670685887336731,0.8716458082199097,5,0.5,0
EigenPlaces,nordland,371,0.7314131855964661,0.9228945970535278,5,0.5,0
EigenPlaces,nordland,372,0.9051811695098877,0.8397520780563354,3,0.3,0
EigenPlaces,nordland,373,0.7865116596221924,0.9136316180229187,5,0.5,0
EigenPlaces,nordland,374,0.5840343236923218,0.9235020875930786,8,0.8,0
EigenPlaces,nordland,375,0.6116982698440552,0.8548680543899536,2,0.2,0
EigenPlaces,nordland,376,0.5793702602386475,0.8605121970176697,5,0.5,0
EigenPlaces,nordland,377,0.9547476768493652,0.903455376625061,0,0.0,1
EigenPlaces,nordland,378,0.669762372970581,0.7812227010726929,4,0.4,0
EigenPlaces,nordland,379,0.8763655424118042,0.8774772882461548,5,0.5,0
EigenPlaces,nordland,380,0.7761504650115967,0.7752059698104858,6,0.6,0
EigenPlaces,nordland,381,0.8000810146331787,0.9045020341873169,4,0.4,0
EigenPlaces,nordland,382,0.7185282707214355,0.8856905102729797,4,0.4,0
EigenPlaces,nordland,383,0.6854124069213867,0.805057942867279,2,0.2,0
EigenPlaces,nordland,384,0.61674964427948,0.9039921760559082,4,0.4,0
EigenPlaces,nordland,385,0.7348397970199585,0.7986150979995728,4,0.4,1
EigenPlaces,nordland,386,0.8274096846580505,0.8963203430175781,2,0.2,1
EigenPlaces,nordland,387,0.7921097278594971,0.972266435623169,2,0.2,1
EigenPlaces,nordland,388,0.8831996917724609,0.8836275339126587,2,0.2,1
EigenPlaces,nordland,389,0.8276339769363403,0.8285937309265137,3,0.3,0
EigenPlaces,nordland,390,0.8288254141807556,0.9057971239089966,3,0.3,0
EigenPlaces,nordland,391,0.8285211324691772,0.9308860898017883,5,0.5,1
EigenPlaces,nordland,392,0.5253256559371948,0.8286635875701904,2,0.2,1
EigenPlaces,nordland,393,0.9534956216812134,0.8100200295448303,1,0.1,1
EigenPlaces,nordland,394,0.5667476058006287,0.7814228534698486,1,0.1,0
EigenPlaces,nordland,395,0.7080657482147217,0.8055593967437744,2,0.2,1
EigenPlaces,nordland,396,0.6864802241325378,0.9589791893959045,4,0.4,0
EigenPlaces,nordland,397,0.8327434659004211,0.8941106200218201,4,0.4,1
EigenPlaces,nordland,398,0.7873172760009766,0.8245455026626587,7,0.7,0
EigenPlaces,nordland,399,0.8810401558876038,0.8566755056381226,3,0.3,1
CosPlace,amstertime,0,0.8418914079666138,0.9082731008529663,0,0.0,1
CosPlace,amstertime,1,0.6084201335906982,0.8865246772766113,1,0.1,1
CosPlace,amstertime,2,0.9039896726608276,0.9101333618164062,0,0.0,1
CosPlace,amstertime,3,0.6975240707397461,0.9356775283813477,1,0.1,1
CosPlace,amstertime,4,0.7060047388076782,0.8903040289878845,0,0.0,1
CosPlace,amstertime,5,0.7386298179626465,0.9022088050842285,0,0.0,1
CosPlace,amstertime,6,0.8510211706161499,0.9482643604278564,0,0.0,1
CosPlace,amstertime,7,0.806506872177124,0.9469923973083496,1,0.1,1
CosPlace,amstertime,8,0.8185960054397583,0.9163448214530945,1,0.1,1
CosPlace,amstertime,9,0.8835328817367554,0.894544780254364,1,0.1,1
CosPlace,amstertime,10,0.9329344034194946,0.9061276912689209,0,0.0,1
CosPlace,amstertime,11,0.8811463117599487,0.8879719972610474,1,0.1,1
CosPlace,amstertime,12,0.8811463117599487,0.9140390157699585,1,0.1,1
CosPlace,amstertime,13,0.9095734357833862,0.9049403071403503,1,0.1,1
CosPlace,amstertime,14,0.8195739984512329,0.9025589227676392,1,0.1,0
CosPlace,amstertime,15,0.8722680807113647,0.8710508346557617,0,0.0,1
CosPlace,amstertime,16,0.8373159170150757,0.9427906274795532,0,0.0,1
CosPlace,amstertime,17,0.7634500861167908,0.9124661087989807,1,0.1,1
CosPlace,amstertime,18,0.8587836027145386,0.9389797449111938,1,0.1,1
CosPlace,amstertime,19,0.8867284655570984,0.9090392589569092,0,0.0,1
CosPlace,amstertime,20,0.807429850101471,0.9270223379135132,1,0.1,1
CosPlace,amstertime,21,0.8571547269821167,0.852020263671875,0,0.0,1
CosPlace,amstertime,22,0.8039553165435791,0.9151772260665894,1,0.1,0
CosPlace,amstertime,23,0.9115093946456909,0.9350796341896057,1,0.1,0
CosPlace,amstertime,24,0.8604176044464111,0.9145158529281616,0,0.0,1
CosPlace,amstertime,25,0.7710462212562561,0.9044665098190308,0,0.0,1
CosPlace,amstertime,26,0.8258311748504639,0.8966270685195923,0,0.0,1
CosPlace,amstertime,27,0.8258311748504639,0.917675793170929,1,0.1,1
CosPlace,amstertime,28,0.6146495342254639,0.9362310171127319,1,0.1,0
CosPlace,amstertime,29,0.43278050422668457,0.8425623774528503,1,0.1,0
CosPlace,amstertime,30,0.8240219354629517,0.9100607633590698,1,0.1,0
CosPlace,amstertime,31,0.8810964822769165,0.9445781707763672,0,0.0,1
CosPlace,amstertime,32,0.8152216672897339,0.9091658592224121,1,0.1,1
CosPlace,amstertime,33,0.6657845973968506,0.9149800539016724,1,0.1,1
CosPlace,amstertime,34,0.8249722123146057,0.9304434061050415,0,0.0,1
CosPlace,amstertime,35,0.5329691171646118,0.9100031852722168,1,0.1,0
CosPlace,amstertime,36,0.8101605772972107,0.9326933026313782,0,0.0,1
CosPlace,amstertime,37,0.9298345446586609,0.9444156885147095,1,0.1,1
CosPlace,amstertime,38,0.8112085461616516,0.8232928514480591,0,0.0,1
CosPlace,amstertime,39,0.8112085461616516,0.8536038398742676,1,0.1,0
CosPlace,amstertime,40,0.7095649242401123,0.9427793622016907,1,0.1,1
CosPlace,amstertime,41,0.7652375102043152,0.857638955116272,1,0.1,1
CosPlace,amstertime,42,0.655724048614502,0.8444193601608276,1,0.1,0
CosPlace,amstertime,43,0.7705062031745911,0.8852120637893677,1,0.1,0
CosPlace,amstertime,44,0.5918121337890625,0.9274846315383911,1,0.1,1
CosPlace,amstertime,45,0.5786103010177612,0.8983172178268433,1,0.1,0
CosPlace,amstertime,46,0.7909584045410156,0.8194023370742798,1,0.1,0
CosPlace,amstertime,47,0.5059094429016113,0.9014132022857666,1,0.1,0
CosPlace,amstertime,48,0.8020408153533936,0.8694306015968323,1,0.1,1
CosPlace,amstertime,49,0.6877740621566772,0.9228057861328125,1,0.1,0
CosPlace,amstertime,50,0.787711501121521,0.9450573921203613,1,0.1,0
CosPlace,amstertime,51,0.8442665338516235,0.869908332824707,1,0.1,1
CosPlace,amstertime,52,0.6787362098693848,0.8650110363960266,1,0.1,0
CosPlace,amstertime,53,0.9075039625167847,0.8775417804718018,0,0.0,1
CosPlace,amstertime,54,0.8738823533058167,0.9101464152336121,1,0.1,1
CosPlace,amstertime,55,0.5949670076370239,0.8406848311424255,1,0.1,0
CosPlace,amstertime,56,0.5637332797050476,0.8111594915390015,1,0.1,0
CosPlace,amstertime,57,0.6564894914627075,0.8862463235855103,1,0.1,0
CosPlace,amstertime,58,0.6411528587341309,0.9057195782661438,1,0.1,1
CosPlace,amstertime,59,0.6411528587341309,0.9087587594985962,0,0.0,1
CosPlace,amstertime,60,0.8998746871948242,0.913636326789856,1,0.1,1
CosPlace,amstertime,61,0.8717472553253174,0.8776310682296753,0,0.0,1
CosPlace,amstertime,62,0.8287153244018555,0.9462012648582458,1,0.1,0
CosPlace,amstertime,63,0.8718883991241455,0.9300107359886169,0,0.0,1
CosPlace,amstertime,64,0.8718883991241455,0.9547797441482544,1,0.1,0
CosPlace,amstertime,65,0.8104117512702942,0.9118610620498657,1,0.1,1
CosPlace,amstertime,66,0.7851412296295166,0.9360909461975098,1,0.1,1
CosPlace,amstertime,67,0.9021093845367432,0.9331610202789307,0,0.0,1
CosPlace,amstertime,68,0.636732816696167,0.9014674425125122,1,0.1,1
CosPlace,amstertime,69,0.5896222591400146,0.8642418384552002,1,0.1,0
CosPlace,amstertime,70,0.8983634114265442,0.9106497764587402,1,0.1,1
CosPlace,amstertime,71,0.7550126910209656,0.9035096168518066,1,0.1,1
CosPlace,amstertime,72,0.7550126910209656,0.9046478271484375,1,0.1,0
CosPlace,amstertime,73,0.8379425406455994,0.8164511919021606,0,0.0,1
CosPlace,amstertime,74,0.8379425406455994,0.8450219631195068,0,0.0,1
CosPlace,amstertime,75,0.7969383001327515,0.9256232976913452,1,0.1,1
CosPlace,amstertime,76,0.7852340936660767,0.8876640796661377,1,0.1,1
CosPlace,amstertime,77,0.7852340936660767,0.9195563793182373,1,0.1,0
CosPlace,amstertime,78,0.5324336290359497,0.89574134349823,1,0.1,0
CosPlace,amstertime,79,0.7270627617835999,0.9327567219734192,1,0.1,0
CosPlace,amstertime,80,0.5388239622116089,0.9032561779022217,1,0.1,1
CosPlace,amstertime,81,0.8715052604675293,0.9192361831665039,1,0.1,1
CosPlace,amstertime,82,0.7032901048660278,0.9079384207725525,1,0.1,1
CosPlace,amstertime,83,0.8646982908248901,0.9459502696990967,0,0.0,1
CosPlace,amstertime,84,0.7483402490615845,0.9169352054595947,1,0.1,0
CosPlace,amstertime,85,0.823739767074585,0.9021404981613159,0,0.0,1
CosPlace,amstertime,86,0.7039939165115356,0.9065096378326416,1,0.1,1
CosPlace,amstertime,87,0.8924665451049805,0.872715950012207,1,0.1,1
CosPlace,amstertime,88,0.5679193735122681,0.8392904996871948,1,0.1,1
CosPlace,amstertime,89,0.3292977809906006,0.8957099914550781,1,0.1,0
CosPlace,amstertime,90,0.7939451932907104,0.8836456537246704,1,0.1,1
CosPlace,amstertime,91,0.8685297966003418,0.9369063377380371,0,0.0,1
CosPlace,amstertime,92,0.8943672180175781,0.8962829113006592,1,0.1,1
CosPlace,amstertime,93,0.5599895715713501,0.8963006138801575,1,0.1,1
CosPlace,amstertime,94,0.7855380773544312,0.9363870024681091,0,0.0,1
CosPlace,amstertime,95,0.7563762664794922,0.9328523874282837,0,0.0,1
CosPlace,amstertime,96,0.9149942994117737,0.9139965772628784,0,0.0,1
CosPlace,amstertime,97,0.9149942994117737,0.9423161149024963,1,0.1,1
CosPlace,amstertime,98,0.794095516204834,0.942245602607727,1,0.1,1
CosPlace,amstertime,99,0.8766766786575317,0.8891394138336182,1,0.1,1
CosPlace,amstertime,100,0.9112495183944702,0.9283444881439209,0,0.0,1
CosPlace,amstertime,101,0.7948460578918457,0.92350172996521,1,0.1,0
CosPlace,amstertime,102,0.9017775058746338,0.9013350009918213,0,0.0,1
CosPlace,amstertime,103,0.6757645010948181,0.9070451259613037,1,0.1,1
CosPlace,amstertime,104,0.9099929332733154,0.8962942361831665,0,0.0,1
CosPlace,amstertime,105,0.7115967273712158,0.967934250831604,1,0.1,1
CosPlace,amstertime,106,0.863326907157898,0.9115602970123291,0,0.0,1
CosPlace,amstertime,107,0.6347912549972534,0.8782873749732971,1,0.1,0
CosPlace,amstertime,108,0.7153525948524475,0.8028596639633179,1,0.1,0
CosPlace,amstertime,109,0.7961606383323669,0.8992874622344971,1,0.1,0
CosPlace,amstertime,110,0.8377140760421753,0.9287521839141846,0,0.0,1
CosPlace,amstertime,111,0.7146618962287903,0.8814724087715149,1,0.1,1
CosPlace,amstertime,112,0.7786915302276611,0.93350750207901,0,0.0,1
CosPlace,amstertime,113,0.5928093194961548,0.8644654154777527,1,0.1,0
CosPlace,amstertime,114,0.6982595920562744,0.8226080536842346,1,0.1,0
CosPlace,amstertime,115,0.9225306510925293,0.8748849034309387,0,0.0,1
CosPlace,amstertime,116,0.628230094909668,0.9085612297058105,1,0.1,1
CosPlace,amstertime,117,0.5983525514602661,0.9632035493850708,1,0.1,1
CosPlace,amstertime,118,0.7545688152313232,0.867011547088623,0,0.0,1
CosPlace,amstertime,119,0.7566961050033569,0.8635827302932739,1,0.1,0
CosPlace,amstertime,120,0.8639354705810547,0.9310833215713501,0,0.0,1
CosPlace,amstertime,121,0.5603713989257812,0.8476424813270569,1,0.1,1
CosPlace,amstertime,122,0.8492501378059387,0.7502495646476746,1,0.1,1
CosPlace,amstertime,123,0.8492501378059387,0.7540527582168579,1,0.1,0
CosPlace,amstertime,124,0.8492501378059387,0.728182315826416,1,0.1,1
CosPlace,amstertime,125,0.7997026443481445,0.9127248525619507,1,0.1,1
CosPlace,amstertime,126,0.902580201625824,0.9075015783309937,0,0.0,1
CosPlace,amstertime,127,0.7160035371780396,0.8812138438224792,1,0.1,0
CosPlace,amstertime,128,0.598173975944519,0.8833999037742615,1,0.1,1
CosPlace,amstertime,129,0.8540446758270264,0.9577033519744873,1,0.1,1
CosPlace,amstertime,130,0.9021601676940918,0.9080542922019958,0,0.0,1
CosPlace,amstertime,131,0.6821925640106201,0.8556557297706604,1,0.1,1
CosPlace,amstertime,132,0.6750649213790894,0.9156874418258667,0,0.0,1
CosPlace,amstertime,133,0.8090235590934753,0.9276827573776245,1,0.1,1
CosPlace,amstertime,134,0.5601168870925903,0.8653111457824707,1,0.1,0
CosPlace,amstertime,135,0.7902024388313293,0.9005473852157593,1,0.1,1
CosPlace,amstertime,136,0.6201226711273193,0.861873984336853,1,0.1,0
CosPlace,amstertime,137,0.7490251064300537,0.8667937517166138,1,0.1,1
CosPlace,amstertime,138,0.7494046092033386,0.9551844596862793,1,0.1,0
CosPlace,amstertime,139,0.9330694675445557,0.9038324952125549,0,0.0,1
CosPlace,amstertime,140,0.9330694675445557,0.9195495843887329,0,0.0,1
CosPlace,amstertime,141,0.8421926498413086,0.934114933013916,1,0.1,1
CosPlace,amstertime,142,0.656739354133606,0.9430546760559082,1,0.1,1
CosPlace,amstertime,143,0.6560016870498657,0.9463375806808472,1,0.1,1
CosPlace,amstertime,144,0.5319454669952393,0.8912023305892944,1,0.1,1
CosPlace,amstertime,145,0.4543924927711487,0.9641931056976318,1,0.1,1
CosPlace,amstertime,146,0.9203715324401855,0.9449617862701416,0,0.0,1
CosPlace,amstertime,147,0.7858613729476929,0.9146649837493896,1,0.1,1
CosPlace,amstertime,148,0.5521225929260254,0.8343424201011658,1,0.1,0
CosPlace,amstertime,149,0.7983185052871704,0.9256865382194519,1,0.1,1
CosPlace,amstertime,150,0.8771718144416809,0.8862935304641724,1,0.1,1
CosPlace,amstertime,151,0.8267291188240051,0.8899298906326294,1,0.1,0
CosPlace,amstertime,152,0.7542020678520203,0.8648286461830139,1,0.1,1
CosPlace,amstertime,153,0.8249927759170532,0.9128222465515137,0,0.0,1
CosPlace,amstertime,154,0.8016312122344971,0.8948929309844971,0,0.0,1
CosPlace,amstertime,155,0.8267291188240051,0.8751627206802368,0,0.0,1
CosPlace,amstertime,156,0.931205153465271,0.7043958902359009,0,0.0,1
CosPlace,amstertime,157,0.9316354990005493,0.8761016130447388,0,0.0,1
CosPlace,amstertime,158,0.5000338554382324,0.8043551445007324,1,0.1,0
CosPlace,amstertime,159,0.3935355544090271,0.8977181911468506,1,0.1,1
CosPlace,amstertime,160,0.6192213892936707,0.9033336639404297,1,0.1,0
CosPlace,amstertime,161,0.45140329003334045,0.8799391984939575,1,0.1,0
CosPlace,amstertime,162,0.5930574536323547,0.9308919906616211,1,0.1,0
CosPlace,amstertime,163,0.5056426525115967,0.9555318355560303,1,0.1,1
CosPlace,amstertime,164,0.7076590657234192,0.8034512400627136,1,0.1,0
CosPlace,amstertime,165,0.6236287355422974,0.8984488844871521,1,0.1,0
CosPlace,amstertime,166,0.5229267477989197,0.9210668802261353,1,0.1,1
CosPlace,amstertime,167,0.8066928386688232,0.8841431140899658,1,0.1,1
CosPlace,amstertime,168,0.43526333570480347,0.7393847703933716,1,0.1,0
CosPlace,amstertime,169,0.6180135011672974,0.8499528765678406,1,0.1,0
CosPlace,amstertime,170,0.8822084665298462,0.9550319910049438,0,0.0,1
CosPlace,amstertime,171,0.9247736930847168,0.8188703060150146,1,0.1,1
CosPlace,amstertime,172,0.9247736930847168,0.8887146711349487,1,0.1,1
CosPlace,amstertime,173,0.8153142929077148,0.9268794059753418,0,0.0,1
CosPlace,amstertime,174,0.9247736930847168,0.8392057418823242,1,0.1,1
CosPlace,amstertime,175,0.7347930073738098,0.8837965726852417,1,0.1,0
CosPlace,amstertime,176,0.862647294998169,0.9666397571563721,0,0.0,1
CosPlace,amstertime,177,0.6659873723983765,0.8697824478149414,1,0.1,0
CosPlace,amstertime,178,0.6601402759552002,0.7411859631538391,1,0.1,0
CosPlace,amstertime,179,0.5640105605125427,0.8048413991928101,1,0.1,0
CosPlace,amstertime,180,0.8037134408950806,0.8827857375144958,0,0.0,1
CosPlace,amstertime,181,0.6377332210540771,0.9098070859909058,1,0.1,1
CosPlace,amstertime,182,0.7080539464950562,0.8681579828262329,0,0.0,1
CosPlace,amstertime,183,0.8852378726005554,0.9179444313049316,0,0.0,1
CosPlace,amstertime,184,0.7259620428085327,0.8747917413711548,0,0.0,1
CosPlace,amstertime,185,0.7916209697723389,0.958571195602417,1,0.1,1
CosPlace,amstertime,186,0.5296632051467896,0.8404989242553711,1,0.1,0
CosPlace,amstertime,187,0.8339219689369202,0.8642171621322632,1,0.1,1
CosPlace,amstertime,188,0.6529344320297241,0.9027431011199951,1,0.1,1
CosPlace,amstertime,189,0.7299150228500366,0.9482468366622925,0,0.0,1
CosPlace,amstertime,190,0.34587615728378296,0.7576044797897339,1,0.1,0
CosPlace,amstertime,191,0.7574151754379272,0.8085755109786987,0,0.0,1
CosPlace,amstertime,192,0.6954887509346008,0.8827629089355469,1,0.1,0
CosPlace,amstertime,193,0.614537239074707,0.831426739692688,1,0.1,1
CosPlace,amstertime,194,0.8584103584289551,0.9498972296714783,1,0.1,1
CosPlace,amstertime,195,0.7081334590911865,0.9200402498245239,1,0.1,1
CosPlace,amstertime,196,0.8013358116149902,0.8660910129547119,0,0.0,1
CosPlace,amstertime,197,0.6974340081214905,0.9371721148490906,1,0.1,1
CosPlace,amstertime,198,0.5564829111099243,0.8596845865249634,1,0.1,1
CosPlace,amstertime,199,0.674168586730957,0.9148474931716919,1,0.1,1
CosPlace,amstertime,200,0.5338398218154907,0.872746467590332,1,0.1,0
CosPlace,amstertime,201,0.6226399540901184,0.8464609384536743,1,0.1,1
CosPlace,amstertime,202,0.9283745288848877,0.901177167892456,0,0.0,1
CosPlace,amstertime,203,0.5556737184524536,0.896615743637085,1,0.1,0
CosPlace,amstertime,204,0.8357552886009216,0.8746305704116821,0,0.0,1
CosPlace,amstertime,205,0.8798004984855652,0.8513892889022827,0,0.0,1
CosPlace,amstertime,206,0.8527965545654297,0.9612506628036499,0,0.0,1
CosPlace,amstertime,207,0.7396897673606873,0.8506432771682739,0,0.0,1
CosPlace,amstertime,208,0.8868259787559509,0.907400369644165,0,0.0,1
CosPlace,amstertime,209,0.7201084494590759,0.9484018087387085,1,0.1,1
CosPlace,amstertime,210,0.6875680685043335,0.8928337097167969,1,0.1,1
CosPlace,amstertime,211,0.8277198076248169,0.9042539000511169,1,0.1,1
CosPlace,amstertime,212,0.7017282843589783,0.8586524724960327,1,0.1,1
CosPlace,amstertime,213,0.9520058631896973,0.9269928932189941,0,0.0,1
CosPlace,amstertime,214,0.7177575826644897,0.929445207118988,1,0.1,1
CosPlace,amstertime,215,0.9153945446014404,0.923893392086029,0,0.0,1
CosPlace,amstertime,216,0.8087671995162964,0.9200301766395569,1,0.1,1
CosPlace,amstertime,217,0.6185321807861328,0.9646342396736145,1,0.1,1
CosPlace,amstertime,218,0.8228302597999573,0.8913266658782959,0,0.0,1
CosPlace,amstertime,219,0.878056526184082,0.923783540725708,1,0.1,0
CosPlace,amstertime,220,0.7863897085189819,0.937806248664856,0,0.0,1
CosPlace,amstertime,221,0.7856107950210571,0.891410231590271,0,0.0,1
CosPlace,amstertime,222,0.5414541959762573,0.7808182239532471,1,0.1,0
CosPlace,amstertime,223,0.8355619311332703,0.8975595831871033,1,0.1,1
CosPlace,amstertime,224,0.8286988735198975,0.9179918766021729,0,0.0,1
CosPlace,amstertime,225,0.7746893167495728,0.9565374255180359,0,0.0,1
CosPlace,amstertime,226,0.8404532670974731,0.9387353658676147,0,0.0,1
CosPlace,amstertime,227,0.8871365785598755,0.9469910860061646,0,0.0,1
CosPlace,amstertime,228,0.8081344366073608,0.9066212177276611,0,0.0,1
CosPlace,amstertime,229,0.7948184013366699,0.9373043179512024,1,0.1,1
CosPlace,amstertime,230,0.7360342741012573,0.792449951171875,0,0.0,1
CosPlace,amstertime,231,0.7360342741012573,0.8117403984069824,0,0.0,1
CosPlace,amstertime,232,0.8008064031600952,0.9330357313156128,0,0.0,1
CosPlace,amstertime,233,0.5133006572723389,0.9404749870300293,1,0.1,1
CosPlace,amstertime,234,0.5898001194000244,0.9160902500152588,1,0.1,0
CosPlace,amstertime,235,0.7577425241470337,0.8943097591400146,0,0.0,1
CosPlace,amstertime,236,0.8698120713233948,0.9076282382011414,0,0.0,1
CosPlace,amstertime,237,0.7980995774269104,0.8928354978561401,1,0.1,1
CosPlace,amstertime,238,0.8243159055709839,0.8591063022613525,0,0.0,1
CosPlace,amstertime,239,0.8117592334747314,0.9040036797523499,0,0.0,1
CosPlace,amstertime,240,0.9036848545074463,0.8894079923629761,1,0.1,0
CosPlace,amstertime,241,0.7565098404884338,0.9075868725776672,1,0.1,1
CosPlace,amstertime,242,0.4882422089576721,0.9219791889190674,1,0.1,1
CosPlace,amstertime,243,0.7511193156242371,0.8597634434700012,1,0.1,0
CosPlace,amstertime,244,0.5044727921485901,0.9160389304161072,1,0.1,0
CosPlace,amstertime,245,0.5666788816452026,0.89922034740448,1,0.1,1
CosPlace,amstertime,246,0.8115929365158081,0.8442368507385254,0,0.0,1
CosPlace,amstertime,247,0.7766559720039368,0.8703062534332275,0,0.0,1
CosPlace,amstertime,248,0.8811463117599487,0.913774847984314,0,0.0,1
CosPlace,amstertime,249,0.5483235120773315,0.9336757659912109,0,0.0,1
CosPlace,amstertime,250,0.7108203172683716,0.9215425252914429,0,0.0,1
CosPlace,amstertime,251,0.8890330791473389,0.9061237573623657,1,0.1,1
CosPlace,amstertime,252,0.8549655675888062,0.9567089676856995,0,0.0,1
CosPlace,amstertime,253,0.8677353262901306,0.9209274053573608,1,0.1,1
CosPlace,amstertime,254,0.8904922008514404,0.920427680015564,0,0.0,1
CosPlace,amstertime,255,0.8076128959655762,0.8808270692825317,1,0.1,0
CosPlace,amstertime,256,0.9096159934997559,0.8964370489120483,0,0.0,1
CosPlace,amstertime,257,0.7968723177909851,0.890589714050293,1,0.1,1
CosPlace,amstertime,258,0.8034436702728271,0.9116706252098083,0,0.0,1
CosPlace,amstertime,259,0.8518442511558533,0.8285714387893677,1,0.1,1
CosPlace,amstertime,260,0.5837159156799316,0.9286284446716309,1,0.1,1
CosPlace,amstertime,261,0.8302949666976929,0.9398568868637085,1,0.1,1
CosPlace,amstertime,262,0.6794741153717041,0.9102149605751038,1,0.1,1
CosPlace,amstertime,263,0.7947643995285034,0.8797861337661743,0,0.0,1
CosPlace,amstertime,264,0.597885012626648,0.8972740173339844,1,0.1,1
CosPlace,amstertime,265,0.5298123359680176,0.9323434829711914,1,0.1,1
CosPlace,amstertime,266,0.5933632850646973,0.9412369132041931,1,0.1,1
CosPlace,amstertime,267,0.8928983211517334,0.9237563014030457,0,0.0,1
CosPlace,amstertime,268,0.8277464509010315,0.8523378372192383,0,0.0,1
CosPlace,amstertime,269,0.7166517972946167,0.8154467344284058,0,0.0,1
CosPlace,amstertime,270,0.7809950709342957,0.8589694499969482,0,0.0,1
CosPlace,amstertime,271,0.7809950709342957,0.8352035284042358,0,0.0,1
CosPlace,amstertime,272,0.9474934339523315,0.8931748867034912,1,0.1,0
CosPlace,amstertime,273,0.7759347558021545,0.9221248626708984,1,0.1,1
CosPlace,amstertime,274,0.6954588890075684,0.8801954984664917,1,0.1,1
CosPlace,amstertime,275,0.4778703451156616,0.8499817252159119,1,0.1,0
CosPlace,amstertime,276,0.8560335636138916,0.9043543338775635,1,0.1,1
CosPlace,amstertime,277,0.5317661166191101,0.8254729509353638,1,0.1,1
CosPlace,amstertime,278,0.9117221832275391,0.9178289175033569,0,0.0,1
CosPlace,amstertime,279,0.6794741153717041,0.9390814900398254,0,0.0,1
CosPlace,amstertime,280,0.49847182631492615,0.8916302919387817,1,0.1,1
CosPlace,amstertime,281,0.8653355836868286,0.9275045394897461,0,0.0,1
CosPlace,amstertime,282,0.7398074269294739,0.8782581090927124,1,0.1,1
CosPlace,amstertime,283,0.8112304210662842,0.9018736481666565,0,0.0,1
CosPlace,amstertime,284,0.634305477142334,0.9437794089317322,1,0.1,1
CosPlace,amstertime,285,0.5935789942741394,0.9298347234725952,1,0.1,1
CosPlace,amstertime,286,0.8399207592010498,0.8599984049797058,1,0.1,0
CosPlace,amstertime,287,0.6726894974708557,0.8534802198410034,1,0.1,0
CosPlace,amstertime,288,0.7745012044906616,0.8590127229690552,1,0.1,0
CosPlace,amstertime,289,0.6984338760375977,0.8485089540481567,1,0.1,1
CosPlace,amstertime,290,0.9401445984840393,0.8874031901359558,1,0.1,0
CosPlace,amstertime,291,0.8134623169898987,0.8811469674110413,0,0.0,1
CosPlace,amstertime,292,0.7688844203948975,0.8240634799003601,0,0.0,1
CosPlace,amstertime,293,0.8718337416648865,0.873906135559082,0,0.0,1
CosPlace,amstertime,294,0.6062346696853638,0.9481604099273682,1,0.1,0
CosPlace,amstertime,295,0.6062346696853638,0.9147653579711914,1,0.1,1
CosPlace,amstertime,296,0.928511381149292,0.9179964065551758,0,0.0,1
CosPlace,amstertime,297,0.44440460205078125,0.9230108261108398,1,0.1,0
CosPlace,amstertime,298,0.7094894647598267,0.8842949867248535,0,0.0,1
CosPlace,amstertime,299,0.5202267169952393,0.9476529359817505,1,0.1,1
CosPlace,amstertime,300,0.9082688093185425,0.8852769136428833,1,0.1,1
CosPlace,amstertime,301,0.6854443550109863,0.9064333438873291,1,0.1,1
CosPlace,amstertime,302,0.7800617218017578,0.9090126752853394,0,0.0,1
CosPlace,amstertime,303,0.43574291467666626,0.9331495761871338,1,0.1,0
CosPlace,amstertime,304,0.7080444097518921,0.8953322172164917,1,0.1,1
CosPlace,amstertime,305,0.8069046139717102,0.9047365188598633,1,0.1,0
CosPlace,amstertime,306,0.7013530731201172,0.9346301555633545,1,0.1,1
CosPlace,amstertime,307,0.8923221230506897,0.8933181166648865,0,0.0,1
CosPlace,amstertime,308,0.8467814922332764,0.9183699488639832,1,0.1,1
CosPlace,amstertime,309,0.5769362449645996,0.9100430607795715,1,0.1,1
CosPlace,amstertime,310,0.8322253227233887,0.9269154071807861,1,0.1,1
CosPlace,amstertime,311,0.710605263710022,0.920066237449646,1,0.1,1
CosPlace,amstertime,312,0.26934969425201416,0.8735582828521729,1,0.1,0
CosPlace,amstertime,313,0.7530369162559509,0.7940853834152222,1,0.1,1
CosPlace,amstertime,314,0.8162362575531006,0.8908118009567261,0,0.0,1
CosPlace,amstertime,315,0.7725127339363098,0.9142169952392578,1,0.1,1
CosPlace,amstertime,316,0.42990201711654663,0.8904821872711182,1,0.1,1
CosPlace,amstertime,317,0.7941684722900391,0.8720086216926575,1,0.1,0
CosPlace,amstertime,318,0.8546625375747681,0.9095351696014404,0,0.0,1
CosPlace,amstertime,319,0.6423611640930176,0.8494579195976257,1,0.1,0
CosPlace,amstertime,320,0.6649243831634521,0.8883812427520752,1,0.1,0
CosPlace,amstertime,321,0.7101284861564636,0.9418056011199951,0,0.0,1
CosPlace,amstertime,322,0.8271093368530273,0.8440880179405212,1,0.1,0
CosPlace,amstertime,323,0.7952669858932495,0.9037548899650574,1,0.1,1
CosPlace,amstertime,324,0.8766860961914062,0.9418302774429321,1,0.1,1
CosPlace,amstertime,325,0.8385018110275269,0.8875008225440979,1,0.1,0
CosPlace,amstertime,326,0.8838493227958679,0.8584247827529907,1,0.1,0
CosPlace,amstertime,327,0.7097968459129333,0.8926547765731812,1,0.1,0
CosPlace,amstertime,328,0.6313413977622986,0.8799645900726318,1,0.1,1
CosPlace,amstertime,329,0.8461465835571289,0.9317201375961304,0,0.0,1
CosPlace,amstertime,330,0.662872314453125,0.873593807220459,1,0.1,0
CosPlace,amstertime,331,0.4285973310470581,0.9441901445388794,1,0.1,0
CosPlace,amstertime,332,0.6003965139389038,0.8956246376037598,1,0.1,1
CosPlace,amstertime,333,0.7904579639434814,0.8828462362289429,1,0.1,1
CosPlace,amstertime,334,0.744876503944397,0.9563450813293457,1,0.1,1
CosPlace,amstertime,335,0.8518950939178467,0.9109688997268677,0,0.0,1
CosPlace,amstertime,336,0.704599142074585,0.9110854864120483,1,0.1,1
CosPlace,amstertime,337,0.7256824970245361,0.9298428297042847,0,0.0,1
CosPlace,amstertime,338,0.683111846446991,0.9087337255477905,1,0.1,1
CosPlace,amstertime,339,0.6879225373268127,0.920794665813446,1,0.1,0
CosPlace,amstertime,340,0.8127946853637695,0.9367412328720093,0,0.0,1
CosPlace,amstertime,341,0.9417162537574768,0.8941816687583923,0,0.0,1
CosPlace,amstertime,342,0.8150694370269775,0.9160844683647156,0,0.0,1
CosPlace,amstertime,343,0.7623164653778076,0.9511501789093018,1,0.1,1
CosPlace,amstertime,344,0.7970371246337891,0.8730093240737915,1,0.1,1
CosPlace,amstertime,345,0.7062238454818726,0.8602402210235596,1,0.1,1
CosPlace,amstertime,346,0.7062238454818726,0.9129514694213867,1,0.1,0
CosPlace,amstertime,347,0.7885820865631104,0.9183763265609741,1,0.1,1
CosPlace,amstertime,348,0.7014216184616089,0.8913071155548096,1,0.1,1
CosPlace,amstertime,349,0.7617954015731812,0.9019651412963867,1,0.1,0
CosPlace,amstertime,350,0.6888878345489502,0.9014415740966797,0,0.0,1
CosPlace,amstertime,351,0.8184759616851807,0.9323327541351318,1,0.1,0
CosPlace,amstertime,352,0.8349832892417908,0.90846848487854,0,0.0,1
CosPlace,amstertime,353,0.6161596179008484,0.9309792518615723,1,0.1,1
CosPlace,amstertime,354,0.855165958404541,0.9163106679916382,0,0.0,1
CosPlace,amstertime,355,0.788538932800293,0.9171280860900879,1,0.1,0
CosPlace,amstertime,356,0.4502558708190918,0.9067291021347046,1,0.1,0
CosPlace,amstertime,357,0.8379875421524048,0.8711113929748535,1,0.1,0
CosPlace,amstertime,358,0.6451312303543091,0.8507807850837708,1,0.1,0
CosPlace,amstertime,359,0.6111881732940674,0.800278902053833,1,0.1,0
CosPlace,amstertime,360,0.6076767444610596,0.8579854965209961,1,0.1,1
CosPlace,amstertime,361,0.5564829111099243,0.8568167686462402,0,0.0,1
CosPlace,amstertime,362,0.8722699284553528,0.9103386402130127,0,0.0,1
CosPlace,amstertime,363,0.8419792056083679,0.8755863904953003,1,0.1,1
CosPlace,amstertime,364,0.8354746103286743,0.9022346138954163,0,0.0,1
CosPlace,amstertime,365,0.7614558339118958,0.8102796077728271,1,0.1,0
CosPlace,amstertime,366,0.6385353803634644,0.9204212427139282,0,0.0,1
CosPlace,amstertime,367,0.6385353803634644,0.9293569326400757,0,0.0,1
CosPlace,amstertime,368,0.8793835639953613,0.851083517074585,0,0.0,1
CosPlace,amstertime,369,0.6515554785728455,0.9355237483978271,1,0.1,0
CosPlace,amstertime,370,0.7774026393890381,0.880119800567627,1,0.1,1
CosPlace,amstertime,371,0.8562309741973877,0.8891732692718506,0,0.0,1
CosPlace,amstertime,372,0.9385758638381958,0.9492820501327515,0,0.0,1
CosPlace,amstertime,373,0.7647784352302551,0.9105187654495239,1,0.1,0
CosPlace,amstertime,374,0.7163264751434326,0.9009461402893066,1,0.1,1
CosPlace,amstertime,375,0.7032901048660278,0.9175257682800293,1,0.1,0
CosPlace,amstertime,376,0.8912048935890198,0.8935977220535278,1,0.1,1
CosPlace,amstertime,377,0.8966994881629944,0.882895827293396,0,0.0,1
CosPlace,amstertime,378,0.8388176560401917,0.8933220505714417,0,0.0,1
CosPlace,amstertime,379,0.8975332975387573,0.8943482637405396,0,0.0,1
CosPlace,amstertime,380,0.8027024269104004,0.9154400825500488,1,0.1,1
CosPlace,amstertime,381,0.9055863618850708,0.8578975796699524,1,0.1,1
CosPlace,amstertime,382,0.7948827743530273,0.8494919538497925,1,0.1,0
CosPlace,amstertime,383,0.933410108089447,0.8882864713668823,0,0.0,1
CosPlace,amstertime,384,0.8258311748504639,0.8675118684768677,1,0.1,1
CosPlace,amstertime,385,0.6254974603652954,0.9226073026657104,1,0.1,0
CosPlace,amstertime,386,0.8258311748504639,0.8828046321868896,0,0.0,1
CosPlace,amstertime,387,0.7160340547561646,0.9077498912811279,1,0.1,1
CosPlace,amstertime,388,0.7160340547561646,0.9208782911300659,1,0.1,1
CosPlace,amstertime,389,0.6003344655036926,0.8964560627937317,1,0.1,1
CosPlace,amstertime,390,0.8511365652084351,0.8467059135437012,1,0.1,0
CosPlace,amstertime,391,0.9339888095855713,0.9250274300575256,0,0.0,1
CosPlace,amstertime,392,0.767460286617279,0.9270501732826233,0,0.0,1
CosPlace,amstertime,393,0.7725270986557007,0.8997052311897278,1,0.1,1
CosPlace,amstertime,394,0.8612544536590576,0.8596079349517822,1,0.1,0
CosPlace,amstertime,395,0.8546625375747681,0.9272251129150391,0,0.0,1
CosPlace,amstertime,396,0.8694522976875305,0.8028774261474609,1,0.1,0
CosPlace,amstertime,397,0.8717358112335205,0.9031572937965393,1,0.1,1
CosPlace,amstertime,398,0.8092505931854248,0.9256662726402283,0,0.0,1
CosPlace,amstertime,399,0.8517127633094788,0.9411712884902954,0,0.0,1
CosPlace,amstertime,400,0.7355068922042847,0.8677012920379639,1,0.1,0
CosPlace,amstertime,401,0.886489748954773,0.8245197534561157,1,0.1,0
CosPlace,amstertime,402,0.7250819802284241,0.9266493320465088,0,0.0,1
CosPlace,amstertime,403,0.8240232467651367,0.9280860424041748,0,0.0,1
CosPlace,amstertime,404,0.8997287750244141,0.8848546147346497,0,0.0,1
CosPlace,amstertime,405,0.9199131727218628,0.9127768278121948,0,0.0,1
CosPlace,amstertime,406,0.8521807193756104,0.9023185968399048,0,0.0,1
CosPlace,amstertime,407,0.8477017879486084,0.9291163682937622,0,0.0,1
CosPlace,amstertime,408,0.6609227061271667,0.8251066207885742,1,0.1,0
CosPlace,amstertime,409,0.6160185933113098,0.9057292938232422,1,0.1,0
CosPlace,amstertime,410,0.9036725759506226,0.9014009237289429,1,0.1,1
CosPlace,amstertime,411,0.6993100047111511,0.906182050704956,1,0.1,1
CosPlace,amstertime,412,0.8295766711235046,0.8754186034202576,1,0.1,0
CosPlace,amstertime,413,0.8342413902282715,0.8591995239257812,1,0.1,1
CosPlace,amstertime,414,0.8453114032745361,0.9315365552902222,0,0.0,1
CosPlace,amstertime,415,0.7377732396125793,0.8572005033493042,0,0.0,1
CosPlace,amstertime,416,0.8756495714187622,0.9351515769958496,0,0.0,1
CosPlace,amstertime,417,0.8436743021011353,0.8549233675003052,0,0.0,1
CosPlace,amstertime,418,0.626888632774353,0.8721740245819092,1,0.1,1
CosPlace,amstertime,419,0.6589981913566589,0.88744056224823,1,0.1,1
CosPlace,amstertime,420,0.7528932690620422,0.9069186449050903,0,0.0,1
CosPlace,amstertime,421,0.648780345916748,0.9152947664260864,1,0.1,1
CosPlace,amstertime,422,0.5863416194915771,0.931298017501831,1,0.1,1
CosPlace,amstertime,423,0.9475544691085815,0.957484245300293,0,0.0,1
CosPlace,amstertime,424,0.8079450726509094,0.8300803899765015,1,0.1,0
CosPlace,amstertime,425,0.8120747208595276,0.8684693574905396,1,0.1,1
CosPlace,amstertime,426,0.8163901567459106,0.7851346731185913,1,0.1,0
CosPlace,amstertime,427,0.7956752181053162,0.8838098049163818,1,0.1,1
CosPlace,amstertime,428,0.7408563494682312,0.9050880670547485,0,0.0,1
CosPlace,amstertime,429,0.7579793930053711,0.8871940970420837,0,0.0,1
CosPlace,amstertime,430,0.8004570007324219,0.9056993722915649,1,0.1,1
CosPlace,amstertime,431,0.8020645380020142,0.9321155548095703,1,0.1,1
CosPlace,amstertime,432,0.9260555505752563,0.8591576814651489,1,0.1,0
CosPlace,amstertime,433,0.8336527943611145,0.9329055547714233,1,0.1,1
CosPlace,amstertime,434,0.8357572555541992,0.888838529586792,1,0.1,1
CosPlace,amstertime,435,0.622124433517456,0.9392126798629761,1,0.1,1
CosPlace,amstertime,436,0.8544415235519409,0.8865242600440979,1,0.1,0
CosPlace,amstertime,437,0.7666800022125244,0.9123834371566772,1,0.1,1
CosPlace,amstertime,438,0.8239361047744751,0.9226123094558716,1,0.1,0
CosPlace,amstertime,439,0.8342266082763672,0.83903968334198,1,0.1,1
CosPlace,amstertime,440,0.9289898872375488,0.9161272048950195,1,0.1,1
CosPlace,amstertime,441,0.8599035739898682,0.9098429679870605,1,0.1,0
CosPlace,amstertime,442,0.6613809466362,0.8473749756813049,1,0.1,0
CosPlace,amstertime,443,0.8618805408477783,0.952845573425293,0,0.0,1
CosPlace,amstertime,444,0.889816403388977,0.8871262073516846,1,0.1,0
CosPlace,amstertime,445,0.8672937154769897,0.9155111312866211,1,0.1,1
CosPlace,amstertime,446,0.7982555627822876,0.9246967434883118,1,0.1,1
CosPlace,amstertime,447,0.8650480508804321,0.8638937473297119,0,0.0,1
CosPlace,amstertime,448,0.8004686236381531,0.8150120973587036,0,0.0,1
CosPlace,amstertime,449,0.8416629433631897,0.8689701557159424,0,0.0,1
CosPlace,amstertime,450,0.7258966565132141,0.8653206825256348,1,0.1,0
CosPlace,amstertime,451,0.8299127817153931,0.9360518455505371,1,0.1,1
CosPlace,amstertime,452,0.4978242814540863,0.9537583589553833,1,0.1,1
CosPlace,amstertime,453,0.47050654888153076,0.8405557870864868,1,0.1,0
CosPlace,amstertime,454,0.8939729928970337,0.9481760263442993,1,0.1,1
CosPlace,amstertime,455,0.8277885913848877,0.902509331703186,1,0.1,1
CosPlace,amstertime,456,0.7622398138046265,0.8650380373001099,1,0.1,0
CosPlace,amstertime,457,0.4282316267490387,0.9357290267944336,1,0.1,1
CosPlace,amstertime,458,0.6961480379104614,0.9231141805648804,1,0.1,1
CosPlace,amstertime,459,0.8561547994613647,0.9392434358596802,0,0.0,1
CosPlace,amstertime,460,0.5359411239624023,0.8361060619354248,1,0.1,0
CosPlace,amstertime,461,0.6288435459136963,0.9022700190544128,1,0.1,1
CosPlace,amstertime,462,0.6638011932373047,0.8795937895774841,1,0.1,1
CosPlace,amstertime,463,0.43317049741744995,0.9173024892807007,1,0.1,1
CosPlace,amstertime,464,0.6968894600868225,0.8956122994422913,1,0.1,1
CosPlace,amstertime,465,0.7356714010238647,0.8817006945610046,1,0.1,1
CosPlace,amstertime,466,0.46379727125167847,0.8564989566802979,1,0.1,0
CosPlace,amstertime,467,0.8003162741661072,0.8398150205612183,0,0.0,1
CosPlace,amstertime,468,0.5481034517288208,0.9339475035667419,1,0.1,1
CosPlace,amstertime,469,0.600471556186676,0.9156609773635864,0,0.0,1
CosPlace,amstertime,470,0.8673336505889893,0.8738776445388794,0,0.0,1
CosPlace,amstertime,471,0.9162788391113281,0.9077379107475281,0,0.0,1
CosPlace,amstertime,472,0.6825649738311768,0.9037032127380371,1,0.1,0
CosPlace,amstertime,473,0.8293360471725464,0.9047276973724365,0,0.0,1
CosPlace,amstertime,474,0.6864854097366333,0.9567243456840515,1,0.1,1
CosPlace,amstertime,475,0.787711501121521,0.9359164237976074,1,0.1,1
CosPlace,amstertime,476,0.7695269584655762,0.9084115028381348,0,0.0,1
CosPlace,amstertime,477,0.7910267114639282,0.9406574964523315,0,0.0,1
CosPlace,amstertime,478,0.6040297746658325,0.9197213649749756,1,0.1,1
CosPlace,amstertime,479,0.8423576354980469,0.854813277721405,1,0.1,1
CosPlace,amstertime,480,0.578581690788269,0.9399263858795166,1,0.1,1
CosPlace,amstertime,481,0.8672034740447998,0.9489285945892334,0,0.0,1
CosPlace,amstertime,482,0.8525809049606323,0.9460188150405884,1,0.1,0
CosPlace,amstertime,483,0.8338569402694702,0.8695049285888672,0,0.0,1
CosPlace,amstertime,484,0.8017271757125854,0.8928196430206299,1,0.1,1
CosPlace,amstertime,485,0.7930379509925842,0.8659175634384155,1,0.1,1
CosPlace,amstertime,486,0.7340337038040161,0.9084153175354004,1,0.1,1
CosPlace,amstertime,487,0.8791027665138245,0.9033832550048828,1,0.1,0
CosPlace,amstertime,488,0.7454937100410461,0.8540003299713135,0,0.0,1
CosPlace,amstertime,489,0.9230861663818359,0.8922824859619141,0,0.0,1
CosPlace,amstertime,490,0.8519476652145386,0.874401330947876,0,0.0,1
CosPlace,amstertime,491,0.7853683233261108,0.9068570137023926,1,0.1,0
CosPlace,amstertime,492,0.7211246490478516,0.965859055519104,0,0.0,1
CosPlace,amstertime,493,0.8871803283691406,0.925510048866272,0,0.0,1
CosPlace,amstertime,494,0.6103795170783997,0.9144446849822998,1,0.1,0
CosPlace,amstertime,495,0.7804796695709229,0.9020909667015076,0,0.0,1
CosPlace,amstertime,496,0.8544539213180542,0.9024112224578857,0,0.0,1
CosPlace,amstertime,497,0.8912898302078247,0.9060471653938293,1,0.1,1
CosPlace,amstertime,498,0.6903740167617798,0.9042837619781494,1,0.1,1
CosPlace,amstertime,499,0.8788357973098755,0.9436750411987305,0,0.0,1
CosPlace,amstertime,500,0.5439435243606567,0.8714021444320679,1,0.1,0
CosPlace,amstertime,501,0.832123875617981,0.9327913522720337,1,0.1,1
CosPlace,amstertime,502,0.7605284452438354,0.861691951751709,1,0.1,1
CosPlace,amstertime,503,0.6956571340560913,0.8332606554031372,1,0.1,1
CosPlace,amstertime,504,0.6630407571792603,0.9258745908737183,1,0.1,1
CosPlace,amstertime,505,0.8057775497436523,0.8364646434783936,0,0.0,1
CosPlace,amstertime,506,0.8285901546478271,0.8922926187515259,0,0.0,1
CosPlace,amstertime,507,0.8894702196121216,0.8667277097702026,0,0.0,1
CosPlace,amstertime,508,0.5161541700363159,0.9014631509780884,0,0.0,1
CosPlace,amstertime,509,0.850248396396637,0.922343373298645,0,0.0,1
CosPlace,amstertime,510,0.6777093410491943,0.905586838722229,1,0.1,1
CosPlace,amstertime,511,0.8650221228599548,0.8757874965667725,0,0.0,1
CosPlace,amstertime,512,0.870482861995697,0.9258882999420166,0,0.0,1
CosPlace,amstertime,513,0.8956211805343628,0.9429802894592285,0,0.0,1
CosPlace,amstertime,514,0.793127715587616,0.8927575349807739,0,0.0,1
CosPlace,amstertime,515,0.8231608867645264,0.8692315816879272,0,0.0,1
CosPlace,amstertime,516,0.7127830982208252,0.9106173515319824,1,0.1,1
CosPlace,amstertime,517,0.8642247915267944,0.8994280099868774,1,0.1,0
CosPlace,amstertime,518,0.8199082612991333,0.9063117504119873,0,0.0,1
CosPlace,amstertime,519,0.8260682821273804,0.8806136250495911,0,0.0,1
CosPlace,amstertime,520,0.823712944984436,0.9081027507781982,0,0.0,1
CosPlace,amstertime,521,0.8021824359893799,0.9064618349075317,1,0.1,0
CosPlace,amstertime,522,0.8358196020126343,0.9097988605499268,1,0.1,1
CosPlace,amstertime,523,0.816361129283905,0.9392244815826416,0,0.0,1
CosPlace,amstertime,524,0.8168233633041382,0.9245277643203735,0,0.0,1
CosPlace,amstertime,525,0.9388432502746582,0.8776891231536865,0,0.0,1
CosPlace,amstertime,526,0.8655074238777161,0.8706198930740356,0,0.0,1
CosPlace,amstertime,527,0.8816655874252319,0.859453558921814,1,0.1,0
CosPlace,amstertime,528,0.6924428939819336,0.9179351329803467,0,0.0,1
CosPlace,amstertime,529,0.6777093410491943,0.8673897981643677,1,0.1,1
CosPlace,amstertime,530,0.7569044828414917,0.8758413791656494,0,0.0,1
CosPlace,amstertime,531,0.751147985458374,0.9131697416305542,0,0.0,1
CosPlace,amstertime,532,0.768303632736206,0.9368914365768433,1,0.1,1
CosPlace,amstertime,533,0.675491213798523,0.9156656265258789,1,0.1,0
CosPlace,amstertime,534,0.9509353041648865,0.8270862102508545,0,0.0,1
CosPlace,amstertime,535,0.8281012773513794,0.8908673524856567,0,0.0,1
CosPlace,amstertime,536,0.9388432502746582,0.8809980750083923,0,0.0,1
CosPlace,amstertime,537,0.7607709765434265,0.9421306252479553,1,0.1,1
CosPlace,amstertime,538,0.7595504522323608,0.8546145558357239,0,0.0,1
CosPlace,amstertime,539,0.5596606731414795,0.8840895891189575,1,0.1,1
CosPlace,amstertime,540,0.8704501390457153,0.9506654739379883,1,0.1,1
CosPlace,amstertime,541,0.7550477981567383,0.8524812459945679,0,0.0,1
CosPlace,amstertime,542,0.8858699202537537,0.8810679912567139,0,0.0,1
CosPlace,amstertime,543,0.8838250637054443,0.8748449087142944,0,0.0,1
CosPlace,amstertime,544,0.7440195083618164,0.8982618451118469,0,0.0,1
CosPlace,amstertime,545,0.8283494710922241,0.9399568438529968,0,0.0,1
CosPlace,amstertime,546,0.7582710981369019,0.8930397033691406,1,0.1,1
CosPlace,amstertime,547,0.8684356808662415,0.903124988079071,0,0.0,1
CosPlace,amstertime,548,0.8498039245605469,0.9063717126846313,0,0.0,1
CosPlace,amstertime,549,0.9157931804656982,0.932467520236969,0,0.0,1
CosPlace,amstertime,550,0.9217414855957031,0.8808324337005615,0,0.0,1
CosPlace,amstertime,551,0.7566442489624023,0.9203481078147888,0,0.0,1
CosPlace,amstertime,552,0.8199570178985596,0.9287850856781006,0,0.0,1
CosPlace,amstertime,553,0.8706440925598145,0.9143224358558655,0,0.0,1
CosPlace,amstertime,554,0.7838010787963867,0.9216057062149048,0,0.0,1
CosPlace,amstertime,555,0.7669453620910645,0.9151009321212769,0,0.0,1
CosPlace,amstertime,556,0.7650034427642822,0.8574438095092773,0,0.0,1
CosPlace,amstertime,557,0.804444432258606,0.8929104804992676,0,0.0,1
CosPlace,amstertime,558,0.8640903234481812,0.926437497138977,0,0.0,1
CosPlace,amstertime,559,0.8244981169700623,0.8223738670349121,1,0.1,1
CosPlace,amstertime,560,0.8777918815612793,0.9011640548706055,0,0.0,1
CosPlace,amstertime,561,0.7933675050735474,0.8953378200531006,0,0.0,1
CosPlace,amstertime,562,0.7939146757125854,0.8887790441513062,1,0.1,0
CosPlace,amstertime,563,0.8194345831871033,0.8395235538482666,0,0.0,1
CosPlace,amstertime,564,0.5492234230041504,0.8635697960853577,1,0.1,0
CosPlace,amstertime,565,0.9019976854324341,0.913161039352417,0,0.0,1
CosPlace,amstertime,566,0.7714290618896484,0.8371139168739319,1,0.1,0
CosPlace,amstertime,567,0.7535545229911804,0.909721851348877,0,0.0,1
CosPlace,amstertime,568,0.8440847396850586,0.8780587911605835,1,0.1,0
CosPlace,amstertime,569,0.8123941421508789,0.903724193572998,1,0.1,1
CosPlace,amstertime,570,0.5554413795471191,0.8949626088142395,1,0.1,0
CosPlace,amstertime,571,0.7799630165100098,0.8703914880752563,0,0.0,1
CosPlace,amstertime,572,0.809293270111084,0.9250364303588867,1,0.1,1
CosPlace,amstertime,573,0.7500184774398804,0.9208831787109375,1,0.1,0
CosPlace,amstertime,574,0.5096452236175537,0.895455002784729,1,0.1,1
CosPlace,amstertime,575,0.835715651512146,0.9197820425033569,1,0.1,0
CosPlace,amstertime,576,0.9038457274436951,0.9227591156959534,0,0.0,1
CosPlace,amstertime,577,0.7885866165161133,0.8773421049118042,0,0.0,1
CosPlace,amstertime,578,0.823474645614624,0.8685735464096069,0,0.0,1
CosPlace,amstertime,579,0.849972128868103,0.9396963119506836,0,0.0,1
CosPlace,amstertime,580,0.7913486957550049,0.9181942939758301,0,0.0,1
CosPlace,amstertime,581,0.869878888130188,0.8895819783210754,0,0.0,1
CosPlace,amstertime,582,0.889828622341156,0.9064593315124512,0,0.0,1
CosPlace,amstertime,583,0.8639428615570068,0.9292224049568176,0,0.0,1
CosPlace,amstertime,584,0.7172123193740845,0.8594520092010498,1,0.1,0
CosPlace,amstertime,585,0.8929514288902283,0.8682323694229126,1,0.1,0
CosPlace,amstertime,586,0.45603618025779724,0.8443986177444458,1,0.1,0
CosPlace,amstertime,587,0.7039939165115356,0.9206192493438721,1,0.1,1
CosPlace,amstertime,588,0.627849817276001,0.9178006649017334,1,0.1,0
CosPlace,amstertime,589,0.47430330514907837,0.78307044506073,1,0.1,0
CosPlace,amstertime,590,0.7680046558380127,0.8821331262588501,1,0.1,1
CosPlace,amstertime,591,0.8136686086654663,0.8859012722969055,1,0.1,1
CosPlace,amstertime,592,0.5961465835571289,0.9432342052459717,1,0.1,0
CosPlace,amstertime,593,0.5690786242485046,0.8497844934463501,1,0.1,0
CosPlace,amstertime,594,0.7925616502761841,0.8152596354484558,1,0.1,1
CosPlace,amstertime,595,0.504546046257019,0.9352352023124695,1,0.1,1
CosPlace,amstertime,596,0.7313662767410278,0.8372958302497864,1,0.1,1
CosPlace,amstertime,597,0.9018111824989319,0.9034337997436523,0,0.0,1
CosPlace,amstertime,598,0.8582286834716797,0.9473016262054443,0,0.0,1
CosPlace,amstertime,599,0.6486994028091431,0.9430598020553589,1,0.1,1
CosPlace,amstertime,600,0.7159812450408936,0.8893082141876221,1,0.1,1
CosPlace,amstertime,601,0.8434106111526489,0.892414391040802,0,0.0,1
CosPlace,amstertime,602,0.5685385465621948,0.8743208646774292,1,0.1,1
CosPlace,amstertime,603,0.9493032097816467,0.8804721832275391,1,0.1,0
CosPlace,amstertime,604,0.7226192951202393,0.8871496915817261,1,0.1,1
CosPlace,amstertime,605,0.8616837859153748,0.9645019769668579,0,0.0,1
CosPlace,amstertime,606,0.6901342272758484,0.9490277767181396,1,0.1,0
CosPlace,amstertime,607,0.5132311582565308,0.8798732161521912,1,0.1,1
CosPlace,amstertime,608,0.6130874156951904,0.9552254676818848,1,0.1,0
CosPlace,amstertime,609,0.815808892250061,0.9393278360366821,1,0.1,1
CosPlace,amstertime,610,0.8814774751663208,0.8694403171539307,1,0.1,1
CosPlace,amstertime,611,0.891376256942749,0.8612875938415527,1,0.1,1
CosPlace,amstertime,612,0.8800818920135498,0.9051645994186401,0,0.0,1
CosPlace,amstertime,613,0.8091987371444702,0.9234378337860107,1,0.1,1
CosPlace,amstertime,614,0.7282353043556213,0.9246011972427368,0,0.0,1
CosPlace,amstertime,615,0.7551371455192566,0.9069217443466187,1,0.1,1
CosPlace,amstertime,616,0.8169896602630615,0.9180400967597961,1,0.1,0
CosPlace,amstertime,617,0.6114039421081543,0.8512412309646606,1,0.1,0
CosPlace,amstertime,618,0.7923952341079712,0.9240891337394714,1,0.1,1
CosPlace,amstertime,619,0.7298309803009033,0.7960982322692871,1,0.1,0
CosPlace,amstertime,620,0.6193926334381104,0.835640013217926,1,0.1,1
CosPlace,amstertime,621,0.7313662767410278,0.7751372456550598,1,0.1,1
CosPlace,amstertime,622,0.9136554002761841,0.9061740636825562,0,0.0,1
CosPlace,amstertime,623,0.8513861894607544,0.8816403746604919,1,0.1,1
CosPlace,amstertime,624,0.6239985823631287,0.9087185859680176,1,0.1,0
CosPlace,amstertime,625,0.7034022808074951,0.8683256506919861,1,0.1,1
CosPlace,amstertime,626,0.6253090500831604,0.8848381042480469,1,0.1,0
CosPlace,amstertime,627,0.8258029222488403,0.9309729337692261,1,0.1,1
CosPlace,amstertime,628,0.8151470422744751,0.8797901272773743,1,0.1,1
CosPlace,amstertime,629,0.9191240072250366,0.9391947984695435,1,0.1,0
CosPlace,amstertime,630,0.9235793352127075,0.8613202571868896,1,0.1,0
CosPlace,amstertime,631,0.6124500036239624,0.9503978490829468,1,0.1,1
CosPlace,amstertime,632,0.8872803449630737,0.9382607340812683,0,0.0,1
CosPlace,amstertime,633,0.5674912929534912,0.9520031213760376,1,0.1,1
CosPlace,amstertime,634,0.773821234703064,0.9258823990821838,1,0.1,1
CosPlace,amstertime,635,0.7209326028823853,0.9032751321792603,1,0.1,1
CosPlace,amstertime,636,0.7043346166610718,0.948896050453186,1,0.1,1
CosPlace,amstertime,637,0.8551286458969116,0.8938024640083313,1,0.1,1
CosPlace,amstertime,638,0.9035689830780029,0.9261283278465271,0,0.0,1
CosPlace,amstertime,639,0.8589037656784058,0.8682169318199158,1,0.1,1
CosPlace,amstertime,640,0.8502051830291748,0.9484033584594727,0,0.0,1
CosPlace,amstertime,641,0.7636570930480957,0.8910924792289734,1,0.1,1
CosPlace,amstertime,642,0.7660737633705139,0.8547648191452026,1,0.1,0
CosPlace,amstertime,643,0.8455103635787964,0.9201804995536804,0,0.0,1
CosPlace,amstertime,644,0.8065289258956909,0.921334981918335,1,0.1,1
CosPlace,amstertime,645,0.9479982256889343,0.9028425216674805,0,0.0,1
CosPlace,amstertime,646,0.9245662689208984,0.9286257028579712,1,0.1,1
CosPlace,amstertime,647,0.8086400628089905,0.9453457593917847,1,0.1,0
CosPlace,amstertime,648,0.8608720302581787,0.9304240942001343,0,0.0,1
CosPlace,amstertime,649,0.8587114810943604,0.826675295829773,0,0.0,1
CosPlace,amstertime,650,0.5134749412536621,0.8372100591659546,1,0.1,0
CosPlace,amstertime,651,0.604002833366394,0.8550295829772949,1,0.1,0
CosPlace,amstertime,652,0.7808609008789062,0.9095162153244019,1,0.1,1
CosPlace,amstertime,653,0.4923621416091919,0.8817678689956665,1,0.1,1
CosPlace,amstertime,654,0.6957048177719116,0.9139069318771362,1,0.1,0
CosPlace,amstertime,655,0.5142778158187866,0.8867077827453613,1,0.1,0
CosPlace,amstertime,656,0.8198344707489014,0.8472806811332703,1,0.1,1
CosPlace,amstertime,657,0.42285943031311035,0.8218399286270142,1,0.1,1
CosPlace,amstertime,658,0.5871897339820862,0.7943110466003418,1,0.1,1
CosPlace,amstertime,659,0.8198344707489014,0.8856288194656372,1,0.1,0
CosPlace,amstertime,660,0.6461045742034912,0.9130964875221252,0,0.0,1
CosPlace,amstertime,661,0.8477997779846191,0.8888169527053833,0,0.0,1
CosPlace,amstertime,662,0.8728638291358948,0.8015238046646118,0,0.0,1
CosPlace,amstertime,663,0.8956183195114136,0.9237783551216125,0,0.0,1
CosPlace,amstertime,664,0.9128421545028687,0.7424814701080322,1,0.1,0
CosPlace,amstertime,665,0.9278585910797119,0.9195889234542847,0,0.0,1
CosPlace,amstertime,666,0.8168242573738098,0.9019836187362671,0,0.0,1
CosPlace,amstertime,667,0.7480120658874512,0.9677808284759521,0,0.0,1
CosPlace,amstertime,668,0.5161541700363159,0.8438676595687866,1,0.1,1
CosPlace,amstertime,669,0.7300447225570679,0.9486786127090454,1,0.1,1
CosPlace,amstertime,670,0.8245759010314941,0.9297699928283691,1,0.1,1
CosPlace,amstertime,671,0.8468024730682373,0.9350748062133789,0,0.0,1
CosPlace,amstertime,672,0.7027426958084106,0.9240661859512329,0,0.0,1
CosPlace,amstertime,673,0.610824704170227,0.9355337023735046,1,0.1,1
CosPlace,amstertime,674,0.7227827310562134,0.8788242936134338,1,0.1,0
CosPlace,amstertime,675,0.8663222789764404,0.941124439239502,1,0.1,1
CosPlace,amstertime,676,0.7642900943756104,0.9260498285293579,0,0.0,1
CosPlace,amstertime,677,0.6373518705368042,0.9015417695045471,1,0.1,1
CosPlace,amstertime,678,0.8629528284072876,0.90423583984375,1,0.1,1
CosPlace,amstertime,679,0.8575766086578369,0.8682311773300171,0,0.0,1
CosPlace,amstertime,680,0.8858749866485596,0.9253308773040771,0,0.0,1
CosPlace,amstertime,681,0.7347544431686401,0.9041849374771118,1,0.1,0
CosPlace,amstertime,682,0.9381247162818909,0.8543671369552612,1,0.1,1
CosPlace,amstertime,683,0.7731825113296509,0.9403798580169678,1,0.1,0
CosPlace,amstertime,684,0.8945120573043823,0.9417659640312195,0,0.0,1
CosPlace,amstertime,685,0.7004002332687378,0.9197800159454346,1,0.1,1
CosPlace,amstertime,686,0.840467095375061,0.9441989064216614,0,0.0,1
CosPlace,amstertime,687,0.8892346024513245,0.9536237716674805,0,0.0,1
CosPlace,amstertime,688,0.8552576303482056,0.8687832355499268,1,0.1,1
CosPlace,amstertime,689,0.695972204208374,0.9110389947891235,0,0.0,1
CosPlace,amstertime,690,0.8817652463912964,0.8004128932952881,0,0.0,1
CosPlace,amstertime,691,0.8605332970619202,0.9551883935928345,1,0.1,1
CosPlace,amstertime,692,0.8371246457099915,0.8599803447723389,0,0.0,1
CosPlace,amstertime,693,0.6975240707397461,0.9338674545288086,1,0.1,1
CosPlace,amstertime,694,0.7629060745239258,0.9082720279693604,1,0.1,1
CosPlace,amstertime,695,0.6543551683425903,0.9458024501800537,1,0.1,1
CosPlace,amstertime,696,0.9690644145011902,0.892876386642456,0,0.0,1
CosPlace,amstertime,697,0.7937510013580322,0.8855839967727661,0,0.0,1
CosPlace,amstertime,698,0.9024890065193176,0.8696960806846619,0,0.0,1
CosPlace,amstertime,699,0.8447325229644775,0.8873944282531738,0,0.0,1
CosPlace,amstertime,700,0.7742177248001099,0.924088716506958,0,0.0,1
CosPlace,amstertime,701,0.714186429977417,0.8747072219848633,1,0.1,1
CosPlace,amstertime,702,0.923517644405365,0.9055308103561401,1,0.1,1
CosPlace,amstertime,703,0.751082181930542,0.8738847374916077,0,0.0,1
CosPlace,amstertime,704,0.8439220190048218,0.9326963424682617,1,0.1,1
CosPlace,amstertime,705,0.8171308636665344,0.9167096018791199,0,0.0,1
CosPlace,amstertime,706,0.719746470451355,0.9232314825057983,0,0.0,1
CosPlace,amstertime,707,0.8400675058364868,0.9041081666946411,1,0.1,1
CosPlace,amstertime,708,0.8945038318634033,0.8611074686050415,1,0.1,0
CosPlace,amstertime,709,0.9218569993972778,0.8818414211273193,0,0.0,1
CosPlace,amstertime,710,0.8274967074394226,0.938376784324646,0,0.0,1
CosPlace,amstertime,711,0.7731447815895081,0.8632898330688477,0,0.0,1
CosPlace,amstertime,712,0.7731447815895081,0.8769724369049072,0,0.0,1
CosPlace,amstertime,713,0.8866673111915588,0.8518068790435791,0,0.0,1
CosPlace,amstertime,714,0.8898741006851196,0.8958816528320312,0,0.0,1
CosPlace,amstertime,715,0.8608517050743103,0.9460799694061279,0,0.0,1
CosPlace,amstertime,716,0.821591317653656,0.8884201645851135,1,0.1,0
CosPlace,amstertime,717,0.8828163146972656,0.9253321886062622,0,0.0,1
CosPlace,amstertime,718,0.813917875289917,0.9273926019668579,1,0.1,1
CosPlace,amstertime,719,0.8453110456466675,0.9326413869857788,0,0.0,1
CosPlace,amstertime,720,0.7016103267669678,0.8362764716148376,1,0.1,1
CosPlace,amstertime,721,0.8408574461936951,0.8995379209518433,1,0.1,0
CosPlace,amstertime,722,0.859322726726532,0.913860559463501,0,0.0,1
CosPlace,amstertime,723,0.7802025675773621,0.8808901309967041,0,0.0,1
CosPlace,amstertime,724,0.7248258590698242,0.9115636348724365,1,0.1,0
CosPlace,amstertime,725,0.8278847336769104,0.9029638767242432,1,0.1,0
CosPlace,amstertime,726,0.859484076499939,0.912600040435791,1,0.1,1
CosPlace,amstertime,727,0.9321158528327942,0.925003170967102,1,0.1,1
CosPlace,amstertime,728,0.8516227006912231,0.9225984811782837,1,0.1,0
CosPlace,amstertime,729,0.8290172815322876,0.8967236280441284,1,0.1,1
CosPlace,amstertime,730,0.8312901854515076,0.9017843008041382,0,0.0,1
CosPlace,amstertime,731,0.8688946962356567,0.8880274891853333,0,0.0,1
CosPlace,amstertime,732,0.8656363487243652,0.8784353733062744,1,0.1,1
CosPlace,amstertime,733,0.9038692712783813,0.83619624376297,0,0.0,1
CosPlace,amstertime,734,0.9254400730133057,0.9099113345146179,0,0.0,1
CosPlace,amstertime,735,0.7916581034660339,0.8732870817184448,1,0.1,0
CosPlace,amstertime,736,0.7731825113296509,0.9265339374542236,1,0.1,1
CosPlace,amstertime,737,0.8728638291358948,0.829027533531189,0,0.0,1
CosPlace,amstertime,738,0.8796096444129944,0.8832411766052246,1,0.1,1
CosPlace,amstertime,739,0.8698533773422241,0.964739203453064,1,0.1,1
CosPlace,amstertime,740,0.5938001275062561,0.9121286869049072,0,0.0,1
CosPlace,amstertime,741,0.7601161003112793,0.9096026420593262,1,0.1,0
CosPlace,amstertime,742,0.7539685964584351,0.9257882833480835,0,0.0,1
CosPlace,amstertime,743,0.8164581060409546,0.9477311372756958,1,0.1,1
CosPlace,amstertime,744,0.8011809587478638,0.865363359451294,1,0.1,0
CosPlace,amstertime,745,0.7681863307952881,0.9059146046638489,1,0.1,1
CosPlace,amstertime,746,0.7681863307952881,0.9211941361427307,1,0.1,1
CosPlace,amstertime,747,0.6952552795410156,0.909613311290741,0,0.0,1
CosPlace,amstertime,748,0.5015974044799805,0.8563119173049927,1,0.1,1
CosPlace,amstertime,749,0.9333930015563965,0.9055400490760803,0,0.0,1
CosPlace,amstertime,750,0.8602075576782227,0.9013426303863525,0,0.0,1
CosPlace,amstertime,751,0.7484766244888306,0.9247158765792847,0,0.0,1
CosPlace,amstertime,752,0.8293392062187195,0.9173071384429932,1,0.1,1
CosPlace,amstertime,753,0.9513806700706482,0.8456803560256958,0,0.0,1
CosPlace,amstertime,754,0.9217499494552612,0.8728228807449341,1,0.1,1
CosPlace,amstertime,755,0.923627495765686,0.9253371953964233,1,0.1,1
CosPlace,amstertime,756,0.7503525614738464,0.929716944694519,1,0.1,1
CosPlace,amstertime,757,0.7675145864486694,0.9401776790618896,1,0.1,1
CosPlace,amstertime,758,0.8135905265808105,0.9590849280357361,0,0.0,1
CosPlace,amstertime,759,0.9034469723701477,0.8794113397598267,0,0.0,1
CosPlace,amstertime,760,0.7038625478744507,0.9394656419754028,1,0.1,1
CosPlace,amstertime,761,0.8762365579605103,0.8916584849357605,0,0.0,1
CosPlace,amstertime,762,0.9177292585372925,0.9506974220275879,0,0.0,1
CosPlace,amstertime,763,0.7038625478744507,0.9378524422645569,1,0.1,1
CosPlace,amstertime,764,0.9269413352012634,0.9194290637969971,0,0.0,1
CosPlace,amstertime,765,0.8798412084579468,0.9079320430755615,0,0.0,1
CosPlace,amstertime,766,0.6510522365570068,0.8800995349884033,0,0.0,1
CosPlace,amstertime,767,0.46589770913124084,0.8860894441604614,1,0.1,1
CosPlace,amstertime,768,0.807005763053894,0.8848611116409302,0,0.0,1
CosPlace,amstertime,769,0.8197925090789795,0.8946163654327393,0,0.0,1
CosPlace,amstertime,770,0.7905970811843872,0.8680520057678223,1,0.1,0
CosPlace,amstertime,771,0.4893524944782257,0.931938111782074,1,0.1,0
CosPlace,amstertime,772,0.9068911075592041,0.8892408013343811,0,0.0,1
CosPlace,amstertime,773,0.8306522965431213,0.9105024337768555,1,0.1,0
CosPlace,amstertime,774,0.8573410511016846,0.9282851219177246,0,0.0,1
CosPlace,amstertime,775,0.8996127247810364,0.9220349192619324,0,0.0,1
CosPlace,amstertime,776,0.7357453107833862,0.9115880727767944,0,0.0,1
CosPlace,amstertime,777,0.8170903921127319,0.8509695529937744,0,0.0,1
CosPlace,amstertime,778,0.9128183126449585,0.9311630725860596,1,0.1,1
CosPlace,amstertime,779,0.91621994972229,0.8804887533187866,0,0.0,1
CosPlace,amstertime,780,0.8876025080680847,0.9337973594665527,0,0.0,1
CosPlace,amstertime,781,0.76939457654953,0.8459801077842712,1,0.1,0
CosPlace,amstertime,782,0.7002660036087036,0.9245662093162537,1,0.1,1
CosPlace,amstertime,783,0.613946795463562,0.8771330118179321,1,0.1,0
CosPlace,amstertime,784,0.8648780584335327,0.8840504884719849,0,0.0,1
CosPlace,amstertime,785,0.8565269112586975,0.847239077091217,0,0.0,1
CosPlace,amstertime,786,0.7989283800125122,0.9335871338844299,0,0.0,1
CosPlace,amstertime,787,0.8725692629814148,0.8979684114456177,0,0.0,1
CosPlace,amstertime,788,0.7459533214569092,0.8980164527893066,0,0.0,1
CosPlace,amstertime,789,0.7486518025398254,0.9062397480010986,1,0.1,0
CosPlace,amstertime,790,0.9055947065353394,0.8878429532051086,0,0.0,1
CosPlace,amstertime,791,0.773705244064331,0.7929450273513794,1,0.1,0
CosPlace,amstertime,792,0.8230036497116089,0.9376918077468872,0,0.0,1
CosPlace,amstertime,793,0.8289822340011597,0.8600040674209595,1,0.1,1
CosPlace,amstertime,794,0.8999914526939392,0.9368079304695129,1,0.1,1
CosPlace,amstertime,795,0.8390853404998779,0.9452877044677734,0,0.0,1
CosPlace,amstertime,796,0.8404886722564697,0.8927865028381348,0,0.0,1
CosPlace,amstertime,797,0.870834469795227,0.9075236320495605,0,0.0,1
CosPlace,amstertime,798,0.8862329125404358,0.9638190269470215,1,0.1,0
CosPlace,amstertime,799,0.8529889583587646,0.9462127685546875,1,0.1,1
CosPlace,amstertime,800,0.5918636322021484,0.9035066366195679,1,0.1,0
CosPlace,amstertime,801,0.7671403288841248,0.8945572376251221,0,0.0,1
CosPlace,amstertime,802,0.823474645614624,0.9511077404022217,0,0.0,1
CosPlace,amstertime,803,0.8123941421508789,0.9079626202583313,1,0.1,0
CosPlace,amstertime,804,0.6891418695449829,0.8807418942451477,1,0.1,0
CosPlace,amstertime,805,0.761940598487854,0.9501733779907227,0,0.0,1
CosPlace,amstertime,806,0.8060853481292725,0.9210007190704346,0,0.0,1
CosPlace,amstertime,807,0.8649594783782959,0.9550153017044067,0,0.0,1
CosPlace,amstertime,808,0.6887195110321045,0.9055033922195435,1,0.1,1
CosPlace,amstertime,809,0.7180987596511841,0.9281260967254639,1,0.1,0
CosPlace,amstertime,810,0.9145786762237549,0.8819818496704102,0,0.0,1
CosPlace,amstertime,811,0.5209246873855591,0.9277127385139465,1,0.1,0
CosPlace,amstertime,812,0.8836053609848022,0.8558022379875183,1,0.1,0
CosPlace,amstertime,813,0.8440847396850586,0.8498921990394592,1,0.1,1
CosPlace,amstertime,814,0.782776951789856,0.9547893404960632,1,0.1,0
CosPlace,amstertime,815,0.6910262107849121,0.9043624997138977,1,0.1,0
CosPlace,amstertime,816,0.8917444944381714,0.9346526861190796,0,0.0,1
CosPlace,amstertime,817,0.8469108939170837,0.911375880241394,1,0.1,1
CosPlace,amstertime,818,0.6644427180290222,0.8422456383705139,1,0.1,0
CosPlace,amstertime,819,0.8555763959884644,0.9530726671218872,1,0.1,1
CosPlace,amstertime,820,0.9334355592727661,0.904257595539093,0,0.0,1
CosPlace,amstertime,821,0.7781854271888733,0.7689781188964844,1,0.1,0
CosPlace,amstertime,822,0.8302041292190552,0.8908903002738953,1,0.1,1
CosPlace,amstertime,823,0.7132994532585144,0.9073300361633301,1,0.1,0
CosPlace,amstertime,824,0.7655951976776123,0.9030494689941406,1,0.1,0
CosPlace,amstertime,825,0.7434859275817871,0.9752395153045654,1,0.1,1
CosPlace,amstertime,826,0.938605010509491,0.9516813158988953,0,0.0,1
CosPlace,amstertime,827,0.6198259592056274,0.9037445187568665,1,0.1,0
CosPlace,amstertime,828,0.876441478729248,0.9632021188735962,0,0.0,1
CosPlace,amstertime,829,0.8106621503829956,0.8642486929893494,1,0.1,1
CosPlace,amstertime,830,0.8803704380989075,0.9101338386535645,0,0.0,1
CosPlace,amstertime,831,0.7808061838150024,0.8692321181297302,1,0.1,0
CosPlace,amstertime,832,0.7163777351379395,0.9416066408157349,1,0.1,1
CosPlace,amstertime,833,0.891376256942749,0.9367950558662415,0,0.0,1
CosPlace,amstertime,834,0.744475245475769,0.9126784801483154,0,0.0,1
CosPlace,amstertime,835,0.8363603353500366,0.8203026056289673,1,0.1,1
CosPlace,amstertime,836,0.7000288963317871,0.9401547312736511,1,0.1,1
CosPlace,amstertime,837,0.536733090877533,0.8719545602798462,1,0.1,0
CosPlace,amstertime,838,0.7336353063583374,0.9407469034194946,1,0.1,1
CosPlace,amstertime,839,0.8885334134101868,0.8882284164428711,0,0.0,1
CosPlace,amstertime,840,0.7100115418434143,0.8837682604789734,1,0.1,1
CosPlace,amstertime,841,0.7100222110748291,0.9518367648124695,1,0.1,1
CosPlace,amstertime,842,0.8254393339157104,0.8953818082809448,0,0.0,1
CosPlace,amstertime,843,0.8756478428840637,0.8867162466049194,0,0.0,1
CosPlace,amstertime,844,0.6601402759552002,0.6496875286102295,1,0.1,1
CosPlace,amstertime,845,0.8178207278251648,0.9215118288993835,0,0.0,1
CosPlace,amstertime,846,0.8886863589286804,0.8829405307769775,1,0.1,1
CosPlace,amstertime,847,0.7279389500617981,0.8508564233779907,0,0.0,1
CosPlace,amstertime,848,0.7638707756996155,0.8567260503768921,1,0.1,1
CosPlace,amstertime,849,0.540113091468811,0.896227240562439,1,0.1,1
CosPlace,amstertime,850,0.7638707756996155,0.9351397752761841,1,0.1,1
CosPlace,amstertime,851,0.6565626859664917,0.9590272903442383,1,0.1,1
CosPlace,amstertime,852,0.7586519122123718,0.9263535737991333,1,0.1,0
CosPlace,amstertime,853,0.84440016746521,0.8630498051643372,0,0.0,1
CosPlace,amstertime,854,0.8118551969528198,0.8778698444366455,1,0.1,1
CosPlace,amstertime,855,0.6227964162826538,0.921663761138916,1,0.1,1
CosPlace,amstertime,856,0.7588404417037964,0.8682986497879028,0,0.0,1
CosPlace,amstertime,857,0.8099449872970581,0.8980282545089722,0,0.0,1
CosPlace,amstertime,858,0.8159128427505493,0.8834869265556335,1,0.1,0
CosPlace,amstertime,859,0.5209246873855591,0.9158470034599304,1,0.1,1
CosPlace,amstertime,860,0.8521596193313599,0.9411944150924683,1,0.1,1
CosPlace,amstertime,861,0.7565457820892334,0.9526895880699158,1,0.1,1
CosPlace,amstertime,862,0.6682929992675781,0.8117552995681763,1,0.1,0
CosPlace,amstertime,863,0.8594964742660522,0.9368851184844971,0,0.0,1
CosPlace,amstertime,864,0.8717620372772217,0.9168158173561096,0,0.0,1
CosPlace,amstertime,865,0.8717620372772217,0.8513928651809692,0,0.0,1
CosPlace,amstertime,866,0.8521596193313599,0.8954677581787109,1,0.1,1
CosPlace,amstertime,867,0.8913130760192871,0.8929973840713501,1,0.1,1
CosPlace,amstertime,868,0.6951911449432373,0.9352073073387146,1,0.1,1
CosPlace,amstertime,869,0.7564488649368286,0.88553786277771,1,0.1,1
CosPlace,amstertime,870,0.8809667229652405,0.9488515853881836,0,0.0,1
CosPlace,amstertime,871,0.7489339113235474,0.9532336592674255,0,0.0,1
CosPlace,amstertime,872,0.8025870323181152,0.9189555048942566,0,0.0,1
CosPlace,amstertime,873,0.9322898387908936,0.9213476777076721,1,0.1,1
CosPlace,amstertime,874,0.838239848613739,0.9403544664382935,1,0.1,1
CosPlace,amstertime,875,0.8988523483276367,0.9032657146453857,1,0.1,1
CosPlace,amstertime,876,0.8033453822135925,0.9222843050956726,1,0.1,0
CosPlace,amstertime,877,0.8937145471572876,0.9658706188201904,0,0.0,1
CosPlace,amstertime,878,0.7525478601455688,0.8714654445648193,1,0.1,1
CosPlace,amstertime,879,0.8389278054237366,0.8962876200675964,1,0.1,1
CosPlace,amstertime,880,0.6530191898345947,0.9184169769287109,1,0.1,1
CosPlace,amstertime,881,0.6883465051651001,0.8771125674247742,1,0.1,1
CosPlace,amstertime,882,0.6633093357086182,0.8673543334007263,1,0.1,1
CosPlace,amstertime,883,0.5002615451812744,0.8925747871398926,1,0.1,0
CosPlace,amstertime,884,0.8326892852783203,0.9363765716552734,0,0.0,1
CosPlace,amstertime,885,0.9056475162506104,0.9324638247489929,0,0.0,1
CosPlace,amstertime,886,0.7710410356521606,0.9426803588867188,0,0.0,1
CosPlace,amstertime,887,0.8020825982093811,0.9198734164237976,1,0.1,1
CosPlace,amstertime,888,0.8205773830413818,0.9204424619674683,1,0.1,1
CosPlace,amstertime,889,0.8903852701187134,0.855629563331604,0,0.0,1
CosPlace,amstertime,890,0.7061320543289185,0.9184066653251648,1,0.1,1
CosPlace,amstertime,891,0.6185142993927002,0.8391803503036499,1,0.1,0
CosPlace,amstertime,892,0.6956606507301331,0.8447836637496948,1,0.1,1
CosPlace,amstertime,893,0.8527624607086182,0.892333984375,0,0.0,1
CosPlace,amstertime,894,0.8461816310882568,0.8941910266876221,1,0.1,0
CosPlace,amstertime,895,0.8423240184783936,0.9105852842330933,0,0.0,1
CosPlace,amstertime,896,0.8974572420120239,0.9249134063720703,0,0.0,1
CosPlace,amstertime,897,0.881292462348938,0.9384218454360962,1,0.1,1
CosPlace,amstertime,898,0.7240575551986694,0.891576886177063,1,0.1,1
CosPlace,amstertime,899,0.810085117816925,0.9265995025634766,1,0.1,0
CosPlace,amstertime,900,0.9314844608306885,0.9362858533859253,0,0.0,1
CosPlace,amstertime,901,0.8091810941696167,0.9645836353302002,1,0.1,1
CosPlace,amstertime,902,0.6559690833091736,0.9099000096321106,1,0.1,0
CosPlace,amstertime,903,0.5571866035461426,0.8238504528999329,1,0.1,0
CosPlace,amstertime,904,0.8608720302581787,0.9189758896827698,0,0.0,1
CosPlace,amstertime,905,0.6757856607437134,0.8977251648902893,1,0.1,1
CosPlace,amstertime,906,0.8763046264648438,0.8714592456817627,1,0.1,1
CosPlace,amstertime,907,0.6402058005332947,0.8917098045349121,1,0.1,1
CosPlace,amstertime,908,0.8930191993713379,0.83513343334198,1,0.1,0
CosPlace,amstertime,909,0.6030638813972473,0.8791781663894653,1,0.1,0
CosPlace,amstertime,910,0.8795173168182373,0.9116919040679932,0,0.0,1
CosPlace,amstertime,911,0.822447657585144,0.8818728923797607,0,0.0,1
CosPlace,amstertime,912,0.8207809329032898,0.8955805897712708,0,0.0,1
CosPlace,amstertime,913,0.6606869697570801,0.9315959811210632,1,0.1,1
CosPlace,amstertime,914,0.7236200571060181,0.8809089660644531,1,0.1,1
CosPlace,amstertime,915,0.8022489547729492,0.8870060443878174,1,0.1,0
CosPlace,amstertime,916,0.7670751810073853,0.9050384759902954,1,0.1,1
CosPlace,amstertime,917,0.7410972118377686,0.9080628156661987,1,0.1,1
CosPlace,amstertime,918,0.8655319213867188,0.8927735686302185,0,0.0,1
CosPlace,amstertime,919,0.6160856485366821,0.943734347820282,1,0.1,1
CosPlace,amstertime,920,0.6435122489929199,0.8897044658660889,1,0.1,1
CosPlace,amstertime,921,0.9492908120155334,0.9637093544006348,1,0.1,1
CosPlace,amstertime,922,0.6435122489929199,0.9060002565383911,1,0.1,0
CosPlace,amstertime,923,0.5935666561126709,0.942918062210083,1,0.1,0
CosPlace,amstertime,924,0.6901342272758484,0.9076688885688782,1,0.1,1
CosPlace,amstertime,925,0.6083979606628418,0.8968822360038757,1,0.1,1
CosPlace,amstertime,926,0.6078782081604004,0.9009537696838379,1,0.1,1
CosPlace,amstertime,927,0.9289329051971436,0.8713889718055725,0,0.0,1
CosPlace,amstertime,928,0.8648442625999451,0.9139988422393799,1,0.1,1
CosPlace,amstertime,929,0.9011054039001465,0.9340881109237671,0,0.0,1
CosPlace,amstertime,930,0.6788971424102783,0.8948978781700134,1,0.1,1
CosPlace,amstertime,931,0.8204392194747925,0.9354380369186401,1,0.1,1
CosPlace,amstertime,932,0.726801872253418,0.9496169090270996,1,0.1,0
CosPlace,amstertime,933,0.8276931047439575,0.950960636138916,1,0.1,1
CosPlace,amstertime,934,0.6950110793113708,0.8873633146286011,1,0.1,1
CosPlace,amstertime,935,0.8892723321914673,0.7807592749595642,1,0.1,0
CosPlace,amstertime,936,0.659408450126648,0.9152333736419678,1,0.1,1
CosPlace,amstertime,937,0.6694608926773071,0.9002522230148315,1,0.1,0
CosPlace,amstertime,938,0.8756495714187622,0.9225086569786072,1,0.1,1
CosPlace,amstertime,939,0.6029891967773438,0.8971823453903198,1,0.1,1
CosPlace,amstertime,940,0.821587324142456,0.9335322380065918,1,0.1,1
CosPlace,amstertime,941,0.8706347346305847,0.9214094877243042,0,0.0,1
CosPlace,amstertime,942,0.6948688626289368,0.9546175599098206,1,0.1,0
CosPlace,amstertime,943,0.6103881597518921,0.899051308631897,1,0.1,1
CosPlace,amstertime,944,0.8743054866790771,0.9425259828567505,1,0.1,1
CosPlace,amstertime,945,0.5585956573486328,0.8195706605911255,1,0.1,0
CosPlace,amstertime,946,0.6363366842269897,0.8002016544342041,1,0.1,0
CosPlace,amstertime,947,0.7593708634376526,0.7144069671630859,0,0.0,1
CosPlace,amstertime,948,0.6544015407562256,0.9218205213546753,1,0.1,1
CosPlace,amstertime,949,0.4724729657173157,0.9185326099395752,1,0.1,1
CosPlace,amstertime,950,0.9713969230651855,0.9245848059654236,0,0.0,1
CosPlace,amstertime,951,0.7889670729637146,0.8784527778625488,0,0.0,1
CosPlace,amstertime,952,0.8412818312644958,0.9215160608291626,0,0.0,1
CosPlace,amstertime,953,0.7172123193740845,0.8689125776290894,1,0.1,1
CosPlace,amstertime,954,0.8645855784416199,0.8933713436126709,0,0.0,1
CosPlace,amstertime,955,0.9132080078125,0.9503229856491089,0,0.0,1
CosPlace,amstertime,956,0.9132080078125,0.9660046100616455,0,0.0,1
CosPlace,amstertime,957,0.7531511783599854,0.8529809713363647,1,0.1,0
CosPlace,amstertime,958,0.8082302808761597,0.8630272150039673,1,0.1,0
CosPlace,amstertime,959,0.8552027940750122,0.8938312530517578,0,0.0,1
CosPlace,amstertime,960,0.7123254537582397,0.8863128423690796,1,0.1,1
CosPlace,amstertime,961,0.7124955654144287,0.9347605109214783,1,0.1,1
CosPlace,amstertime,962,0.8070061802864075,0.9034148454666138,0,0.0,1
CosPlace,amstertime,963,0.8118337392807007,0.8509862422943115,1,0.1,1
CosPlace,amstertime,964,0.5426344871520996,0.7967289686203003,1,0.1,0
CosPlace,amstertime,965,0.8755667209625244,0.8141961097717285,0,0.0,1
CosPlace,amstertime,966,0.9132930040359497,0.9097938537597656,0,0.0,1
CosPlace,amstertime,967,0.6507949829101562,0.8322681188583374,1,0.1,0
CosPlace,amstertime,968,0.846880316734314,0.9321475028991699,0,0.0,1
CosPlace,amstertime,969,0.7749971151351929,0.9080448746681213,0,0.0,1
CosPlace,amstertime,970,0.9006675481796265,0.7788235545158386,1,0.1,0
CosPlace,amstertime,971,0.8472214341163635,0.9011309146881104,0,0.0,1
CosPlace,amstertime,972,0.7269973158836365,0.9067353010177612,0,0.0,1
CosPlace,amstertime,973,0.8623640537261963,0.865436315536499,0,0.0,1
CosPlace,amstertime,974,0.828361988067627,0.8651145696640015,0,0.0,1
CosPlace,amstertime,975,0.8095583915710449,0.8511379361152649,1,0.1,1
CosPlace,amstertime,976,0.6510253548622131,0.9326393604278564,1,0.1,1
CosPlace,amstertime,977,0.8032561540603638,0.9487155079841614,1,0.1,1
CosPlace,amstertime,978,0.8919698596000671,0.8584356307983398,1,0.1,0
CosPlace,amstertime,979,0.746060848236084,0.9480022192001343,1,0.1,1
CosPlace,amstertime,980,0.709543764591217,0.8239114284515381,0,0.0,1
CosPlace,amstertime,981,0.8031943440437317,0.9181313514709473,1,0.1,0
CosPlace,amstertime,982,0.704014241695404,0.9263237714767456,1,0.1,1
CosPlace,amstertime,983,0.833800196647644,0.8873000144958496,0,0.0,1
CosPlace,amstertime,984,0.8465949892997742,0.9137014150619507,1,0.1,1
CosPlace,amstertime,985,0.7969383001327515,0.9327947497367859,1,0.1,1
CosPlace,amstertime,986,0.6877318620681763,0.7883824706077576,1,0.1,0
CosPlace,amstertime,987,0.7555644512176514,0.8915917873382568,1,0.1,0
CosPlace,amstertime,988,0.7615593671798706,0.8914364576339722,1,0.1,1
CosPlace,amstertime,989,0.8487935662269592,0.9459830522537231,0,0.0,1
CosPlace,amstertime,990,0.8990188837051392,0.8935465812683105,1,0.1,0
CosPlace,amstertime,991,0.7884854078292847,0.9008455872535706,0,0.0,1
CosPlace,amstertime,992,0.828941285610199,0.9353331327438354,0,0.0,1
CosPlace,amstertime,993,0.7206524610519409,0.9065396785736084,1,0.1,0
CosPlace,amstertime,994,0.6806403398513794,0.8782963752746582,1,0.1,1
CosPlace,amstertime,995,0.7662779092788696,0.9504382014274597,0,0.0,1
CosPlace,amstertime,996,0.873680830001831,0.8845682144165039,0,0.0,1
CosPlace,amstertime,997,0.756725013256073,0.8828109502792358,1,0.1,0
CosPlace,amstertime,998,0.9322811365127563,0.9121332168579102,0,0.0,1
CosPlace,amstertime,999,0.8454642295837402,0.808175802230835,1,0.1,0
CosPlace,amstertime,1000,0.7837107181549072,0.8517918586730957,1,0.1,0
CosPlace,amstertime,1001,0.8620627522468567,0.8843203783035278,1,0.1,1
CosPlace,amstertime,1002,0.7060376405715942,0.9014029502868652,1,0.1,1
CosPlace,amstertime,1003,0.7707327604293823,0.9648852348327637,0,0.0,1
CosPlace,amstertime,1004,0.6486994028091431,0.9375041723251343,1,0.1,1
CosPlace,amstertime,1005,0.8609262108802795,0.9444971084594727,0,0.0,1
CosPlace,amstertime,1006,0.8417723774909973,0.8694969415664673,0,0.0,1
CosPlace,amstertime,1007,0.7593613266944885,0.8893131017684937,1,0.1,1
CosPlace,amstertime,1008,0.8883975148200989,0.889013946056366,1,0.1,1
CosPlace,amstertime,1009,0.8919698596000671,0.8902552127838135,1,0.1,1
CosPlace,amstertime,1010,0.7593613266944885,0.9169715046882629,1,0.1,1
CosPlace,amstertime,1011,0.8883975148200989,0.9081125259399414,1,0.1,0
CosPlace,amstertime,1012,0.8859394788742065,0.8787649273872375,0,0.0,1
CosPlace,amstertime,1013,0.709543764591217,0.8764265775680542,0,0.0,1
CosPlace,amstertime,1014,0.7821618318557739,0.8926721215248108,0,0.0,1
CosPlace,amstertime,1015,0.7503525614738464,0.9202303290367126,1,0.1,1
CosPlace,amstertime,1016,0.8629528284072876,0.8891665935516357,1,0.1,1
CosPlace,amstertime,1017,0.6681745052337646,0.871307373046875,1,0.1,0
CosPlace,amstertime,1018,0.8563116788864136,0.8645209074020386,1,0.1,0
CosPlace,amstertime,1019,0.8532987236976624,0.9279090166091919,0,0.0,1
CosPlace,amstertime,1020,0.8587114810943604,0.8637536764144897,0,0.0,1
CosPlace,amstertime,1021,0.8563116788864136,0.8548247814178467,1,0.1,1
CosPlace,amstertime,1022,0.762768030166626,0.9433543682098389,1,0.1,1
CosPlace,amstertime,1023,0.8418627977371216,0.8778208494186401,0,0.0,1
CosPlace,amstertime,1024,0.8394730091094971,0.9780045747756958,1,0.1,1
CosPlace,amstertime,1025,0.8587114810943604,0.8391036987304688,0,0.0,1
CosPlace,amstertime,1026,0.8394730091094971,0.9430643916130066,1,0.1,1
CosPlace,amstertime,1027,0.8394730091094971,0.9674632549285889,1,0.1,1
CosPlace,amstertime,1028,0.8587114810943604,0.8878781795501709,0,0.0,1
CosPlace,amstertime,1029,0.8219352960586548,0.8607184290885925,0,0.0,1
CosPlace,amstertime,1030,0.8923835754394531,0.869531512260437,0,0.0,1
CosPlace,amstertime,1031,0.8257967233657837,0.8315029144287109,0,0.0,1
CosPlace,amstertime,1032,0.8249722123146057,0.8995322585105896,1,0.1,1
CosPlace,amstertime,1033,0.832123875617981,0.9467490911483765,1,0.1,1
CosPlace,amstertime,1034,0.8756495714187622,0.9502615928649902,1,0.1,1
CosPlace,amstertime,1035,0.8313238024711609,0.9202049970626831,1,0.1,1
CosPlace,amstertime,1036,0.8249722123146057,0.9163253307342529,1,0.1,1
CosPlace,amstertime,1037,0.3581666946411133,0.8078679442405701,1,0.1,0
CosPlace,amstertime,1038,0.9157792329788208,0.8995927572250366,1,0.1,1
CosPlace,amstertime,1039,0.8658580780029297,0.9458938837051392,0,0.0,1
CosPlace,amstertime,1040,0.8219023942947388,0.9479472041130066,0,0.0,1
CosPlace,amstertime,1041,0.7838706970214844,0.8609198927879333,0,0.0,1
CosPlace,amstertime,1042,0.9010079503059387,0.8644807934761047,1,0.1,0
CosPlace,amstertime,1043,0.8398406505584717,0.9289728403091431,0,0.0,1
CosPlace,amstertime,1044,0.8615543246269226,0.9344053864479065,1,0.1,0
CosPlace,amstertime,1045,0.8326311111450195,0.9194188117980957,0,0.0,1
CosPlace,amstertime,1046,0.8168233633041382,0.9309121370315552,1,0.1,1
CosPlace,amstertime,1047,0.834502100944519,0.9105253219604492,0,0.0,1
CosPlace,amstertime,1048,0.8516227006912231,0.9020181894302368,0,0.0,1
CosPlace,amstertime,1049,0.8923835754394531,0.8894244432449341,1,0.1,1
CosPlace,amstertime,1050,0.8168233633041382,0.9076610803604126,0,0.0,1
CosPlace,amstertime,1051,0.8168233633041382,0.9197952747344971,1,0.1,1
CosPlace,amstertime,1052,0.834502100944519,0.9274798631668091,0,0.0,1
CosPlace,amstertime,1053,0.6825649738311768,0.9079567193984985,1,0.1,1
CosPlace,amstertime,1054,0.789563775062561,0.8417845964431763,0,0.0,1
CosPlace,amstertime,1055,0.8796096444129944,0.9070773124694824,1,0.1,1
CosPlace,amstertime,1056,0.8198965191841125,0.9663976430892944,0,0.0,1
CosPlace,amstertime,1057,0.7047083377838135,0.9323099851608276,0,0.0,1
CosPlace,amstertime,1058,0.8519332408905029,0.8997442722320557,0,0.0,1
CosPlace,amstertime,1059,0.8907685279846191,0.8517467379570007,0,0.0,1
CosPlace,amstertime,1060,0.8988642692565918,0.8558780550956726,0,0.0,1
CosPlace,amstertime,1061,0.848629891872406,0.9037905931472778,0,0.0,1
CosPlace,amstertime,1062,0.7817857265472412,0.8737568259239197,0,0.0,1
CosPlace,amstertime,1063,0.8578232526779175,0.9197408556938171,1,0.1,1
CosPlace,amstertime,1064,0.7913486957550049,0.9293510913848877,0,0.0,1
CosPlace,amstertime,1065,0.47080719470977783,0.8478856682777405,1,0.1,0
CosPlace,amstertime,1066,0.842292308807373,0.9422379732131958,0,0.0,1
CosPlace,amstertime,1067,0.9136785268783569,0.8580834865570068,0,0.0,1
CosPlace,amstertime,1068,0.7440195083618164,0.9324386119842529,0,0.0,1
CosPlace,amstertime,1069,0.9075381755828857,0.8879671692848206,0,0.0,1
CosPlace,amstertime,1070,0.8485783338546753,0.8352867364883423,1,0.1,0
CosPlace,amstertime,1071,0.6160856485366821,0.9360135793685913,0,0.0,1
CosPlace,amstertime,1072,0.9071255922317505,0.865598201751709,0,0.0,1
CosPlace,amstertime,1073,0.8123941421508789,0.8863258361816406,1,0.1,1
CosPlace,amstertime,1074,0.8123941421508789,0.9167144894599915,0,0.0,1
CosPlace,amstertime,1075,0.8440847396850586,0.8970011472702026,0,0.0,1
CosPlace,amstertime,1076,0.782776951789856,0.96871018409729,0,0.0,1
CosPlace,amstertime,1077,0.6510253548622131,0.8946086168289185,1,0.1,0
CosPlace,amstertime,1078,0.8859394788742065,0.8244451284408569,1,0.1,1
CosPlace,amstertime,1079,0.7657578587532043,0.9475347995758057,1,0.1,1
CosPlace,amstertime,1080,0.7765278816223145,0.8944175243377686,0,0.0,1
CosPlace,amstertime,1081,0.7601315379142761,0.8274362087249756,1,0.1,0
CosPlace,amstertime,1082,0.5424888134002686,0.9220224618911743,1,0.1,0
CosPlace,amstertime,1083,0.8658580780029297,0.913178563117981,1,0.1,0
CosPlace,amstertime,1084,0.8681306838989258,0.9226773977279663,0,0.0,1
CosPlace,amstertime,1085,0.9388432502746582,0.8821364641189575,0,0.0,1
CosPlace,amstertime,1086,0.8261897563934326,0.9142898321151733,0,0.0,1
CosPlace,amstertime,1087,0.7963937520980835,0.9427306652069092,0,0.0,1
CosPlace,amstertime,1088,0.83420729637146,0.8926397562026978,1,0.1,1
CosPlace,amstertime,1089,0.9473855495452881,0.9335021376609802,1,0.1,0
CosPlace,amstertime,1090,0.7951452136039734,0.9302294254302979,1,0.1,1
CosPlace,amstertime,1091,0.5801475048065186,0.8569090366363525,1,0.1,0
CosPlace,amstertime,1092,0.8686896562576294,0.9232407808303833,0,0.0,1
CosPlace,amstertime,1093,0.9183182716369629,0.8524953126907349,0,0.0,1
CosPlace,amstertime,1094,0.9365471601486206,0.9410709738731384,1,0.1,1
CosPlace,amstertime,1095,0.9365471601486206,0.9105158448219299,1,0.1,0
CosPlace,amstertime,1096,0.6487034559249878,0.7603672742843628,1,0.1,0
CosPlace,amstertime,1097,0.8187493085861206,0.920648455619812,0,0.0,1
CosPlace,amstertime,1098,0.6344635486602783,0.8387659788131714,0,0.0,1
CosPlace,amstertime,1099,0.8834742307662964,0.8898855447769165,1,0.1,0
CosPlace,amstertime,1100,0.5805560350418091,0.9480734467506409,1,0.1,1
CosPlace,amstertime,1101,0.5805560350418091,0.9282690286636353,1,0.1,1
CosPlace,amstertime,1102,0.8891621828079224,0.9360870122909546,0,0.0,1
CosPlace,amstertime,1103,0.8804821968078613,0.9417552947998047,0,0.0,1
CosPlace,amstertime,1104,0.8274303674697876,0.8629745244979858,1,0.1,0
CosPlace,amstertime,1105,0.7964810132980347,0.9311233758926392,1,0.1,1
CosPlace,amstertime,1106,0.7185348272323608,0.9093771576881409,1,0.1,0
CosPlace,amstertime,1107,0.5605825185775757,0.9054034948348999,1,0.1,1
CosPlace,amstertime,1108,0.8116401433944702,0.9415092468261719,1,0.1,1
CosPlace,amstertime,1109,0.8145599365234375,0.9516047239303589,0,0.0,1
CosPlace,amstertime,1110,0.8800818920135498,0.9196805357933044,0,0.0,1
CosPlace,amstertime,1111,0.5779762864112854,0.842146098613739,1,0.1,0
CosPlace,amstertime,1112,0.7910895347595215,0.8676834106445312,0,0.0,1
CosPlace,amstertime,1113,0.8887099027633667,0.9079220294952393,0,0.0,1
CosPlace,amstertime,1114,0.9024208188056946,0.9157006740570068,1,0.1,1
CosPlace,amstertime,1115,0.5965050458908081,0.9237569570541382,1,0.1,1
CosPlace,amstertime,1116,0.6367201805114746,0.8800181746482849,1,0.1,1
CosPlace,amstertime,1117,0.6926076412200928,0.8622963428497314,1,0.1,0
CosPlace,amstertime,1118,0.8341436982154846,0.9015650153160095,1,0.1,0
CosPlace,amstertime,1119,0.8495007753372192,0.8288251161575317,0,0.0,1
CosPlace,amstertime,1120,0.5824841856956482,0.9002450704574585,1,0.1,1
CosPlace,amstertime,1121,0.7634500861167908,0.8525816202163696,1,0.1,1
CosPlace,amstertime,1122,0.5571519136428833,0.8955132961273193,1,0.1,1
CosPlace,amstertime,1123,0.6713933944702148,0.9185506105422974,1,0.1,0
CosPlace,amstertime,1124,0.8123195767402649,0.8895761966705322,1,0.1,1
CosPlace,amstertime,1125,0.7846343517303467,0.926794171333313,1,0.1,1
CosPlace,amstertime,1126,0.8009799718856812,0.9008772373199463,1,0.1,1
CosPlace,amstertime,1127,0.803424596786499,0.8980424404144287,1,0.1,1
CosPlace,amstertime,1128,0.7918921709060669,0.909780740737915,1,0.1,1
CosPlace,amstertime,1129,0.8799905180931091,0.8476988077163696,1,0.1,1
CosPlace,amstertime,1130,0.8881033062934875,0.8667926788330078,1,0.1,1
CosPlace,amstertime,1131,0.8393442630767822,0.8531519770622253,0,0.0,1
CosPlace,amstertime,1132,0.7075290679931641,0.8687860369682312,1,0.1,0
CosPlace,amstertime,1133,0.4599483013153076,0.8371414542198181,1,0.1,0
CosPlace,amstertime,1134,0.7467817664146423,0.8974533081054688,1,0.1,0
CosPlace,amstertime,1135,0.8614400625228882,0.8543856143951416,1,0.1,1
CosPlace,amstertime,1136,0.7726661562919617,0.9252195954322815,0,0.0,1
CosPlace,amstertime,1137,0.7866450548171997,0.901949942111969,0,0.0,1
CosPlace,amstertime,1138,0.5670372247695923,0.8725101947784424,1,0.1,1
CosPlace,amstertime,1139,0.5670372247695923,0.8818773031234741,1,0.1,1
CosPlace,amstertime,1140,0.8587889671325684,0.8381894826889038,0,0.0,1
CosPlace,amstertime,1141,0.7446566820144653,0.90166175365448,0,0.0,1
CosPlace,amstertime,1142,0.8155039548873901,0.9186972379684448,0,0.0,1
CosPlace,amstertime,1143,0.7702969312667847,0.881281852722168,1,0.1,0
CosPlace,amstertime,1144,0.6694608926773071,0.9220371246337891,1,0.1,1
CosPlace,amstertime,1145,0.6694608926773071,0.8967169523239136,1,0.1,1
CosPlace,amstertime,1146,0.849355936050415,0.9464099407196045,0,0.0,1
CosPlace,amstertime,1147,0.7896188497543335,0.9056096076965332,0,0.0,1
CosPlace,amstertime,1148,0.8828629851341248,0.9346020221710205,0,0.0,1
CosPlace,amstertime,1149,0.892666220664978,0.939032256603241,1,0.1,0
CosPlace,amstertime,1150,0.7647784352302551,0.8820388317108154,0,0.0,1
CosPlace,amstertime,1151,0.8152216672897339,0.9397059679031372,0,0.0,1
CosPlace,amstertime,1152,0.8420993089675903,0.9405930638313293,0,0.0,1
CosPlace,amstertime,1153,0.7985424995422363,0.8939815759658813,1,0.1,0
CosPlace,amstertime,1154,0.9136785268783569,0.9137290716171265,0,0.0,1
CosPlace,amstertime,1155,0.8187493085861206,0.9254505634307861,1,0.1,0
CosPlace,amstertime,1156,0.5257001519203186,0.8208017349243164,1,0.1,0
CosPlace,amstertime,1157,0.8454642295837402,0.7151225805282593,1,0.1,1
CosPlace,amstertime,1158,0.7060376405715942,0.9061309099197388,1,0.1,1
CosPlace,amstertime,1159,0.6713933944702148,0.9083020687103271,0,0.0,1
CosPlace,amstertime,1160,0.8456625938415527,0.819896936416626,0,0.0,1
CosPlace,amstertime,1161,0.6702849268913269,0.9067288637161255,1,0.1,1
CosPlace,amstertime,1162,0.8436118364334106,0.8082835674285889,1,0.1,0
CosPlace,amstertime,1163,0.8899620771408081,0.9132196307182312,1,0.1,0
CosPlace,amstertime,1164,0.6595661640167236,0.9077767133712769,1,0.1,0
CosPlace,amstertime,1165,0.5727266669273376,0.8498125076293945,1,0.1,0
CosPlace,amstertime,1166,0.8333396911621094,0.8750427961349487,1,0.1,0
CosPlace,amstertime,1167,0.7989341616630554,0.9298254251480103,1,0.1,1
CosPlace,amstertime,1168,0.9135057330131531,0.8748459815979004,0,0.0,1
CosPlace,amstertime,1169,0.726265013217926,0.9098515510559082,1,0.1,1
CosPlace,amstertime,1170,0.7034022808074951,0.8343226909637451,1,0.1,0
CosPlace,amstertime,1171,0.8307774066925049,0.9257844686508179,0,0.0,1
CosPlace,amstertime,1172,0.8561593890190125,0.9172683358192444,1,0.1,1
CosPlace,amstertime,1173,0.7743254899978638,0.749506950378418,1,0.1,0
CosPlace,amstertime,1174,0.8840515613555908,0.8817942142486572,0,0.0,1
CosPlace,amstertime,1175,0.7365913391113281,0.9674171209335327,1,0.1,1
CosPlace,amstertime,1176,0.5321555733680725,0.8721213340759277,1,0.1,1
CosPlace,amstertime,1177,0.5913625955581665,0.8779082298278809,1,0.1,0
CosPlace,amstertime,1178,0.843548059463501,0.8885359764099121,0,0.0,1
CosPlace,amstertime,1179,0.868851900100708,0.9440532326698303,1,0.1,1
CosPlace,amstertime,1180,0.937910258769989,0.9406391382217407,0,0.0,1
CosPlace,amstertime,1181,0.7658453583717346,0.9208908081054688,1,0.1,1
CosPlace,amstertime,1182,0.9146263599395752,0.8918836116790771,1,0.1,0
CosPlace,amstertime,1183,0.8174235820770264,0.814294695854187,0,0.0,1
CosPlace,amstertime,1184,0.7354617118835449,0.9201492071151733,1,0.1,1
CosPlace,amstertime,1185,0.6067835092544556,0.8731601238250732,1,0.1,0
CosPlace,amstertime,1186,0.811944305896759,0.9067254066467285,1,0.1,1
CosPlace,amstertime,1187,0.7817188501358032,0.9478278756141663,1,0.1,1
CosPlace,amstertime,1188,0.8780978918075562,0.8783919811248779,0,0.0,1
CosPlace,amstertime,1189,0.4856475293636322,0.9430124163627625,1,0.1,0
CosPlace,amstertime,1190,0.5588776469230652,0.8983331918716431,1,0.1,0
CosPlace,amstertime,1191,0.7614179849624634,0.9017994403839111,0,0.0,1
CosPlace,amstertime,1192,0.8802114725112915,0.8724278807640076,1,0.1,1
CosPlace,amstertime,1193,0.9158726930618286,0.9614806175231934,1,0.1,0
CosPlace,amstertime,1194,0.908937931060791,0.9109064340591431,1,0.1,1
CosPlace,amstertime,1195,0.6084201335906982,0.8788187503814697,1,0.1,0
CosPlace,amstertime,1196,0.6905661225318909,0.8184077739715576,1,0.1,1
CosPlace,amstertime,1197,0.9136930704116821,0.9055173993110657,0,0.0,1
CosPlace,amstertime,1198,0.9291344881057739,0.9005593061447144,0,0.0,1
CosPlace,amstertime,1199,0.671440601348877,0.9527255296707153,1,0.1,1
CosPlace,amstertime,1200,0.6720635890960693,0.8811819553375244,1,0.1,1
CosPlace,amstertime,1201,0.5728081464767456,0.9188324809074402,1,0.1,0
CosPlace,amstertime,1202,0.748077392578125,0.8705852031707764,0,0.0,1
CosPlace,amstertime,1203,0.7917612791061401,0.8634154796600342,1,0.1,0
CosPlace,amstertime,1204,0.7045008540153503,0.81828373670578,0,0.0,1
CosPlace,amstertime,1205,0.6454607248306274,0.9097447395324707,1,0.1,0
CosPlace,amstertime,1206,0.8963815569877625,0.9022625684738159,0,0.0,1
CosPlace,amstertime,1207,0.7403396964073181,0.9355865716934204,0,0.0,1
CosPlace,amstertime,1208,0.7947590351104736,0.8632059097290039,0,0.0,1
CosPlace,amstertime,1209,0.9088617563247681,0.9358118176460266,0,0.0,1
CosPlace,amstertime,1210,0.892809271812439,0.9080280065536499,1,0.1,0
CosPlace,amstertime,1211,0.8329235315322876,0.8818799257278442,1,0.1,1
CosPlace,amstertime,1212,0.7546494007110596,0.899497926235199,1,0.1,0
CosPlace,amstertime,1213,0.7046084403991699,0.8875670433044434,1,0.1,1
CosPlace,amstertime,1214,0.8999082446098328,0.9530984163284302,0,0.0,1
CosPlace,amstertime,1215,0.8677914142608643,0.9013890027999878,1,0.1,1
CosPlace,amstertime,1216,0.7272871136665344,0.9311090707778931,1,0.1,0
CosPlace,amstertime,1217,0.585517406463623,0.903396725654602,1,0.1,1
CosPlace,amstertime,1218,0.7430992126464844,0.9207884669303894,1,0.1,1
CosPlace,amstertime,1219,0.666390061378479,0.9301900863647461,1,0.1,0
CosPlace,amstertime,1220,0.8856770396232605,0.9549277424812317,0,0.0,1
CosPlace,amstertime,1221,0.8834649324417114,0.9197558760643005,0,0.0,1
CosPlace,amstertime,1222,0.7641931176185608,0.9071999788284302,0,0.0,1
CosPlace,amstertime,1223,0.7521397471427917,0.9385839700698853,1,0.1,1
CosPlace,amstertime,1224,0.908937931060791,0.904441237449646,0,0.0,1
CosPlace,amstertime,1225,0.7616264820098877,0.9538651704788208,0,0.0,1
CosPlace,amstertime,1226,0.7445499897003174,0.9449807405471802,1,0.1,1
CosPlace,amstertime,1227,0.8475346565246582,0.920760989189148,1,0.1,1
CosPlace,amstertime,1228,0.8043922185897827,0.88517165184021,1,0.1,1
CosPlace,amstertime,1229,0.8743537664413452,0.8495584726333618,1,0.1,1
CosPlace,amstertime,1230,0.7800405025482178,0.89218670129776,1,0.1,1
CosPlace,msls,0,0.7631997466087341,0.9388538002967834,4,0.4,0
CosPlace,msls,1,0.9237236976623535,0.95259690284729,2,0.2,1
CosPlace,msls,2,0.7852733135223389,0.9370275139808655,5,0.5,0
CosPlace,msls,3,0.9742464423179626,0.9176696538925171,0,0.0,1
CosPlace,msls,4,0.8667587041854858,0.8886721730232239,5,0.5,0
CosPlace,msls,5,0.8116915822029114,0.915212869644165,5,0.5,1
CosPlace,msls,6,0.8823584318161011,0.9351471662521362,5,0.5,0
CosPlace,msls,7,0.792845606803894,0.9291466474533081,4,0.4,0
CosPlace,msls,8,0.8868483901023865,0.9014925956726074,0,0.0,1
CosPlace,msls,9,0.7034443020820618,0.9389485120773315,7,0.7,1
CosPlace,msls,10,0.7485129833221436,0.9110785722732544,7,0.7,0
CosPlace,msls,11,0.8998990058898926,0.8549777269363403,0,0.0,1
CosPlace,msls,12,0.9547944664955139,0.865262508392334,0,0.0,1
CosPlace,msls,13,0.9311081767082214,0.9427922964096069,1,0.1,1
CosPlace,msls,14,0.5985908508300781,0.9044852256774902,6,0.6,0
CosPlace,msls,15,0.6170443892478943,0.9064659476280212,4,0.4,0
CosPlace,msls,16,0.8396525382995605,0.8904601335525513,4,0.4,1
CosPlace,msls,17,0.7810516357421875,0.9370535016059875,3,0.3,0
CosPlace,msls,18,0.8514704704284668,0.9357973337173462,6,0.6,0
CosPlace,msls,19,0.7738847732543945,0.8987510800361633,1,0.1,0
CosPlace,msls,20,0.7560732364654541,0.9266457557678223,5,0.5,1
CosPlace,msls,21,0.6606714725494385,0.9047305583953857,2,0.2,0
CosPlace,msls,22,0.949680507183075,0.8973695039749146,0,0.0,1
CosPlace,msls,23,0.9196933507919312,0.9175888895988464,0,0.0,1
CosPlace,msls,24,0.8907942771911621,0.9340901374816895,0,0.0,1
CosPlace,msls,25,0.9044692516326904,0.9347884654998779,0,0.0,1
CosPlace,msls,26,0.9442862868309021,0.9194045066833496,0,0.0,1
CosPlace,msls,27,0.8191047310829163,0.9559637308120728,7,0.7,0
CosPlace,msls,28,0.7861563563346863,0.8922721147537231,3,0.3,0
CosPlace,msls,29,0.8459261655807495,0.8864269256591797,5,0.5,1
CosPlace,msls,30,0.831733226776123,0.9151206612586975,0,0.0,1
CosPlace,msls,31,0.7528527975082397,0.9356032013893127,6,0.6,0
CosPlace,msls,32,0.8457262516021729,0.85667884349823,5,0.5,0
CosPlace,msls,33,0.9794048070907593,0.9311885833740234,0,0.0,1
CosPlace,msls,34,0.980481743812561,0.9171534180641174,1,0.1,1
CosPlace,msls,35,0.8211551904678345,0.949215829372406,1,0.1,1
CosPlace,msls,36,0.6693155765533447,0.8450378179550171,3,0.3,0
CosPlace,msls,37,0.8521996140480042,0.9567744731903076,9,0.9,1
CosPlace,msls,38,0.8925272226333618,0.8818062543869019,1,0.1,0
CosPlace,msls,39,0.9106713533401489,0.9572960138320923,4,0.4,0
CosPlace,msls,40,0.617971658706665,0.8589637279510498,4,0.4,0
CosPlace,msls,41,0.9657160639762878,0.9234415292739868,0,0.0,1
CosPlace,msls,42,0.9207718372344971,0.9066488742828369,0,0.0,1
CosPlace,msls,43,0.8933321833610535,0.9280751347541809,8,0.8,0
CosPlace,msls,44,0.8414580821990967,0.952942967414856,8,0.8,0
CosPlace,msls,45,0.618798017501831,0.8504114151000977,4,0.4,0
CosPlace,msls,46,0.9122046232223511,0.9541135430335999,1,0.1,1
CosPlace,msls,47,0.648324728012085,0.9267308712005615,3,0.3,0
CosPlace,msls,48,0.9371596574783325,0.9096107482910156,5,0.5,0
CosPlace,msls,49,0.9524109363555908,0.9107069373130798,6,0.6,1
CosPlace,msls,50,0.9316310286521912,0.9548013210296631,9,0.9,0
CosPlace,msls,51,0.9135409593582153,0.9155759215354919,0,0.0,1
CosPlace,msls,52,0.9567351341247559,0.9363428354263306,3,0.3,1
CosPlace,msls,53,0.8848130702972412,0.9421555995941162,0,0.0,1
CosPlace,msls,54,0.770538330078125,0.9078437089920044,3,0.3,0
CosPlace,msls,55,0.8676427602767944,0.8859798908233643,6,0.6,1
CosPlace,msls,56,0.9115708470344543,0.9303710460662842,0,0.0,1
CosPlace,msls,57,0.907335638999939,0.9001688361167908,1,0.1,1
CosPlace,msls,58,0.7510077953338623,0.8783749341964722,3,0.3,0
CosPlace,msls,59,0.8674986362457275,0.884817361831665,2,0.2,1
CosPlace,msls,60,0.7092328071594238,0.9258216023445129,3,0.3,1
CosPlace,msls,61,0.7347097396850586,0.906360387802124,1,0.1,1
CosPlace,msls,62,0.6751351952552795,0.9430780410766602,3,0.3,0
CosPlace,msls,63,0.8635298609733582,0.9300371408462524,5,0.5,0
CosPlace,msls,64,0.916354775428772,0.8910866379737854,2,0.2,0
CosPlace,msls,65,0.9028024673461914,0.8785841464996338,2,0.2,0
CosPlace,msls,66,0.8794845342636108,0.9149825572967529,6,0.6,0
CosPlace,msls,67,0.7824950218200684,0.872880220413208,4,0.4,1
CosPlace,msls,68,0.9433759450912476,0.9074327945709229,0,0.0,1
CosPlace,msls,69,0.8287160992622375,0.980774998664856,7,0.7,0
CosPlace,msls,70,0.8823039531707764,0.9132020473480225,5,0.5,0
CosPlace,msls,71,0.645930290222168,0.8797687292098999,2,0.2,1
CosPlace,msls,72,0.9393563866615295,0.9540573954582214,0,0.0,1
CosPlace,msls,73,0.7035583257675171,0.9296010732650757,7,0.7,0
CosPlace,msls,74,0.9524235129356384,0.9460904598236084,0,0.0,1
CosPlace,msls,75,0.9102098941802979,0.9322991371154785,9,0.9,0
CosPlace,msls,76,0.8351467847824097,0.9109658002853394,2,0.2,1
CosPlace,msls,77,0.7685195207595825,0.8969016671180725,9,0.9,0
CosPlace,msls,78,0.9200303554534912,0.9016667008399963,0,0.0,1
CosPlace,msls,79,0.935979425907135,0.9510551691055298,9,0.9,0
CosPlace,msls,80,0.8958214521408081,0.8928949236869812,3,0.3,0
CosPlace,msls,81,0.9367353320121765,0.8951560258865356,2,0.2,1
CosPlace,msls,82,0.820864737033844,0.929081916809082,0,0.0,1
CosPlace,msls,83,0.8821083307266235,0.9403430819511414,4,0.4,0
CosPlace,msls,84,0.9289562702178955,0.8854066729545593,1,0.1,1
CosPlace,msls,85,0.8697739243507385,0.9090070724487305,8,0.8,0
CosPlace,msls,86,0.9363599419593811,0.947249174118042,4,0.4,0
CosPlace,msls,87,0.9252991676330566,0.9554990530014038,7,0.7,0
CosPlace,msls,88,0.8198148012161255,0.9082028269767761,3,0.3,0
CosPlace,msls,89,0.9710673093795776,0.911087155342102,0,0.0,1
CosPlace,msls,90,0.9609111547470093,0.901383101940155,10,1.0,0
CosPlace,msls,91,0.8483241200447083,0.9490432739257812,10,1.0,0
CosPlace,msls,92,0.7746082544326782,0.8157656788825989,2,0.2,1
CosPlace,msls,93,0.9482004642486572,0.8439054489135742,0,0.0,1
CosPlace,msls,94,0.6214150190353394,0.8768380880355835,2,0.2,0
CosPlace,msls,95,0.9570105075836182,0.8742194771766663,2,0.2,0
CosPlace,msls,96,0.7516172528266907,0.9339443445205688,2,0.2,0
CosPlace,msls,97,0.9568347930908203,0.9216197729110718,1,0.1,1
CosPlace,msls,98,0.9290715456008911,0.9599475264549255,2,0.2,1
CosPlace,msls,99,0.7299882769584656,0.920175313949585,8,0.8,0
CosPlace,msls,100,0.7516409754753113,0.9476858377456665,1,0.1,1
CosPlace,msls,101,0.570979654788971,0.8666698932647705,0,0.0,1
CosPlace,msls,102,0.9472050666809082,0.9336156249046326,5,0.5,0
CosPlace,msls,103,0.9220874905586243,0.882685661315918,2,0.2,1
CosPlace,msls,104,0.7506464123725891,0.9251962304115295,4,0.4,0
CosPlace,msls,105,0.8550490140914917,0.9388999938964844,5,0.5,0
CosPlace,msls,106,0.9031494855880737,0.9459376931190491,9,0.9,0
CosPlace,msls,107,0.8727149963378906,0.9447349905967712,2,0.2,0
CosPlace,msls,108,0.769080400466919,0.9822322130203247,9,0.9,0
CosPlace,msls,109,0.7704868316650391,0.9081498980522156,3,0.3,0
CosPlace,msls,110,0.9735178351402283,0.9318500757217407,10,1.0,0
CosPlace,msls,111,0.9216324090957642,0.8848026990890503,6,0.6,1
CosPlace,msls,112,0.9042925834655762,0.9058254957199097,0,0.0,1
CosPlace,msls,113,0.8891609907150269,0.9219318628311157,4,0.4,1
CosPlace,msls,114,0.912117600440979,0.9209530353546143,6,0.6,0
CosPlace,msls,115,0.9619132876396179,0.8887026309967041,0,0.0,1
CosPlace,msls,116,0.7045348882675171,0.9368202090263367,7,0.7,0
CosPlace,msls,117,0.9251126050949097,0.8583636283874512,1,0.1,1
CosPlace,msls,118,0.9475771188735962,0.934847891330719,3,0.3,1
CosPlace,msls,119,0.868202805519104,0.8441613912582397,2,0.2,0
CosPlace,msls,120,0.8522555232048035,0.921108067035675,3,0.3,0
CosPlace,msls,121,0.7812139391899109,0.9584167003631592,8,0.8,0
CosPlace,msls,122,0.9161683320999146,0.8855242729187012,3,0.3,0
CosPlace,msls,123,0.8777923583984375,0.8583427667617798,0,0.0,1
CosPlace,msls,124,0.7366452813148499,0.9210888147354126,2,0.2,0
CosPlace,msls,125,0.7813549041748047,0.8639092445373535,3,0.3,0
CosPlace,msls,126,0.8751868009567261,0.9241436719894409,6,0.6,0
CosPlace,msls,127,0.8404121398925781,0.8926554322242737,4,0.4,0
CosPlace,msls,128,0.8292220830917358,0.9113194346427917,6,0.6,0
CosPlace,msls,129,0.9333524703979492,0.9060437083244324,0,0.0,1
CosPlace,msls,130,0.9565414190292358,0.9255349040031433,0,0.0,1
CosPlace,msls,131,0.7997798919677734,0.9084938764572144,7,0.7,0
CosPlace,msls,132,0.8672727346420288,0.9600560665130615,1,0.1,0
CosPlace,msls,133,0.9370161890983582,0.937724232673645,0,0.0,1
CosPlace,msls,134,0.5706560611724854,0.9106606245040894,3,0.3,0
CosPlace,msls,135,0.7442091703414917,0.8899309635162354,2,0.2,0
CosPlace,msls,136,0.8874802589416504,0.9416291117668152,10,1.0,0
CosPlace,msls,137,0.8968680500984192,0.9236057996749878,2,0.2,0
CosPlace,msls,138,0.898124098777771,0.9382231831550598,3,0.3,0
CosPlace,msls,139,0.7541470527648926,0.9180117249488831,7,0.7,1
CosPlace,msls,140,0.8608227968215942,0.9100275039672852,0,0.0,1
CosPlace,msls,141,0.6575732231140137,0.9036059379577637,3,0.3,0
CosPlace,msls,142,0.7937489748001099,0.900653600692749,2,0.2,0
CosPlace,msls,143,0.8456411361694336,0.9358720779418945,0,0.0,1
CosPlace,msls,144,0.974271297454834,0.9466074705123901,0,0.0,1
CosPlace,msls,145,0.6876068115234375,0.8905547261238098,3,0.3,0
CosPlace,msls,146,0.882685661315918,0.8812979459762573,2,0.2,0
CosPlace,msls,147,0.9101212024688721,0.869520902633667,8,0.8,0
CosPlace,msls,148,0.7794357538223267,0.9162919521331787,9,0.9,0
CosPlace,msls,149,0.8877691030502319,0.9032777547836304,4,0.4,0
CosPlace,msls,150,0.8654776811599731,0.9224221706390381,4,0.4,0
CosPlace,msls,151,0.8766255378723145,0.9460468292236328,1,0.1,1
CosPlace,msls,152,0.7876412868499756,0.8683890104293823,6,0.6,0
CosPlace,msls,153,0.9432662129402161,0.9339838027954102,6,0.6,0
CosPlace,msls,154,0.9372994899749756,0.9489399194717407,0,0.0,1
CosPlace,msls,155,0.9335061311721802,0.8952462077140808,5,0.5,0
CosPlace,msls,156,0.9315983057022095,0.9404725432395935,5,0.5,0
CosPlace,msls,157,0.8908427953720093,0.9451535940170288,8,0.8,0
CosPlace,msls,158,0.9090908765792847,0.9212651252746582,10,1.0,0
CosPlace,msls,159,0.8273836970329285,0.90090012550354,4,0.4,0
CosPlace,msls,160,0.5837197303771973,0.8097960948944092,1,0.1,0
CosPlace,msls,161,0.718447208404541,0.9014537930488586,6,0.6,0
CosPlace,msls,162,0.9168685674667358,0.8144751787185669,2,0.2,0
CosPlace,msls,163,0.7620195150375366,0.8722922205924988,4,0.4,0
CosPlace,msls,164,0.8777543902397156,0.9562067985534668,10,1.0,0
CosPlace,msls,165,0.8893439769744873,0.7928441762924194,2,0.2,0
CosPlace,msls,166,0.9701887369155884,0.9380414485931396,8,0.8,1
CosPlace,msls,167,0.9535015821456909,0.9523638486862183,9,0.9,0
CosPlace,msls,168,0.8864821195602417,0.9373137950897217,7,0.7,0
CosPlace,msls,169,0.8776257038116455,0.9320448637008667,6,0.6,1
CosPlace,msls,170,0.8865114450454712,0.9029529690742493,6,0.6,0
CosPlace,msls,171,0.9005995988845825,0.9156968593597412,0,0.0,1
CosPlace,msls,172,0.8176581859588623,0.899760365486145,3,0.3,0
CosPlace,msls,173,0.7619450688362122,0.9445028305053711,2,0.2,1
CosPlace,msls,174,0.7577488422393799,0.9214454889297485,3,0.3,1
CosPlace,msls,175,0.8249711990356445,0.9310098886489868,4,0.4,0
CosPlace,msls,176,0.8110500574111938,0.9600307941436768,6,0.6,1
CosPlace,msls,177,0.9235666990280151,0.9037166833877563,7,0.7,0
CosPlace,msls,178,0.9292959570884705,0.9115439653396606,0,0.0,1
CosPlace,msls,179,0.867466390132904,0.9570142030715942,5,0.5,0
CosPlace,msls,180,0.900274395942688,0.93098384141922,0,0.0,1
CosPlace,msls,181,0.7677394151687622,0.9293493032455444,4,0.4,0
CosPlace,msls,182,0.8190490007400513,0.8973665833473206,4,0.4,0
CosPlace,msls,183,0.9147037267684937,0.9136161804199219,3,0.3,0
CosPlace,msls,184,0.867768406867981,0.9633534550666809,5,0.5,1
CosPlace,msls,185,0.7455094456672668,0.800993800163269,3,0.3,0
CosPlace,msls,186,0.6785653829574585,0.9114654064178467,4,0.4,0
CosPlace,msls,187,0.935940146446228,0.9247081279754639,2,0.2,0
CosPlace,msls,188,0.9231510162353516,0.895959734916687,7,0.7,0
CosPlace,msls,189,0.9303291440010071,0.9444832801818848,1,0.1,0
CosPlace,msls,190,0.8659811019897461,0.9501980543136597,7,0.7,0
CosPlace,msls,191,0.8422770500183105,0.9409050941467285,0,0.0,1
CosPlace,msls,192,0.7962949872016907,0.9298610091209412,3,0.3,1
CosPlace,msls,193,0.7491867542266846,0.9315162301063538,5,0.5,0
CosPlace,msls,194,0.7655317783355713,0.9269106388092041,6,0.6,0
CosPlace,msls,195,0.8790406584739685,0.9323803186416626,6,0.6,0
CosPlace,msls,196,0.7997891902923584,0.9035985469818115,3,0.3,0
CosPlace,msls,197,0.9628117084503174,0.9248460531234741,0,0.0,1
CosPlace,msls,198,0.8739304542541504,0.8898868560791016,3,0.3,0
CosPlace,msls,199,0.906152606010437,0.9504542946815491,3,0.3,1
CosPlace,msls,200,0.7902501821517944,0.9396242499351501,3,0.3,1
CosPlace,msls,201,0.8450238704681396,0.9171879291534424,5,0.5,0
CosPlace,msls,202,0.6033118367195129,0.8766038417816162,3,0.3,0
CosPlace,msls,203,0.7776976823806763,0.9535657167434692,10,1.0,0
CosPlace,msls,204,0.9089751243591309,0.8846690058708191,2,0.2,0
CosPlace,msls,205,0.7711465358734131,0.8959060907363892,5,0.5,0
CosPlace,msls,206,0.892485499382019,0.9060457348823547,1,0.1,1
CosPlace,msls,207,0.9704720973968506,0.8565251231193542,4,0.4,0
CosPlace,msls,208,0.7777358889579773,0.8939653038978577,10,1.0,0
CosPlace,msls,209,0.5704963207244873,0.8806663751602173,2,0.2,0
CosPlace,msls,210,0.8675549626350403,0.8852823376655579,4,0.4,0
CosPlace,msls,211,0.7878212332725525,0.945348858833313,8,0.8,0
CosPlace,msls,212,0.9198199510574341,0.9065556526184082,4,0.4,0
CosPlace,msls,213,0.9300470948219299,0.8368659019470215,0,0.0,1
CosPlace,msls,214,0.8398071527481079,0.9052175283432007,5,0.5,0
CosPlace,msls,215,0.8198524713516235,0.9473556280136108,5,0.5,0
CosPlace,msls,216,0.8319114446640015,0.9542177319526672,0,0.0,1
CosPlace,msls,217,0.860826849937439,0.9261850118637085,2,0.2,0
CosPlace,msls,218,0.968721866607666,0.8536496162414551,0,0.0,1
CosPlace,msls,219,0.957958459854126,0.9030215740203857,0,0.0,1
CosPlace,msls,220,0.8243687152862549,0.9653366804122925,7,0.7,0
CosPlace,msls,221,0.7787425518035889,0.9392772912979126,2,0.2,0
CosPlace,msls,222,0.90846848487854,0.9043869972229004,4,0.4,0
CosPlace,msls,223,0.9456878304481506,0.9412472248077393,0,0.0,1
CosPlace,msls,224,0.9145513772964478,0.9203136563301086,10,1.0,0
CosPlace,msls,225,0.8729606866836548,0.8972125053405762,9,0.9,0
CosPlace,msls,226,0.6853921413421631,0.882996678352356,4,0.4,0
CosPlace,msls,227,0.9427098035812378,0.953407347202301,10,1.0,0
CosPlace,msls,228,0.8052293062210083,0.9085079431533813,10,1.0,0
CosPlace,msls,229,0.8650350570678711,0.915009617805481,5,0.5,0
CosPlace,msls,230,0.9715898036956787,0.9550169706344604,0,0.0,1
CosPlace,msls,231,0.8229467868804932,0.8963167667388916,7,0.7,0
CosPlace,msls,232,0.7439858913421631,0.9240436553955078,2,0.2,1
CosPlace,msls,233,0.8923616409301758,0.8950883150100708,0,0.0,1
CosPlace,msls,234,0.826461672782898,0.8872619271278381,9,0.9,0
CosPlace,msls,235,0.6711058616638184,0.7993133068084717,3,0.3,0
CosPlace,msls,236,0.8724453449249268,0.9261680841445923,6,0.6,0
CosPlace,msls,237,0.8244791030883789,0.9015119075775146,8,0.8,0
CosPlace,msls,238,0.8378418684005737,0.936885416507721,4,0.4,0
CosPlace,msls,239,0.9585498571395874,0.9685770869255066,8,0.8,0
CosPlace,msls,240,0.8841572999954224,0.9402948617935181,9,0.9,0
CosPlace,msls,241,0.6679538488388062,0.9184740781784058,3,0.3,0
CosPlace,msls,242,0.8456165790557861,0.9418808817863464,10,1.0,0
CosPlace,msls,243,0.876209020614624,0.9264469742774963,10,1.0,0
CosPlace,msls,244,0.7708804607391357,0.9305458068847656,3,0.3,1
CosPlace,msls,245,0.7802540063858032,0.9642777442932129,0,0.0,1
CosPlace,msls,246,0.7804421186447144,0.9501562714576721,3,0.3,1
CosPlace,msls,247,0.9299106001853943,0.9494286179542542,0,0.0,1
CosPlace,msls,248,0.7602497935295105,0.9142817258834839,5,0.5,0
CosPlace,msls,249,0.9163943529129028,0.9581384062767029,0,0.0,1
CosPlace,msls,250,0.6958648562431335,0.8951050043106079,4,0.4,0
CosPlace,msls,251,0.9045246243476868,0.8843913078308105,5,0.5,0
CosPlace,msls,252,0.8306751847267151,0.9509273767471313,7,0.7,0
CosPlace,msls,253,0.9392051696777344,0.9589900970458984,10,1.0,0
CosPlace,msls,254,0.8286362886428833,0.95185387134552,5,0.5,0
CosPlace,msls,255,0.9231884479522705,0.9241405725479126,9,0.9,0
CosPlace,msls,256,0.8930695652961731,0.8713898658752441,0,0.0,1
CosPlace,msls,257,0.9427803754806519,0.88835608959198,4,0.4,1
CosPlace,msls,258,0.7369506359100342,0.9153130054473877,3,0.3,0
CosPlace,msls,259,0.9337982535362244,0.9393478631973267,2,0.2,0
CosPlace,msls,260,0.9327614903450012,0.9166531562805176,1,0.1,0
CosPlace,msls,261,0.9186919927597046,0.891778290271759,0,0.0,1
CosPlace,msls,262,0.8681803941726685,0.9111553430557251,7,0.7,0
CosPlace,msls,263,0.7511740922927856,0.9418421387672424,6,0.6,0
CosPlace,msls,264,0.9103570580482483,0.8647022247314453,1,0.1,0
CosPlace,msls,265,0.9641937613487244,0.9426666498184204,0,0.0,1
CosPlace,msls,266,0.9450262784957886,0.8981797695159912,0,0.0,1
CosPlace,msls,267,0.8977557420730591,0.9469605088233948,2,0.2,1
CosPlace,msls,268,0.8428052663803101,0.9610767364501953,7,0.7,0
CosPlace,msls,269,0.8956133127212524,0.9203867316246033,0,0.0,1
CosPlace,msls,270,0.5897075533866882,0.7971295118331909,3,0.3,0
CosPlace,msls,271,0.9300235509872437,0.9184496402740479,0,0.0,1
CosPlace,msls,272,0.8774877786636353,0.8758512735366821,2,0.2,0
CosPlace,msls,273,0.7567508220672607,0.8819451928138733,3,0.3,0
CosPlace,msls,274,0.698555588722229,0.9031887054443359,3,0.3,0
CosPlace,msls,275,0.8024523258209229,0.9484371542930603,3,0.3,1
CosPlace,msls,276,0.9341484904289246,0.8859084844589233,3,0.3,0
CosPlace,msls,277,0.8437002301216125,0.8840563297271729,5,0.5,0
CosPlace,msls,278,0.6890348196029663,0.9265556931495667,6,0.6,0
CosPlace,msls,279,0.9104331731796265,0.9119793772697449,5,0.5,1
CosPlace,msls,280,0.9110947847366333,0.8571667075157166,4,0.4,0
CosPlace,msls,281,0.9022505283355713,0.9031573534011841,9,0.9,0
CosPlace,msls,282,0.7325491905212402,0.8298007249832153,5,0.5,0
CosPlace,msls,283,0.7945306301116943,0.911085844039917,10,1.0,0
CosPlace,msls,284,0.9118800163269043,0.9431202411651611,1,0.1,0
CosPlace,msls,285,0.6372555494308472,0.9129163026809692,2,0.2,0
CosPlace,msls,286,0.8893803358078003,0.8996080160140991,0,0.0,1
CosPlace,msls,287,0.8447128534317017,0.9397187232971191,7,0.7,0
CosPlace,msls,288,0.8988231420516968,0.9176844954490662,10,1.0,0
CosPlace,msls,289,0.860162615776062,0.9028280973434448,7,0.7,0
CosPlace,msls,290,0.864457368850708,0.913429856300354,10,1.0,0
CosPlace,msls,291,0.7572835683822632,0.9327378273010254,6,0.6,0
CosPlace,msls,292,0.9140419363975525,0.9266535043716431,10,1.0,0
CosPlace,msls,293,0.9239181876182556,0.906632125377655,2,0.2,0
CosPlace,msls,294,0.9351872801780701,0.8296805620193481,2,0.2,0
CosPlace,msls,295,0.971766471862793,0.9007307291030884,4,0.4,1
CosPlace,msls,296,0.9037173986434937,0.8786355257034302,2,0.2,0
CosPlace,msls,297,0.9141755700111389,0.9449471831321716,4,0.4,0
CosPlace,msls,298,0.9070346355438232,0.9103530645370483,10,1.0,0
CosPlace,msls,299,0.8818267583847046,0.951382040977478,10,1.0,0
CosPlace,msls,300,0.8856852054595947,0.8841004371643066,2,0.2,0
CosPlace,msls,301,0.7784626483917236,0.9477567672729492,6,0.6,0
CosPlace,msls,302,0.6689574718475342,0.9352985620498657,2,0.2,1
CosPlace,msls,303,0.9450628757476807,0.8337125778198242,0,0.0,1
CosPlace,msls,304,0.7585468292236328,0.918349027633667,3,0.3,1
CosPlace,msls,305,0.8857730031013489,0.9487004280090332,10,1.0,0
CosPlace,msls,306,0.6643211841583252,0.8883649110794067,6,0.6,0
CosPlace,msls,307,0.6224182844161987,0.9338958263397217,7,0.7,0
CosPlace,msls,308,0.6876872777938843,0.8974603414535522,2,0.2,0
CosPlace,msls,309,0.9320954084396362,0.9381343722343445,5,0.5,0
CosPlace,msls,310,0.7779319882392883,0.9091387391090393,2,0.2,0
CosPlace,msls,311,0.7937731146812439,0.9320715665817261,5,0.5,0
CosPlace,msls,312,0.7171589136123657,0.9374594688415527,3,0.3,1
CosPlace,msls,313,0.8916463255882263,0.9256507158279419,3,0.3,0
CosPlace,msls,314,0.8896269798278809,0.9185614585876465,5,0.5,0
CosPlace,msls,315,0.8386358022689819,0.8916951417922974,0,0.0,1
CosPlace,msls,316,0.8612259030342102,0.9384207725524902,3,0.3,0
CosPlace,msls,317,0.8650447130203247,0.9466045498847961,0,0.0,1
CosPlace,msls,318,0.8352709412574768,0.924519419670105,2,0.2,1
CosPlace,msls,319,0.7761579751968384,0.8843916654586792,6,0.6,0
CosPlace,msls,320,0.8683416843414307,0.9336814880371094,4,0.4,1
CosPlace,msls,321,0.861267626285553,0.9242060780525208,5,0.5,0
CosPlace,msls,322,0.8449158668518066,0.9016702175140381,3,0.3,0
CosPlace,msls,323,0.8004220724105835,0.9340828657150269,2,0.2,1
CosPlace,msls,324,0.845011830329895,0.9134731292724609,9,0.9,0
CosPlace,msls,325,0.7609455585479736,0.9653260707855225,4,0.4,0
CosPlace,msls,326,0.822171151638031,0.9354158639907837,5,0.5,1
CosPlace,msls,327,0.9212305545806885,0.9487963914871216,3,0.3,0
CosPlace,msls,328,0.7993769645690918,0.7676098942756653,3,0.3,0
CosPlace,msls,329,0.9362661838531494,0.9424172639846802,1,0.1,1
CosPlace,msls,330,0.901192307472229,0.9384753704071045,4,0.4,1
CosPlace,msls,331,0.8597398996353149,0.9153046607971191,2,0.2,1
CosPlace,msls,332,0.8092653751373291,0.9519896507263184,4,0.4,1
CosPlace,msls,333,0.9423701167106628,0.8590247631072998,0,0.0,1
CosPlace,msls,334,0.7840530872344971,0.9104423522949219,5,0.5,0
CosPlace,msls,335,0.7042168378829956,0.8799028396606445,3,0.3,0
CosPlace,msls,336,0.7263009548187256,0.8795557022094727,6,0.6,0
CosPlace,msls,337,0.7259021997451782,0.9216626882553101,9,0.9,0
CosPlace,msls,338,0.7882299423217773,0.9565024375915527,4,0.4,1
CosPlace,msls,339,0.6854371428489685,0.8320242166519165,2,0.2,0
CosPlace,msls,340,0.8296038508415222,0.8462694883346558,3,0.3,0
CosPlace,msls,341,0.818659782409668,0.9530340433120728,5,0.5,1
CosPlace,msls,342,0.8237572312355042,0.8581956028938293,3,0.3,0
CosPlace,msls,343,0.6242568492889404,0.8253966569900513,3,0.3,0
CosPlace,msls,344,0.8279314041137695,0.9175574779510498,2,0.2,0
CosPlace,msls,345,0.7344952821731567,0.862791895866394,7,0.7,0
CosPlace,msls,346,0.6016713976860046,0.8455377817153931,4,0.4,0
CosPlace,msls,347,0.5976672172546387,0.8689955472946167,5,0.5,0
CosPlace,msls,348,0.7999414205551147,0.8342509269714355,5,0.5,0
CosPlace,msls,349,0.7708088159561157,0.937824010848999,2,0.2,0
CosPlace,msls,350,0.884795069694519,0.9128888845443726,5,0.5,1
CosPlace,msls,351,0.6657058596611023,0.9561334848403931,3,0.3,1
CosPlace,msls,352,0.6175941228866577,0.8812142610549927,7,0.7,0
CosPlace,msls,353,0.7224639058113098,0.8330050706863403,2,0.2,0
CosPlace,msls,354,0.7477909326553345,0.9006528854370117,3,0.3,0
CosPlace,msls,355,0.7354121804237366,0.9050456285476685,4,0.4,1
CosPlace,msls,356,0.7004436254501343,0.9382911920547485,3,0.3,0
CosPlace,msls,357,0.7428839206695557,0.9633828997612,3,0.3,1
CosPlace,msls,358,0.7069504261016846,0.9497930407524109,4,0.4,0
CosPlace,msls,359,0.8985719680786133,0.8790609836578369,2,0.2,1
CosPlace,msls,360,0.8366469740867615,0.9325372576713562,4,0.4,0
CosPlace,msls,361,0.8286079168319702,0.9365319609642029,0,0.0,1
CosPlace,msls,362,0.7419834136962891,0.9121866226196289,4,0.4,0
CosPlace,msls,363,0.5259848833084106,0.8844618797302246,1,0.1,0
CosPlace,msls,364,0.8008396029472351,0.9335960149765015,0,0.0,1
CosPlace,msls,365,0.7711461186408997,0.945391058921814,7,0.7,0
CosPlace,msls,366,0.683914065361023,0.8641506433486938,2,0.2,0
CosPlace,msls,367,0.9323521852493286,0.9713685512542725,10,1.0,0
CosPlace,msls,368,0.5125566720962524,0.8659762144088745,1,0.1,0
CosPlace,msls,369,0.7185053825378418,0.8805598616600037,3,0.3,0
CosPlace,msls,370,0.8417338132858276,0.9165073037147522,0,0.0,1
CosPlace,msls,371,0.5260088443756104,0.8914421796798706,2,0.2,0
CosPlace,msls,372,0.5945716500282288,0.8701736330986023,5,0.5,0
CosPlace,msls,373,0.6289122104644775,0.9226793050765991,1,0.1,0
CosPlace,msls,374,0.6178386211395264,0.9404920935630798,1,0.1,0
CosPlace,msls,375,0.6695529222488403,0.8797410130500793,3,0.3,0
CosPlace,msls,376,0.8288638591766357,0.8876534700393677,2,0.2,0
CosPlace,msls,377,0.7795739769935608,0.9252966642379761,2,0.2,0
CosPlace,msls,378,0.6855685114860535,0.9505935907363892,3,0.3,0
CosPlace,msls,379,0.7997059226036072,0.9384864568710327,9,0.9,0
CosPlace,msls,380,0.6699129343032837,0.8939945101737976,3,0.3,0
CosPlace,msls,381,0.5908195376396179,0.9329217672348022,3,0.3,0
CosPlace,msls,382,0.7793556451797485,0.9179340600967407,5,0.5,0
CosPlace,msls,383,0.701062798500061,0.8970693945884705,2,0.2,0
CosPlace,msls,384,0.5848008394241333,0.9365249872207642,2,0.2,0
CosPlace,msls,385,0.8482439517974854,0.9042401313781738,1,0.1,0
CosPlace,msls,386,0.7340878248214722,0.9543566703796387,5,0.5,0
CosPlace,msls,387,0.7889833450317383,0.9312618374824524,7,0.7,0
CosPlace,msls,388,0.8561877012252808,0.9176157116889954,10,1.0,0
CosPlace,msls,389,0.8604676127433777,0.9710551500320435,10,1.0,0
CosPlace,msls,390,0.8029211759567261,0.9474717378616333,8,0.8,0
CosPlace,msls,391,0.8684018850326538,0.9501490592956543,2,0.2,1
CosPlace,msls,392,0.5853537917137146,0.8851720094680786,3,0.3,0
CosPlace,msls,393,0.46189433336257935,0.9013261795043945,3,0.3,0
CosPlace,msls,394,0.7234876155853271,0.845973551273346,1,0.1,0
CosPlace,msls,395,0.772506833076477,0.9739943742752075,7,0.7,0
CosPlace,msls,396,0.6105939149856567,0.9561643600463867,3,0.3,0
CosPlace,msls,397,0.6476167440414429,0.8968169093132019,7,0.7,0
CosPlace,msls,398,0.7994343638420105,0.9051456451416016,6,0.6,0
CosPlace,msls,399,0.7966342568397522,0.9608429670333862,2,0.2,0
CosPlace,msls,400,0.7886672616004944,0.9121274948120117,6,0.6,1
CosPlace,msls,401,0.8978843688964844,0.9657469987869263,2,0.2,0
CosPlace,msls,402,0.790746808052063,0.9530032873153687,5,0.5,0
CosPlace,msls,403,0.6997941732406616,0.8972547650337219,4,0.4,0
CosPlace,msls,404,0.8278002738952637,0.9722887873649597,7,0.7,1
CosPlace,msls,405,0.8043969869613647,0.9353071451187134,5,0.5,0
CosPlace,msls,406,0.683033287525177,0.9415924549102783,2,0.2,1
CosPlace,msls,407,0.45866501331329346,0.852167010307312,5,0.5,0
CosPlace,msls,408,0.953738808631897,0.9599562883377075,8,0.8,0
CosPlace,msls,409,0.6177366971969604,0.9119442701339722,4,0.4,0
CosPlace,msls,410,0.6136852502822876,0.8811365365982056,4,0.4,0
CosPlace,msls,411,0.5586820840835571,0.9082887172698975,4,0.4,0
CosPlace,msls,412,0.6233512163162231,0.9423283338546753,3,0.3,0
CosPlace,msls,413,0.8527637720108032,0.9354145526885986,4,0.4,0
CosPlace,msls,414,0.7065280079841614,0.9309837818145752,2,0.2,1
CosPlace,msls,415,0.8864874839782715,0.9633346796035767,10,1.0,0
CosPlace,msls,416,0.7745897173881531,0.9302743077278137,2,0.2,1
CosPlace,msls,417,0.528260350227356,0.8499125242233276,2,0.2,0
CosPlace,msls,418,0.8609890937805176,0.9742149710655212,6,0.6,1
CosPlace,msls,419,0.7352913618087769,0.9410547614097595,8,0.8,1
CosPlace,msls,420,0.41255322098731995,0.9290727376937866,6,0.6,0
CosPlace,msls,421,0.9307271242141724,0.9222680330276489,0,0.0,1
CosPlace,msls,422,0.6493782997131348,0.8717702627182007,2,0.2,0
CosPlace,msls,423,0.6651443839073181,0.9253839254379272,3,0.3,0
CosPlace,msls,424,0.5430136322975159,0.8146239519119263,5,0.5,0
CosPlace,msls,425,0.9709661602973938,0.910356879234314,1,0.1,1
CosPlace,msls,426,0.767074704170227,0.8606922626495361,3,0.3,0
CosPlace,msls,427,0.7770899534225464,0.7730200290679932,2,0.2,1
CosPlace,msls,428,0.9295446872711182,0.9668861627578735,2,0.2,0
CosPlace,msls,429,0.8692214488983154,0.9342101216316223,10,1.0,0
CosPlace,msls,430,0.7055486440658569,0.8505667448043823,1,0.1,0
CosPlace,msls,431,0.5946851968765259,0.8520771265029907,3,0.3,0
CosPlace,msls,432,0.6685640811920166,0.8649395704269409,2,0.2,1
CosPlace,msls,433,0.4349014163017273,0.8584202527999878,3,0.3,0
CosPlace,msls,434,0.7371559739112854,0.9353147745132446,6,0.6,1
CosPlace,msls,435,0.8925851583480835,0.8189955949783325,10,1.0,0
CosPlace,msls,436,0.6157848238945007,0.928037166595459,3,0.3,0
CosPlace,msls,437,0.9123388528823853,0.9512033462524414,0,0.0,1
CosPlace,msls,438,0.5673884153366089,0.7617591619491577,1,0.1,0
CosPlace,msls,439,0.6608474850654602,0.9131765365600586,3,0.3,1
CosPlace,msls,440,0.7072470188140869,0.9241154193878174,5,0.5,0
CosPlace,msls,441,0.7427564859390259,0.9817739129066467,8,0.8,0
CosPlace,msls,442,0.7952563762664795,0.9322065114974976,2,0.2,1
CosPlace,msls,443,0.6539981365203857,0.817340612411499,6,0.6,0
CosPlace,msls,444,0.4397665560245514,0.9211220741271973,2,0.2,0
CosPlace,msls,445,0.784103274345398,0.9333412647247314,6,0.6,0
CosPlace,msls,446,0.8000652194023132,0.9359121918678284,0,0.0,1
CosPlace,msls,447,0.8633463978767395,0.8978391885757446,7,0.7,0
CosPlace,msls,448,0.548528790473938,0.777873158454895,3,0.3,0
CosPlace,msls,449,0.6102554798126221,0.8471778631210327,4,0.4,0
CosPlace,msls,450,0.5654070377349854,0.9150574803352356,4,0.4,0
CosPlace,msls,451,0.6808298826217651,0.9321165084838867,3,0.3,1
CosPlace,msls,452,0.5832135677337646,0.8979535102844238,3,0.3,1
CosPlace,msls,453,0.7295160889625549,0.9108770489692688,3,0.3,1
CosPlace,msls,454,0.475555956363678,0.9172483682632446,5,0.5,0
CosPlace,msls,455,0.6433541774749756,0.9122025966644287,6,0.6,0
CosPlace,msls,456,0.5363487005233765,0.9355505704879761,1,0.1,0
CosPlace,msls,457,0.9271472692489624,0.9165554046630859,4,0.4,1
CosPlace,msls,458,0.6905097961425781,0.952933669090271,5,0.5,0
CosPlace,msls,459,0.8327966928482056,0.9167699217796326,1,0.1,1
CosPlace,msls,460,0.5693026781082153,0.9238109588623047,2,0.2,0
CosPlace,msls,461,0.7905920147895813,0.9288093447685242,1,0.1,0
CosPlace,msls,462,0.5521392822265625,0.8969936370849609,2,0.2,1
CosPlace,msls,463,0.9394854307174683,0.9637006521224976,10,1.0,0
CosPlace,msls,464,0.8525031805038452,0.9613322019577026,10,1.0,0
CosPlace,msls,465,0.9120177030563354,0.9045606851577759,6,0.6,0
CosPlace,msls,466,0.6888721585273743,0.9158456921577454,6,0.6,0
CosPlace,msls,467,0.697542130947113,0.9108487963676453,3,0.3,0
CosPlace,msls,468,0.6623708009719849,0.8829216957092285,3,0.3,0
CosPlace,msls,469,0.7664969563484192,0.9351861476898193,0,0.0,1
CosPlace,msls,470,0.7761459946632385,0.8621752858161926,4,0.4,0
CosPlace,msls,471,0.7619284391403198,0.9465366005897522,7,0.7,0
CosPlace,msls,472,0.7849196195602417,0.9372254610061646,6,0.6,0
CosPlace,msls,473,0.8619992136955261,0.8897944688796997,1,0.1,0
CosPlace,msls,474,0.8361207246780396,0.9610830545425415,4,0.4,0
CosPlace,msls,475,0.8534066081047058,0.8676071166992188,3,0.3,0
CosPlace,msls,476,0.6951764822006226,0.8844410181045532,3,0.3,0
CosPlace,msls,477,0.7876451015472412,0.9035581946372986,10,1.0,0
CosPlace,msls,478,0.8788201808929443,0.9093027114868164,10,1.0,0
CosPlace,msls,479,0.7174065113067627,0.9277478456497192,6,0.6,0
CosPlace,msls,480,0.7779526710510254,0.953630805015564,10,1.0,0
CosPlace,msls,481,0.7293243408203125,0.932375431060791,4,0.4,0
CosPlace,msls,482,0.9057807922363281,0.8711256980895996,1,0.1,1
CosPlace,msls,483,0.6338160037994385,0.9002702236175537,4,0.4,0
CosPlace,msls,484,0.9369882345199585,0.9250816702842712,10,1.0,0
CosPlace,msls,485,0.8282352685928345,0.8860419988632202,5,0.5,1
CosPlace,msls,486,0.7395942211151123,0.8805311918258667,5,0.5,0
CosPlace,msls,487,0.787218451499939,0.9654194712638855,5,0.5,0
CosPlace,msls,488,0.8106740713119507,0.9176514148712158,1,0.1,0
CosPlace,msls,489,0.8047569990158081,0.9043241739273071,10,1.0,0
CosPlace,msls,490,0.9783696532249451,0.9272889494895935,9,0.9,0
CosPlace,msls,491,0.8057881593704224,0.9154740571975708,7,0.7,0
CosPlace,msls,492,0.9082505702972412,0.9423644542694092,10,1.0,0
CosPlace,msls,493,0.8094816207885742,0.8749996423721313,4,0.4,0
CosPlace,msls,494,0.664641797542572,0.9091259241104126,2,0.2,1
CosPlace,msls,495,0.5336247682571411,0.9377586841583252,4,0.4,0
CosPlace,msls,496,0.6889448761940002,0.9140915870666504,5,0.5,0
CosPlace,msls,497,0.8522133231163025,0.867294192314148,2,0.2,0
CosPlace,msls,498,0.8942837715148926,0.8341041803359985,0,0.0,1
CosPlace,msls,499,0.957276463508606,0.9713734984397888,9,0.9,0
CosPlace,msls,500,0.9483998417854309,0.9151597023010254,0,0.0,1
CosPlace,msls,501,0.8391510248184204,0.9020445346832275,7,0.7,0
CosPlace,msls,502,0.7450200319290161,0.913856029510498,4,0.4,0
CosPlace,msls,503,0.6937023401260376,0.8746821880340576,5,0.5,0
CosPlace,msls,504,0.661412239074707,0.9381352663040161,6,0.6,0
CosPlace,msls,505,0.9010237455368042,0.9278014898300171,8,0.8,0
CosPlace,msls,506,0.9423525333404541,0.8973952531814575,0,0.0,1
CosPlace,msls,507,0.9418505430221558,0.8516740798950195,5,0.5,0
CosPlace,msls,508,0.62049400806427,0.9206417202949524,4,0.4,0
CosPlace,msls,509,0.9028986692428589,0.9485914707183838,8,0.8,0
CosPlace,msls,510,0.7963353395462036,0.9685810208320618,5,0.5,1
CosPlace,msls,511,0.7545784711837769,0.8727038502693176,2,0.2,0
CosPlace,msls,512,0.782142698764801,0.9515066146850586,5,0.5,1
CosPlace,msls,513,0.5979888439178467,0.8202032446861267,2,0.2,0
CosPlace,msls,514,0.7754625082015991,0.9426688551902771,5,0.5,0
CosPlace,msls,515,0.8385627269744873,0.920555591583252,0,0.0,1
CosPlace,msls,516,0.9416143894195557,0.913109540939331,6,0.6,1
CosPlace,msls,517,0.7702327966690063,0.7442456483840942,2,0.2,0
CosPlace,nordland,0,0.8099256753921509,0.888737678527832,1,0.1,1
CosPlace,nordland,1,0.8605132699012756,0.8844208121299744,2,0.2,1
CosPlace,nordland,2,0.7789028286933899,0.7981356382369995,4,0.4,0
CosPlace,nordland,3,0.8288462162017822,0.7427813410758972,3,0.3,1
CosPlace,nordland,4,0.7250674962997437,0.9200709462165833,4,0.4,0
CosPlace,nordland,5,0.7257184386253357,0.8583440184593201,2,0.2,0
CosPlace,nordland,6,0.7870965003967285,0.7821731567382812,1,0.1,1
CosPlace,nordland,7,0.6194625496864319,0.8979765176773071,2,0.2,1
CosPlace,nordland,8,0.8668137788772583,0.8672502040863037,3,0.3,1
CosPlace,nordland,9,0.8228662014007568,0.8601915836334229,1,0.1,1
CosPlace,nordland,10,0.8788812160491943,0.8653379678726196,2,0.2,1
CosPlace,nordland,11,0.9182521104812622,0.7925280332565308,2,0.2,1
CosPlace,nordland,12,0.8796133995056152,0.8523119688034058,2,0.2,1
CosPlace,nordland,13,0.8287442326545715,0.8756895661354065,3,0.3,1
CosPlace,nordland,14,0.8498630523681641,0.8945497870445251,2,0.2,1
CosPlace,nordland,15,0.8671603798866272,0.8800816535949707,0,0.0,1
CosPlace,nordland,16,0.877465009689331,0.8191726207733154,0,0.0,1
CosPlace,nordland,17,0.7764911651611328,0.8686928153038025,0,0.0,1
CosPlace,nordland,18,0.7638112306594849,0.8964165449142456,0,0.0,1
CosPlace,nordland,19,0.7193813323974609,0.8681454658508301,2,0.2,1
CosPlace,nordland,20,0.9020634889602661,0.7946352958679199,2,0.2,1
CosPlace,nordland,21,0.7902430295944214,0.7896426916122437,2,0.2,1
CosPlace,nordland,22,0.7888778448104858,0.970413327217102,6,0.6,0
CosPlace,nordland,23,0.8083741664886475,0.8114458322525024,2,0.2,1
CosPlace,nordland,24,0.9241498708724976,0.91143798828125,1,0.1,1
CosPlace,nordland,25,0.8353201746940613,0.8708494901657104,0,0.0,1
CosPlace,nordland,26,0.8266423940658569,0.911787211894989,1,0.1,1
CosPlace,nordland,27,0.9196622371673584,0.9397448897361755,1,0.1,1
CosPlace,nordland,28,0.9277713298797607,0.9759260416030884,3,0.3,0
CosPlace,nordland,29,0.7883875370025635,0.8523392081260681,3,0.3,0
CosPlace,nordland,30,0.8675423264503479,0.8645921945571899,6,0.6,1
CosPlace,nordland,31,0.7853654623031616,0.9375042915344238,5,0.5,1
CosPlace,nordland,32,0.8958132266998291,0.8578922748565674,7,0.7,0
CosPlace,nordland,33,0.8443846106529236,0.8991743326187134,4,0.4,1
CosPlace,nordland,34,0.8785359263420105,0.9626257419586182,4,0.4,1
CosPlace,nordland,35,0.8928644061088562,0.871036171913147,4,0.4,1
CosPlace,nordland,36,0.858866274356842,0.8493801355361938,0,0.0,1
CosPlace,nordland,37,0.7889288067817688,0.8889710903167725,1,0.1,0
CosPlace,nordland,38,0.8440547585487366,0.8563232421875,3,0.3,1
CosPlace,nordland,39,0.8480453491210938,0.8924739956855774,0,0.0,1
CosPlace,nordland,40,0.792323887348175,0.821403980255127,4,0.4,0
CosPlace,nordland,41,0.873691201210022,0.9528862833976746,3,0.3,0
CosPlace,nordland,42,0.8660112619400024,0.9594083428382874,5,0.5,0
CosPlace,nordland,43,0.820491373538971,0.8796680569648743,5,0.5,1
CosPlace,nordland,44,0.8159967064857483,0.8951188325881958,3,0.3,1
CosPlace,nordland,45,0.833371639251709,0.9477105140686035,5,0.5,1
CosPlace,nordland,46,0.8579747080802917,0.9051513671875,4,0.4,1
CosPlace,nordland,47,0.7233225703239441,0.7506787180900574,7,0.7,1
CosPlace,nordland,48,0.8215223550796509,0.8557849526405334,2,0.2,1
CosPlace,nordland,49,0.8156670928001404,0.9371287822723389,1,0.1,1
CosPlace,nordland,50,0.7717962265014648,0.8061462640762329,0,0.0,1
CosPlace,nordland,51,0.8693197965621948,0.7886942625045776,1,0.1,1
CosPlace,nordland,52,0.9249911308288574,0.9224613308906555,0,0.0,1
CosPlace,nordland,53,0.8993553519248962,0.7977394461631775,2,0.2,1
CosPlace,nordland,54,0.8728221654891968,0.9314430952072144,2,0.2,1
CosPlace,nordland,55,0.9250880479812622,0.9662092924118042,3,0.3,1
CosPlace,nordland,56,0.9053704738616943,0.9752078652381897,3,0.3,0
CosPlace,nordland,57,0.8941546678543091,0.9501407742500305,3,0.3,1
CosPlace,nordland,58,0.833304762840271,0.8981121778488159,2,0.2,1
CosPlace,nordland,59,0.8144720792770386,0.8012609481811523,2,0.2,1
CosPlace,nordland,60,0.7013915777206421,0.8784592151641846,0,0.0,1
CosPlace,nordland,61,0.6464331150054932,0.7663040161132812,1,0.1,1
CosPlace,nordland,62,0.6341829895973206,0.9632827043533325,1,0.1,1
CosPlace,nordland,63,0.8138469457626343,0.8147381544113159,0,0.0,1
CosPlace,nordland,64,0.8481912612915039,0.8496589660644531,4,0.4,1
CosPlace,nordland,65,0.885695219039917,0.9298839569091797,2,0.2,0
CosPlace,nordland,66,0.7534048557281494,0.9455792307853699,3,0.3,0
CosPlace,nordland,67,0.7594929337501526,0.9175043702125549,1,0.1,1
CosPlace,nordland,68,0.8697530031204224,0.8657552003860474,0,0.0,1
CosPlace,nordland,69,0.7690314054489136,0.9486702680587769,0,0.0,1
CosPlace,nordland,70,0.7418695688247681,0.9908981919288635,0,0.0,1
CosPlace,nordland,71,0.623970091342926,0.9566582441329956,0,0.0,1
CosPlace,nordland,72,0.7016385197639465,0.9111385345458984,0,0.0,1
CosPlace,nordland,73,0.7280184030532837,0.8911813497543335,1,0.1,1
CosPlace,nordland,74,0.7661113739013672,0.8924041986465454,1,0.1,1
CosPlace,nordland,75,0.8872514963150024,0.7821239233016968,0,0.0,1
CosPlace,nordland,76,0.8409249782562256,0.9087688326835632,0,0.0,1
CosPlace,nordland,77,0.8470782041549683,0.8596343398094177,7,0.7,1
CosPlace,nordland,78,0.8928483128547668,0.8895131349563599,0,0.0,1
CosPlace,nordland,79,0.8693461418151855,0.9136976003646851,0,0.0,1
CosPlace,nordland,80,0.9355729222297668,0.9504808187484741,0,0.0,1
CosPlace,nordland,81,0.9493592977523804,0.9493653774261475,2,0.2,1
CosPlace,nordland,82,0.887506365776062,0.9376558661460876,1,0.1,1
CosPlace,nordland,83,0.7901860475540161,0.9382665753364563,3,0.3,0
CosPlace,nordland,84,0.8868930339813232,0.923865556716919,1,0.1,1
CosPlace,nordland,85,0.8140976428985596,0.9802548289299011,0,0.0,1
CosPlace,nordland,86,0.8978439569473267,0.9800102710723877,0,0.0,1
CosPlace,nordland,87,0.6900825500488281,0.8808395862579346,0,0.0,1
CosPlace,nordland,88,0.7605072259902954,0.8823894262313843,6,0.6,1
CosPlace,nordland,89,0.7579506039619446,0.9327372312545776,0,0.0,1
CosPlace,nordland,90,0.7239050269126892,0.8586134910583496,0,0.0,1
CosPlace,nordland,91,0.7806088328361511,0.9375488758087158,0,0.0,1
CosPlace,nordland,92,0.7474627494812012,0.744033932685852,0,0.0,1
CosPlace,nordland,93,0.7865273952484131,0.7497378587722778,0,0.0,1
CosPlace,nordland,94,0.7782032489776611,0.952714204788208,4,0.4,1
CosPlace,nordland,95,0.882171630859375,0.827700138092041,0,0.0,1
CosPlace,nordland,96,0.8544213175773621,0.9005286693572998,1,0.1,1
CosPlace,nordland,97,0.8590395450592041,0.9584466218948364,0,0.0,1
CosPlace,nordland,98,0.7082469463348389,0.9086334705352783,2,0.2,1
CosPlace,nordland,99,0.881932258605957,0.934787392616272,3,0.3,1
CosPlace,nordland,100,0.9095770120620728,0.8121933937072754,6,0.6,1
CosPlace,nordland,101,0.9811476469039917,0.9848670363426208,8,0.8,1
CosPlace,nordland,102,0.9935558438301086,1.0,10,1.0,0
CosPlace,nordland,103,0.9912485480308533,1.0,10,1.0,0
CosPlace,nordland,104,0.9846913814544678,1.0,10,1.0,0
CosPlace,nordland,105,0.887331485748291,0.8871517181396484,0,0.0,1
CosPlace,nordland,106,0.913679301738739,0.9440093040466309,0,0.0,1
CosPlace,nordland,107,0.9216694831848145,0.9574040174484253,0,0.0,1
CosPlace,nordland,108,0.7735227942466736,0.8669142723083496,1,0.1,1
CosPlace,nordland,109,0.7728368043899536,0.858351469039917,1,0.1,1
CosPlace,nordland,110,0.7635849714279175,0.8818269968032837,3,0.3,1
CosPlace,nordland,111,0.8579009771347046,0.9231894016265869,1,0.1,1
CosPlace,nordland,112,0.7822253704071045,0.8488404750823975,1,0.1,1
CosPlace,nordland,113,0.7878938317298889,0.858351469039917,1,0.1,1
CosPlace,nordland,114,0.7848812341690063,0.8669142723083496,1,0.1,1
CosPlace,nordland,115,0.7908775806427002,0.8591987490653992,2,0.2,1
CosPlace,nordland,116,0.7716730833053589,0.867761492729187,3,0.3,1
CosPlace,nordland,117,0.990807056427002,1.0,10,1.0,0
CosPlace,nordland,118,0.9895275831222534,1.0,10,1.0,0
CosPlace,nordland,119,0.9892579913139343,1.0,10,1.0,0
CosPlace,nordland,120,0.9898114204406738,1.0,10,1.0,0
CosPlace,nordland,121,0.9879841208457947,1.0,10,1.0,0
CosPlace,nordland,122,0.586581826210022,0.9550888538360596,2,0.2,1
CosPlace,nordland,123,0.9895920157432556,1.0,10,1.0,0
CosPlace,nordland,124,0.9894940257072449,1.0,10,1.0,0
CosPlace,nordland,125,0.989990234375,1.0,9,0.9,0
CosPlace,nordland,126,0.9896888732910156,1.0,8,0.8,0
CosPlace,nordland,127,0.9887162446975708,1.0,7,0.7,0
CosPlace,nordland,128,0.9886600971221924,1.0,8,0.8,0
CosPlace,nordland,129,0.9867242574691772,1.0,8,0.8,0
CosPlace,nordland,130,0.9860565662384033,1.0,9,0.9,0
CosPlace,nordland,131,0.9865770936012268,1.0,8,0.8,0
CosPlace,nordland,132,0.9874926805496216,1.0,8,0.8,0
CosPlace,nordland,133,0.8454293012619019,0.9376376867294312,5,0.5,0
CosPlace,nordland,134,0.9852334260940552,1.0,7,0.7,0
CosPlace,nordland,135,0.9874606132507324,1.0,6,0.6,0
CosPlace,nordland,136,0.9854028224945068,1.0,7,0.7,0
CosPlace,nordland,137,0.9861123561859131,1.0,6,0.6,0
CosPlace,nordland,138,0.9528982639312744,0.9848670363426208,5,0.5,0
CosPlace,nordland,139,0.993625283241272,1.0,3,0.3,0
CosPlace,nordland,140,0.9387185573577881,1.0,3,0.3,0
CosPlace,nordland,141,0.8739678859710693,0.9880771636962891,6,0.6,1
CosPlace,nordland,142,0.726544976234436,0.864551842212677,5,0.5,0
CosPlace,nordland,143,0.774315595626831,0.8678418397903442,7,0.7,0
CosPlace,nordland,144,0.8176068663597107,0.8411870002746582,4,0.4,1
CosPlace,nordland,145,0.590996265411377,0.9026089906692505,5,0.5,1
CosPlace,nordland,146,0.434463232755661,0.8947433233261108,6,0.6,0
CosPlace,nordland,147,0.5897401571273804,0.8933232426643372,6,0.6,0
CosPlace,nordland,148,0.6327099800109863,0.9356022477149963,3,0.3,1
CosPlace,nordland,149,0.7805328369140625,0.9344058036804199,4,0.4,1
CosPlace,nordland,150,0.9118523597717285,0.9264427423477173,5,0.5,1
CosPlace,nordland,151,0.794089138507843,0.7536689043045044,6,0.6,1
CosPlace,nordland,152,0.7516828775405884,0.8818034529685974,3,0.3,1
CosPlace,nordland,153,0.824878454208374,0.9016443490982056,7,0.7,1
CosPlace,nordland,154,0.5514055490493774,0.9293999671936035,5,0.5,0
CosPlace,nordland,155,0.770400881767273,0.9294455051422119,7,0.7,0
CosPlace,nordland,156,0.8392002582550049,0.9398637413978577,4,0.4,1
CosPlace,nordland,157,0.7094858884811401,0.8563565015792847,4,0.4,1
CosPlace,nordland,158,0.7130512595176697,0.9258395433425903,5,0.5,1
CosPlace,nordland,159,0.7141660451889038,0.9372348189353943,3,0.3,1
CosPlace,nordland,160,0.7337642908096313,0.922805666923523,3,0.3,0
CosPlace,nordland,161,0.5989277362823486,0.8619634509086609,2,0.2,1
CosPlace,nordland,162,0.879425585269928,0.8524957895278931,1,0.1,1
CosPlace,nordland,163,0.8494490385055542,0.8765431642532349,2,0.2,1
CosPlace,nordland,164,0.5902843475341797,0.9282165169715881,2,0.2,1
CosPlace,nordland,165,0.5847812294960022,0.9655112028121948,5,0.5,0
CosPlace,nordland,166,0.7552499771118164,0.8689354658126831,9,0.9,1
CosPlace,nordland,167,0.7171106338500977,0.979079008102417,6,0.6,1
CosPlace,nordland,168,0.7998254299163818,0.9809832572937012,4,0.4,0
CosPlace,nordland,169,0.7169356346130371,0.7949995994567871,5,0.5,1
CosPlace,nordland,170,0.7306671738624573,0.8425090909004211,8,0.8,1
CosPlace,nordland,171,0.8634816408157349,0.9739614725112915,6,0.6,0
CosPlace,nordland,172,0.7637563943862915,0.9515641331672668,5,0.5,1
CosPlace,nordland,173,0.8231237530708313,0.9291189312934875,5,0.5,1
CosPlace,nordland,174,0.8234168291091919,0.861925482749939,5,0.5,1
CosPlace,nordland,175,0.8792203068733215,0.7902165055274963,6,0.6,1
CosPlace,nordland,176,0.9171789288520813,0.8479181528091431,1,0.1,1
CosPlace,nordland,177,0.8535335659980774,0.8716815710067749,2,0.2,0
CosPlace,nordland,178,0.7221560478210449,0.8444956541061401,6,0.6,1
CosPlace,nordland,179,0.6867212057113647,0.9250156283378601,7,0.7,0
CosPlace,nordland,180,0.8623744249343872,0.947877824306488,7,0.7,0
CosPlace,nordland,181,0.8828500509262085,0.9487521648406982,6,0.6,1
CosPlace,nordland,182,0.8744288086891174,0.9504808187484741,6,0.6,1
CosPlace,nordland,183,0.9248913526535034,0.8816897869110107,3,0.3,1
CosPlace,nordland,184,0.7610365152359009,0.8966882824897766,4,0.4,1
CosPlace,nordland,185,0.9298934936523438,0.7871623039245605,6,0.6,1
CosPlace,nordland,186,0.9331902861595154,0.753874659538269,6,0.6,0
CosPlace,nordland,187,0.9400644898414612,0.7861758470535278,6,0.6,0
CosPlace,nordland,188,0.8644908666610718,0.9722657203674316,3,0.3,1
CosPlace,nordland,189,0.9275370836257935,0.7730807065963745,6,0.6,1
CosPlace,nordland,190,0.9463980197906494,0.7861758470535278,6,0.6,0
CosPlace,nordland,191,0.9423483610153198,0.8175321817398071,6,0.6,1
CosPlace,nordland,192,0.7148561477661133,0.877000093460083,4,0.4,0
CosPlace,nordland,193,0.7928287982940674,0.9862006902694702,7,0.7,0
CosPlace,nordland,194,0.644930362701416,0.940111517906189,5,0.5,1
CosPlace,nordland,195,0.6768845915794373,0.9743907451629639,5,0.5,0
CosPlace,nordland,196,0.8215737342834473,0.960452139377594,7,0.7,0
CosPlace,nordland,197,0.8901047706604004,0.8629809617996216,3,0.3,1
CosPlace,nordland,198,0.7958024740219116,0.8546900749206543,6,0.6,1
CosPlace,nordland,199,0.8216030597686768,0.9009876847267151,2,0.2,1
CosPlace,nordland,200,0.8723127841949463,0.9650300145149231,3,0.3,1
CosPlace,nordland,201,0.8360456824302673,0.9272323846817017,6,0.6,1
CosPlace,nordland,202,0.5087796449661255,0.8330810070037842,4,0.4,0
CosPlace,nordland,203,0.687913715839386,0.8847538232803345,3,0.3,1
CosPlace,nordland,204,0.7957888841629028,0.9408799409866333,5,0.5,1
CosPlace,nordland,205,0.8512096405029297,0.8964966535568237,8,0.8,0
CosPlace,nordland,206,0.9175174236297607,0.8694421052932739,8,0.8,0
CosPlace,nordland,207,0.7264043092727661,0.9431707859039307,8,0.8,1
CosPlace,nordland,208,0.7706493139266968,0.9452164173126221,8,0.8,1
CosPlace,nordland,209,0.6627041101455688,0.9736416935920715,9,0.9,0
CosPlace,nordland,210,0.8832163214683533,0.9259970188140869,5,0.5,0
CosPlace,nordland,211,0.6972298622131348,0.9713783860206604,9,0.9,0
CosPlace,nordland,212,0.6394859552383423,0.9752023220062256,8,0.8,0
CosPlace,nordland,213,0.48906654119491577,0.9092758893966675,6,0.6,0
CosPlace,nordland,214,0.6569421291351318,0.9148365259170532,3,0.3,1
CosPlace,nordland,215,0.7630144953727722,0.9416823387145996,4,0.4,1
CosPlace,nordland,216,0.7643429636955261,0.9694359302520752,5,0.5,0
CosPlace,nordland,217,0.5737478137016296,0.9200921654701233,3,0.3,0
CosPlace,nordland,218,0.7200665473937988,0.9687703847885132,6,0.6,0
CosPlace,nordland,219,0.870869517326355,0.8682864904403687,2,0.2,0
CosPlace,nordland,220,0.8828041553497314,0.8711398839950562,4,0.4,0
CosPlace,nordland,221,0.8190724849700928,0.9611935615539551,7,0.7,0
CosPlace,nordland,222,0.7703530788421631,0.9385257363319397,1,0.1,1
CosPlace,nordland,223,0.7309035062789917,0.935401976108551,7,0.7,0
CosPlace,nordland,224,0.8802363276481628,0.8546050190925598,2,0.2,0
CosPlace,nordland,225,0.7589218616485596,0.8508634567260742,4,0.4,0
CosPlace,nordland,226,0.781085193157196,0.9276319742202759,6,0.6,1
CosPlace,nordland,227,0.8824509978294373,0.9075020551681519,2,0.2,1
CosPlace,nordland,228,0.6069892048835754,0.7806243896484375,0,0.0,1
CosPlace,nordland,229,0.869843602180481,0.8202141523361206,0,0.0,1
CosPlace,nordland,230,0.607118546962738,0.8813745975494385,5,0.5,0
CosPlace,nordland,231,0.7108502388000488,0.9747501611709595,6,0.6,0
CosPlace,nordland,232,0.7682987451553345,0.9800454378128052,9,0.9,0
CosPlace,nordland,233,0.8234964609146118,0.9431943893432617,5,0.5,1
CosPlace,nordland,234,0.9341043829917908,0.9041174054145813,4,0.4,0
CosPlace,nordland,235,0.8593524694442749,0.9501982927322388,6,0.6,1
CosPlace,nordland,236,0.8338513970375061,0.9305287599563599,3,0.3,1
CosPlace,nordland,237,0.5651557445526123,0.8447864651679993,1,0.1,1
CosPlace,nordland,238,0.7879425883293152,0.8281794786453247,1,0.1,1
CosPlace,nordland,239,0.8690412640571594,0.8589871525764465,2,0.2,1
CosPlace,nordland,240,0.8878074884414673,0.9587774276733398,4,0.4,1
CosPlace,nordland,241,0.89515221118927,0.8414551615715027,1,0.1,1
CosPlace,nordland,242,0.8577464818954468,0.8971982598304749,1,0.1,0
CosPlace,nordland,243,0.8644123077392578,0.9179012775421143,2,0.2,0
CosPlace,nordland,244,0.7525522708892822,0.8945666551589966,3,0.3,1
CosPlace,nordland,245,0.7894973754882812,0.8303320407867432,5,0.5,1
CosPlace,nordland,246,0.6682570576667786,0.843809187412262,5,0.5,0
CosPlace,nordland,247,0.8809000253677368,0.9359598159790039,5,0.5,0
CosPlace,nordland,248,0.7099562883377075,0.9040162563323975,3,0.3,1
CosPlace,nordland,249,0.8561290502548218,0.8301801681518555,6,0.6,0
CosPlace,nordland,250,0.7473487257957458,0.9421009421348572,5,0.5,0
CosPlace,nordland,251,0.5639550685882568,0.8994967341423035,1,0.1,1
CosPlace,nordland,252,0.8025466203689575,0.9337396621704102,3,0.3,1
CosPlace,nordland,253,0.8225508332252502,0.8895028829574585,3,0.3,1
CosPlace,nordland,254,0.8837175965309143,0.7767505645751953,3,0.3,1
CosPlace,nordland,255,0.906460702419281,0.9185497760772705,3,0.3,1
CosPlace,nordland,256,0.8907811641693115,0.9168843030929565,5,0.5,0
CosPlace,nordland,257,0.8155612349510193,0.8518359065055847,4,0.4,0
CosPlace,nordland,258,0.757343053817749,0.9457706809043884,5,0.5,1
CosPlace,nordland,259,0.8152830600738525,0.9306965470314026,4,0.4,0
CosPlace,nordland,260,0.8330776691436768,0.9120229482650757,3,0.3,0
CosPlace,nordland,261,0.8494250178337097,0.897545576095581,3,0.3,1
CosPlace,nordland,262,0.8553169369697571,0.8969902396202087,6,0.6,0
CosPlace,nordland,263,0.8858461380004883,0.8709490299224854,3,0.3,0
CosPlace,nordland,264,0.7297412157058716,0.8899873495101929,1,0.1,1
CosPlace,nordland,265,0.9405517578125,0.8175321817398071,2,0.2,0
CosPlace,nordland,266,0.7543467283248901,0.8624350428581238,1,0.1,0
CosPlace,nordland,267,0.964789628982544,0.8175321817398071,2,0.2,0
CosPlace,nordland,268,0.9737057685852051,0.753874659538269,2,0.2,1
CosPlace,nordland,269,0.8447880744934082,0.9262397289276123,7,0.7,1
CosPlace,nordland,270,0.8818542957305908,0.9469857215881348,4,0.4,1
CosPlace,nordland,271,0.8630298972129822,0.9375774264335632,4,0.4,1
CosPlace,nordland,272,0.8497243523597717,0.8685100078582764,7,0.7,0
CosPlace,nordland,273,0.7598118782043457,0.892702579498291,5,0.5,0
CosPlace,nordland,274,0.8380531072616577,0.8193721771240234,4,0.4,1
CosPlace,nordland,275,0.7016700506210327,0.8199357986450195,4,0.4,0
CosPlace,nordland,276,0.5967577695846558,0.8909368515014648,2,0.2,1
CosPlace,nordland,277,0.8383183479309082,0.876587986946106,3,0.3,1
CosPlace,nordland,278,0.9303169250488281,0.8618180751800537,1,0.1,1
CosPlace,nordland,279,0.9117728471755981,0.9792112112045288,2,0.2,0
CosPlace,nordland,280,0.9271864891052246,0.8490431308746338,6,0.6,0
CosPlace,nordland,281,0.6891508102416992,0.9324431419372559,3,0.3,1
CosPlace,nordland,282,0.9189755916595459,0.7115194201469421,3,0.3,0
CosPlace,nordland,283,0.8332525491714478,0.9143440127372742,3,0.3,0
CosPlace,nordland,284,0.8763067722320557,0.8402471542358398,5,0.5,0
CosPlace,nordland,285,0.777012825012207,0.9775664806365967,4,0.4,1
CosPlace,nordland,286,0.8065594434738159,0.887450635433197,8,0.8,0
CosPlace,nordland,287,0.7579156160354614,0.9647839069366455,7,0.7,0
CosPlace,nordland,288,0.9240415692329407,0.8963989615440369,3,0.3,1
CosPlace,nordland,289,0.838009238243103,0.9145683646202087,5,0.5,0
CosPlace,nordland,290,0.8717244267463684,0.8796697854995728,7,0.7,0
CosPlace,nordland,291,0.8748408555984497,0.8936030864715576,5,0.5,0
CosPlace,nordland,292,0.7965208292007446,0.8514947891235352,5,0.5,0
CosPlace,nordland,293,0.8222824335098267,0.8504939079284668,4,0.4,0
CosPlace,nordland,294,0.8456040620803833,0.8899458646774292,7,0.7,0
CosPlace,nordland,295,0.842289924621582,0.9915279746055603,4,0.4,0
CosPlace,nordland,296,0.8847799897193909,0.8727867603302002,4,0.4,1
CosPlace,nordland,297,0.8716091513633728,0.9158444404602051,6,0.6,0
CosPlace,nordland,298,0.9223930835723877,0.927383303642273,3,0.3,0
CosPlace,nordland,299,0.8854801654815674,0.9122847318649292,1,0.1,1
CosPlace,nordland,300,0.9188131093978882,0.8416732549667358,6,0.6,0
CosPlace,nordland,301,0.7009758949279785,0.9175670146942139,7,0.7,0
CosPlace,nordland,302,0.780147135257721,0.8377044200897217,5,0.5,0
CosPlace,nordland,303,0.812466561794281,0.8953273296356201,5,0.5,0
CosPlace,nordland,304,0.7648043632507324,0.902895987033844,5,0.5,0
CosPlace,nordland,305,0.8827821612358093,0.8766647577285767,5,0.5,0
CosPlace,nordland,306,0.9035024642944336,0.9227001070976257,6,0.6,1
CosPlace,nordland,307,0.8416274189949036,0.8139880895614624,8,0.8,0
CosPlace,nordland,308,0.8658284544944763,0.8919289112091064,5,0.5,0
CosPlace,nordland,309,0.8579186201095581,0.9283487200737,5,0.5,0
CosPlace,nordland,310,0.8699816465377808,0.9021598100662231,2,0.2,1
CosPlace,nordland,311,0.8869274854660034,0.9062612056732178,5,0.5,0
CosPlace,nordland,312,0.8529762625694275,0.9120882749557495,3,0.3,1
CosPlace,nordland,313,0.7513759136199951,0.899250864982605,2,0.2,1
CosPlace,nordland,314,0.9020553827285767,0.9549401998519897,4,0.4,1
CosPlace,nordland,315,0.8439476490020752,0.8933243751525879,4,0.4,0
CosPlace,nordland,316,0.9208992719650269,0.9489309787750244,6,0.6,1
CosPlace,nordland,317,0.8391025066375732,0.8956248164176941,3,0.3,1
CosPlace,nordland,318,0.7182615399360657,0.8236661553382874,3,0.3,1
CosPlace,nordland,319,0.8719747066497803,0.8625055551528931,2,0.2,0
CosPlace,nordland,320,0.884975790977478,0.8845029473304749,0,0.0,1
CosPlace,nordland,321,0.8890860080718994,0.9663574695587158,1,0.1,1
CosPlace,nordland,322,0.7002624273300171,0.9190717935562134,9,0.9,0
CosPlace,nordland,323,0.7546601295471191,0.9382709264755249,6,0.6,0
CosPlace,nordland,324,0.7473467588424683,0.940436840057373,6,0.6,0
CosPlace,nordland,325,0.8047468662261963,0.8909789323806763,4,0.4,1
CosPlace,nordland,326,0.7384568452835083,0.9717366695404053,4,0.4,0
CosPlace,nordland,327,0.7163803577423096,0.8063769340515137,1,0.1,1
CosPlace,nordland,328,0.9395538568496704,0.8425388336181641,2,0.2,1
CosPlace,nordland,329,0.9112560749053955,0.7867612242698669,2,0.2,1
CosPlace,nordland,330,0.8679605722427368,0.903570294380188,1,0.1,1
CosPlace,nordland,331,0.9214440584182739,0.8627009391784668,3,0.3,1
CosPlace,nordland,332,0.905064582824707,0.7827545404434204,1,0.1,1
CosPlace,nordland,333,0.9194669723510742,0.9222273826599121,0,0.0,1
CosPlace,nordland,334,0.8099740147590637,0.8157111406326294,5,0.5,0
CosPlace,nordland,335,0.8936807513237,0.8207509517669678,3,0.3,0
CosPlace,nordland,336,0.8843483924865723,0.8867462873458862,5,0.5,1
CosPlace,nordland,337,0.8653280735015869,0.8164020776748657,4,0.4,1
CosPlace,nordland,338,0.8280636668205261,0.7777572870254517,4,0.4,1
CosPlace,nordland,339,0.8436571359634399,0.8075361251831055,7,0.7,0
CosPlace,nordland,340,0.8789376020431519,0.933143138885498,2,0.2,1
CosPlace,nordland,341,0.8331922888755798,0.8118249177932739,3,0.3,0
CosPlace,nordland,342,0.8535570502281189,0.9765809774398804,5,0.5,0
CosPlace,nordland,343,0.8484711050987244,0.9643445014953613,5,0.5,1
CosPlace,nordland,344,0.843165397644043,0.8508676886558533,0,0.0,1
CosPlace,nordland,345,0.7679681777954102,0.8208898901939392,5,0.5,1
CosPlace,nordland,346,0.8572198152542114,0.8133975267410278,7,0.7,0
CosPlace,nordland,347,0.7941503524780273,0.9537519812583923,9,0.9,0
CosPlace,nordland,348,0.8405738472938538,0.8287211656570435,4,0.4,1
CosPlace,nordland,349,0.8554099798202515,0.9139662981033325,1,0.1,1
CosPlace,nordland,350,0.8258777260780334,0.8429552912712097,3,0.3,1
CosPlace,nordland,351,0.6448009014129639,0.9111098051071167,4,0.4,1
CosPlace,nordland,352,0.8708376288414001,0.763104259967804,1,0.1,1
CosPlace,nordland,353,0.8932868838310242,0.9423430562019348,2,0.2,1
CosPlace,nordland,354,0.8192580342292786,0.9121214747428894,3,0.3,1
CosPlace,nordland,355,0.9025537967681885,0.7107922434806824,0,0.0,1
CosPlace,nordland,356,0.9186305403709412,0.841650128364563,3,0.3,1
CosPlace,nordland,357,0.7750692963600159,0.826292872428894,7,0.7,0
CosPlace,nordland,358,0.7641804218292236,0.9413236379623413,8,0.8,1
CosPlace,nordland,359,0.8824589252471924,0.818946123123169,7,0.7,0
CosPlace,nordland,360,0.8772890567779541,0.968468964099884,7,0.7,1
CosPlace,nordland,361,0.807641863822937,0.9465408325195312,4,0.4,1
CosPlace,nordland,362,0.8539276123046875,0.6946283578872681,4,0.4,1
CosPlace,nordland,363,0.6870347261428833,0.9577536582946777,1,0.1,1
CosPlace,nordland,364,0.749545156955719,0.8006795048713684,7,0.7,0
CosPlace,nordland,365,0.819820761680603,0.8955621719360352,6,0.6,0
CosPlace,nordland,366,0.9307302236557007,0.8204849362373352,0,0.0,1
CosPlace,nordland,367,0.8272583484649658,0.9221099019050598,7,0.7,0
CosPlace,nordland,368,0.7863439917564392,0.8814557790756226,9,0.9,0
CosPlace,nordland,369,0.7358821630477905,0.8814190626144409,7,0.7,0
CosPlace,nordland,370,0.7356159090995789,0.8775145411491394,6,0.6,0
CosPlace,nordland,371,0.8393266797065735,0.9067829847335815,6,0.6,0
CosPlace,nordland,372,0.8837673664093018,0.9534317851066589,5,0.5,0
CosPlace,nordland,373,0.7600847482681274,0.9162594079971313,4,0.4,0
CosPlace,nordland,374,0.7235755324363708,0.9307644367218018,6,0.6,0
CosPlace,nordland,375,0.7144108414649963,0.8682620525360107,4,0.4,0
CosPlace,nordland,376,0.5291332006454468,0.829892098903656,4,0.4,1
CosPlace,nordland,377,0.7818482518196106,0.9071718454360962,0,0.0,1
CosPlace,nordland,378,0.7297146320343018,0.6619507670402527,3,0.3,0
CosPlace,nordland,379,0.8863605260848999,0.8994587659835815,4,0.4,1
CosPlace,nordland,380,0.8362672924995422,0.7947843074798584,7,0.7,0
CosPlace,nordland,381,0.7169342041015625,0.9050487875938416,6,0.6,0
CosPlace,nordland,382,0.8662940263748169,0.8152292966842651,6,0.6,1
CosPlace,nordland,383,0.8282989263534546,0.8381760716438293,2,0.2,0
CosPlace,nordland,384,0.5969136953353882,0.9193997383117676,5,0.5,1
CosPlace,nordland,385,0.753550112247467,0.9530957937240601,4,0.4,1
CosPlace,nordland,386,0.9074404239654541,0.9061428308486938,5,0.5,1
CosPlace,nordland,387,0.8416793346405029,0.9543894529342651,1,0.1,1
CosPlace,nordland,388,0.8643287420272827,0.8010267615318298,4,0.4,0
CosPlace,nordland,389,0.8144769072532654,0.806740403175354,7,0.7,0
CosPlace,nordland,390,0.7851548790931702,0.9057971239089966,4,0.4,0
CosPlace,nordland,391,0.8062230348587036,0.9055289626121521,5,0.5,0
CosPlace,nordland,392,0.7489985227584839,0.8519788980484009,1,0.1,1
CosPlace,nordland,393,0.8438249826431274,0.8229022026062012,1,0.1,1
CosPlace,nordland,394,0.7546103000640869,0.6688178777694702,2,0.2,0
CosPlace,nordland,395,0.8144538402557373,0.7820239067077637,1,0.1,1
CosPlace,nordland,396,0.7197879552841187,0.9585424661636353,4,0.4,1
CosPlace,nordland,397,0.8302446007728577,0.8802881240844727,3,0.3,0
CosPlace,nordland,398,0.7979698181152344,0.875032901763916,5,0.5,0
CosPlace,nordland,399,0.8810324668884277,0.9597668647766113,8,0.8,0
