SU,LU,k_positive,language_error,backbone,dataset,query_index
0.81130993,0.93168974,0,1,EigenPlaces,amstertime,0
0.49816447,0.8935625,1,1,EigenPlaces,amstertime,1
0.878983,0.9230256,1,1,EigenPlaces,amstertime,2
0.6552421,0.9334168,1,1,EigenPlaces,amstertime,3
0.87851167,0.9598867,0,1,EigenPlaces,amstertime,4
0.7368151,0.8827706,0,1,EigenPlaces,amstertime,5
0.7606969,0.9530808,0,1,EigenPlaces,amstertime,6
0.8245632,0.93854016,0,1,EigenPlaces,amstertime,7
0.7669338,0.93362045,1,1,EigenPlaces,amstertime,8
0.8633188,0.94352067,1,1,EigenPlaces,amstertime,9
0.9475641,0.9367058,0,1,EigenPlaces,amstertime,10
0.72910273,0.9090723,1,1,EigenPlaces,amstertime,11
0.72910273,0.92319655,1,0,EigenPlaces,amstertime,12
0.8033198,0.94614756,1,0,EigenPlaces,amstertime,13
0.73782873,0.9075185,1,0,EigenPlaces,amstertime,14
0.69175375,0.885018,1,1,EigenPlaces,amstertime,15
0.88212836,0.94425935,0,1,EigenPlaces,amstertime,16
0.74671364,0.931051,1,1,EigenPlaces,amstertime,17
0.670153,0.9410126,1,1,EigenPlaces,amstertime,18
0.93139094,0.9434271,0,1,EigenPlaces,amstertime,19
0.8335744,0.93015444,1,1,EigenPlaces,amstertime,20
0.7108344,0.8459307,0,1,EigenPlaces,amstertime,21
0.8680895,0.85702014,1,1,EigenPlaces,amstertime,22
0.778684,0.90222955,1,0,EigenPlaces,amstertime,23
0.90701634,0.9535054,0,1,EigenPlaces,amstertime,24
0.85441554,0.9500539,0,1,EigenPlaces,amstertime,25
0.80373156,0.9514589,1,1,EigenPlaces,amstertime,26
0.80373156,0.9404179,1,0,EigenPlaces,amstertime,27
0.52781445,0.9251294,1,0,EigenPlaces,amstertime,28
0.454041,0.85696125,1,0,EigenPlaces,amstertime,29
0.7459184,0.9375986,1,0,EigenPlaces,amstertime,30
0.6786534,0.8346236,1,0,EigenPlaces,amstertime,31
0.77480924,0.9110674,1,1,EigenPlaces,amstertime,32
0.57332885,0.89027697,1,0,EigenPlaces,amstertime,33
0.697109,0.8972299,1,1,EigenPlaces,amstertime,34
0.3945393,0.9319563,1,1,EigenPlaces,amstertime,35
0.74060774,0.9430208,0,1,EigenPlaces,amstertime,36
0.781572,0.940195,0,1,EigenPlaces,amstertime,37
0.65117764,0.85786873,1,1,EigenPlaces,amstertime,38
0.65117764,0.8996516,1,0,EigenPlaces,amstertime,39
0.5584316,0.94304824,1,0,EigenPlaces,amstertime,40
0.89953697,0.8575949,1,1,EigenPlaces,amstertime,41
0.63184756,0.86265326,1,0,EigenPlaces,amstertime,42
0.64728284,0.8784238,1,0,EigenPlaces,amstertime,43
0.5009274,0.92723286,1,1,EigenPlaces,amstertime,44
0.41863802,0.91830546,1,0,EigenPlaces,amstertime,45
0.794262,0.8772753,1,1,EigenPlaces,amstertime,46
0.53734195,0.913615,1,0,EigenPlaces,amstertime,47
0.60763144,0.92644817,1,1,EigenPlaces,amstertime,48
0.4765715,0.93406916,1,0,EigenPlaces,amstertime,49
0.53579354,0.92177606,1,1,EigenPlaces,amstertime,50
0.6855943,0.86946183,1,1,EigenPlaces,amstertime,51
0.56492686,0.8494499,1,0,EigenPlaces,amstertime,52
0.72640526,0.8626886,0,1,EigenPlaces,amstertime,53
0.7743144,0.86974406,1,1,EigenPlaces,amstertime,54
0.5169643,0.85231423,1,0,EigenPlaces,amstertime,55
0.62033874,0.8014273,1,0,EigenPlaces,amstertime,56
0.6762507,0.8615717,1,0,EigenPlaces,amstertime,57
0.5760701,0.92456734,1,1,EigenPlaces,amstertime,58
0.5760701,0.92175794,0,1,EigenPlaces,amstertime,59
0.87052464,0.9076315,1,1,EigenPlaces,amstertime,60
0.90836227,0.92501134,0,1,EigenPlaces,amstertime,61
0.9138676,0.93832976,1,1,EigenPlaces,amstertime,62
0.7668984,0.9785653,0,1,EigenPlaces,amstertime,63
0.7668984,0.9654483,1,1,EigenPlaces,amstertime,64
0.71778834,0.942338,1,1,EigenPlaces,amstertime,65
0.7935549,0.9348266,1,1,EigenPlaces,amstertime,66
0.84405375,0.9233078,0,1,EigenPlaces,amstertime,67
0.7191703,0.91579896,1,1,EigenPlaces,amstertime,68
0.5023581,0.84901524,1,0,EigenPlaces,amstertime,69
0.80788416,0.92894864,0,1,EigenPlaces,amstertime,70
0.621826,0.873593,1,1,EigenPlaces,amstertime,71
0.621826,0.9092729,1,0,EigenPlaces,amstertime,72
0.8611499,0.8929277,1,1,EigenPlaces,amstertime,73
0.8611499,0.8816608,0,1,EigenPlaces,amstertime,74
0.6856811,0.92075145,1,1,EigenPlaces,amstertime,75
0.7863361,0.8874035,1,1,EigenPlaces,amstertime,76
0.7863361,0.92214495,1,0,EigenPlaces,amstertime,77
0.4915803,0.8578728,1,0,EigenPlaces,amstertime,78
0.60857403,0.918237,1,0,EigenPlaces,amstertime,79
0.4418945,0.93165624,1,1,EigenPlaces,amstertime,80
0.7360796,0.8988371,1,1,EigenPlaces,amstertime,81
0.6189025,0.9448902,1,1,EigenPlaces,amstertime,82
0.89020276,0.9182431,0,1,EigenPlaces,amstertime,83
0.64502835,0.8863622,0,1,EigenPlaces,amstertime,84
0.85265756,0.87997615,0,1,EigenPlaces,amstertime,85
0.60142314,0.9003093,1,1,EigenPlaces,amstertime,86
0.7488071,0.9193949,1,1,EigenPlaces,amstertime,87
0.3884796,0.8482945,1,1,EigenPlaces,amstertime,88
0.29574287,0.91306365,1,0,EigenPlaces,amstertime,89
0.737744,0.936985,1,1,EigenPlaces,amstertime,90
0.771888,0.9469805,1,1,EigenPlaces,amstertime,91
0.72780037,0.88139546,1,1,EigenPlaces,amstertime,92
0.48078328,0.89311886,1,0,EigenPlaces,amstertime,93
0.9040097,0.77669084,0,1,EigenPlaces,amstertime,94
0.86801386,0.93916094,0,1,EigenPlaces,amstertime,95
0.9270001,0.89869845,1,0,EigenPlaces,amstertime,96
0.9270001,0.8732496,1,1,EigenPlaces,amstertime,97
0.687744,0.92178917,1,1,EigenPlaces,amstertime,98
0.8762325,0.86789846,1,1,EigenPlaces,amstertime,99
0.87327015,0.9501171,1,1,EigenPlaces,amstertime,100
0.52977026,0.9142885,1,1,EigenPlaces,amstertime,101
0.87303144,0.9333098,1,1,EigenPlaces,amstertime,102
0.8428923,0.9129525,1,1,EigenPlaces,amstertime,103
0.8256928,0.9199227,0,1,EigenPlaces,amstertime,104
0.7255976,0.89690155,1,1,EigenPlaces,amstertime,105
0.848572,0.91781425,1,0,EigenPlaces,amstertime,106
0.37451112,0.88010335,1,0,EigenPlaces,amstertime,107
0.585951,0.81122434,1,0,EigenPlaces,amstertime,108
0.82442445,0.93323636,1,0,EigenPlaces,amstertime,109
0.8804871,0.9187031,1,1,EigenPlaces,amstertime,110
0.6573057,0.8449785,1,1,EigenPlaces,amstertime,111
0.896243,0.9372142,1,1,EigenPlaces,amstertime,112
0.44847894,0.8627169,1,0,EigenPlaces,amstertime,113
0.74337953,0.8502099,1,0,EigenPlaces,amstertime,114
0.94698477,0.92961407,0,1,EigenPlaces,amstertime,115
0.64942014,0.9068951,1,1,EigenPlaces,amstertime,116
0.5015493,0.9424272,1,1,EigenPlaces,amstertime,117
0.64099956,0.9158807,0,1,EigenPlaces,amstertime,118
0.45602062,0.9195947,1,0,EigenPlaces,amstertime,119
0.8342242,0.87188095,0,1,EigenPlaces,amstertime,120
0.561949,0.8571467,1,1,EigenPlaces,amstertime,121
0.6793661,0.7881384,1,1,EigenPlaces,amstertime,122
0.6793661,0.7859014,1,0,EigenPlaces,amstertime,123
0.6793661,0.7749307,1,1,EigenPlaces,amstertime,124
0.885061,0.89055336,1,1,EigenPlaces,amstertime,125
0.8262603,0.9417194,0,1,EigenPlaces,amstertime,126
0.5693606,0.8636502,1,0,EigenPlaces,amstertime,127
0.626637,0.8720654,1,1,EigenPlaces,amstertime,128
0.8420643,0.92921007,1,0,EigenPlaces,amstertime,129
0.73423254,0.9363322,0,1,EigenPlaces,amstertime,130
0.75914574,0.8680149,1,0,EigenPlaces,amstertime,131
0.72605944,0.9208752,0,1,EigenPlaces,amstertime,132
0.8421776,0.9395264,0,1,EigenPlaces,amstertime,133
0.48391616,0.8865367,1,0,EigenPlaces,amstertime,134
0.8092774,0.8999833,1,1,EigenPlaces,amstertime,135
0.4950739,0.86686087,1,0,EigenPlaces,amstertime,136
0.6429111,0.84487575,1,1,EigenPlaces,amstertime,137
0.74004924,0.9237174,1,1,EigenPlaces,amstertime,138
0.9221952,0.90747213,1,1,EigenPlaces,amstertime,139
0.9221952,0.9269432,1,1,EigenPlaces,amstertime,140
0.79320186,0.9396863,1,0,EigenPlaces,amstertime,141
0.5568565,0.9373659,1,1,EigenPlaces,amstertime,142
0.45795137,0.8730428,1,1,EigenPlaces,amstertime,143
0.3412534,0.9288746,1,1,EigenPlaces,amstertime,144
0.5141566,0.90158796,1,1,EigenPlaces,amstertime,145
0.8162115,0.89218247,0,1,EigenPlaces,amstertime,146
0.71371865,0.88072693,1,1,EigenPlaces,amstertime,147
0.45342898,0.8264894,1,0,EigenPlaces,amstertime,148
0.75250685,0.910198,1,1,EigenPlaces,amstertime,149
0.8015902,0.8811328,1,1,EigenPlaces,amstertime,150
0.7522533,0.8961605,0,1,EigenPlaces,amstertime,151
0.60235655,0.928103,1,1,EigenPlaces,amstertime,152
0.82293516,0.84562653,0,1,EigenPlaces,amstertime,153
0.892383,0.8902892,0,1,EigenPlaces,amstertime,154
0.7522533,0.9076036,1,1,EigenPlaces,amstertime,155
0.8757433,0.8384183,0,1,EigenPlaces,amstertime,156
0.80676967,0.90029633,1,0,EigenPlaces,amstertime,157
0.48622984,0.8230289,1,0,EigenPlaces,amstertime,158
0.31622702,0.90950227,1,1,EigenPlaces,amstertime,159
0.39452204,0.92704546,1,0,EigenPlaces,amstertime,160
0.38858128,0.89637494,1,0,EigenPlaces,amstertime,161
0.4779565,0.95276654,1,1,EigenPlaces,amstertime,162
0.4065848,0.89434844,1,1,EigenPlaces,amstertime,163
0.5766047,0.8323816,1,0,EigenPlaces,amstertime,164
0.45589137,0.9255079,1,1,EigenPlaces,amstertime,165
0.31589174,0.93206614,1,1,EigenPlaces,amstertime,166
0.82192117,0.9140991,1,1,EigenPlaces,amstertime,167
0.4097944,0.76070833,1,0,EigenPlaces,amstertime,168
0.49566102,0.82327986,1,0,EigenPlaces,amstertime,169
0.8940647,0.9067615,0,1,EigenPlaces,amstertime,170
0.76966023,0.83312833,1,1,EigenPlaces,amstertime,171
0.76966023,0.8948294,1,1,EigenPlaces,amstertime,172
0.88571984,0.8802405,1,0,EigenPlaces,amstertime,173
0.76966023,0.8592644,1,1,EigenPlaces,amstertime,174
0.7114885,0.90271926,1,0,EigenPlaces,amstertime,175
0.72935635,0.9438452,1,1,EigenPlaces,amstertime,176
0.37437677,0.88144577,1,0,EigenPlaces,amstertime,177
0.7109047,0.86575544,1,0,EigenPlaces,amstertime,178
0.6150305,0.8623074,1,0,EigenPlaces,amstertime,179
0.8434659,0.9017373,1,1,EigenPlaces,amstertime,180
0.7000094,0.9092165,1,1,EigenPlaces,amstertime,181
0.65116584,0.91209745,1,1,EigenPlaces,amstertime,182
0.8482777,0.92216015,0,1,EigenPlaces,amstertime,183
0.83961684,0.8880583,0,1,EigenPlaces,amstertime,184
0.54080874,0.9499221,1,1,EigenPlaces,amstertime,185
0.44641495,0.85528624,1,0,EigenPlaces,amstertime,186
0.5993809,0.9430772,1,0,EigenPlaces,amstertime,187
0.4741447,0.9235158,1,1,EigenPlaces,amstertime,188
0.8737824,0.9370864,0,1,EigenPlaces,amstertime,189
0.28327587,0.73822904,1,0,EigenPlaces,amstertime,190
0.8684501,0.8096682,0,1,EigenPlaces,amstertime,191
0.5723214,0.89932275,1,0,EigenPlaces,amstertime,192
0.30195713,0.9322654,1,0,EigenPlaces,amstertime,193
0.8378608,0.8612644,0,1,EigenPlaces,amstertime,194
0.63359606,0.9373236,1,1,EigenPlaces,amstertime,195
0.7118896,0.8623692,1,0,EigenPlaces,amstertime,196
0.4775415,0.9182707,1,1,EigenPlaces,amstertime,197
0.4241522,0.81126726,1,1,EigenPlaces,amstertime,198
0.6698369,0.93939507,1,1,EigenPlaces,amstertime,199
0.51000977,0.8343478,1,0,EigenPlaces,amstertime,200
0.47194678,0.89634943,1,1,EigenPlaces,amstertime,201
0.6760391,0.8537302,0,1,EigenPlaces,amstertime,202
0.45748785,0.8710704,1,0,EigenPlaces,amstertime,203
0.791556,0.93549085,0,1,EigenPlaces,amstertime,204
0.8181824,0.8271344,0,1,EigenPlaces,amstertime,205
0.7532004,0.92389756,0,1,EigenPlaces,amstertime,206
0.8587339,0.87292767,0,1,EigenPlaces,amstertime,207
0.9528654,0.92394847,0,1,EigenPlaces,amstertime,208
0.66374123,0.92929244,1,0,EigenPlaces,amstertime,209
0.76071817,0.91330755,1,1,EigenPlaces,amstertime,210
0.5639287,0.9397602,1,1,EigenPlaces,amstertime,211
0.484084,0.8745171,1,1,EigenPlaces,amstertime,212
0.9150598,0.9439516,0,1,EigenPlaces,amstertime,213
0.6837044,0.95173883,1,0,EigenPlaces,amstertime,214
0.8535754,0.8968321,0,1,EigenPlaces,amstertime,215
0.9220635,0.92237675,1,1,EigenPlaces,amstertime,216
0.6574435,0.9376496,1,1,EigenPlaces,amstertime,217
0.87557507,0.82020926,1,0,EigenPlaces,amstertime,218
0.8768984,0.9332433,1,1,EigenPlaces,amstertime,219
0.74906695,0.90214527,0,1,EigenPlaces,amstertime,220
0.7091614,0.9211569,0,1,EigenPlaces,amstertime,221
0.39628783,0.8570076,1,0,EigenPlaces,amstertime,222
0.8098028,0.89902884,1,1,EigenPlaces,amstertime,223
0.66941714,0.9322401,0,1,EigenPlaces,amstertime,224
0.77161455,0.90710425,1,0,EigenPlaces,amstertime,225
0.8763828,0.9028803,0,1,EigenPlaces,amstertime,226
0.8373997,0.95351285,0,1,EigenPlaces,amstertime,227
0.81090283,0.92767453,0,1,EigenPlaces,amstertime,228
0.78695995,0.8767591,1,1,EigenPlaces,amstertime,229
0.7204571,0.86637837,0,1,EigenPlaces,amstertime,230
0.7204571,0.889558,1,1,EigenPlaces,amstertime,231
0.9121014,0.9424797,1,1,EigenPlaces,amstertime,232
0.39579797,0.9206344,1,1,EigenPlaces,amstertime,233
0.47321114,0.9252836,1,0,EigenPlaces,amstertime,234
0.84502095,0.90634036,0,1,EigenPlaces,amstertime,235
0.8400106,0.93048185,1,1,EigenPlaces,amstertime,236
0.64315367,0.9330143,1,1,EigenPlaces,amstertime,237
0.91201305,0.9111649,1,1,EigenPlaces,amstertime,238
0.88754153,0.90677977,0,1,EigenPlaces,amstertime,239
0.6149974,0.904655,1,1,EigenPlaces,amstertime,240
0.7635777,0.9292437,1,1,EigenPlaces,amstertime,241
0.43537733,0.9186929,1,1,EigenPlaces,amstertime,242
0.4578653,0.8712559,1,0,EigenPlaces,amstertime,243
0.5169025,0.9014486,1,1,EigenPlaces,amstertime,244
0.4872507,0.94405186,1,1,EigenPlaces,amstertime,245
0.87230337,0.9247068,1,1,EigenPlaces,amstertime,246
0.81091756,0.88899887,0,1,EigenPlaces,amstertime,247
0.72910273,0.89533424,0,1,EigenPlaces,amstertime,248
0.6592584,0.9247525,1,1,EigenPlaces,amstertime,249
0.74354607,0.9039022,1,1,EigenPlaces,amstertime,250
0.6836069,0.8957826,1,1,EigenPlaces,amstertime,251
0.77562535,0.9278585,1,0,EigenPlaces,amstertime,252
0.8399526,0.9339552,0,1,EigenPlaces,amstertime,253
0.9023507,0.91341585,0,1,EigenPlaces,amstertime,254
0.86311805,0.9030855,1,0,EigenPlaces,amstertime,255
0.771064,0.9349855,1,1,EigenPlaces,amstertime,256
0.5705931,0.90926546,1,1,EigenPlaces,amstertime,257
0.89796805,0.93215156,1,1,EigenPlaces,amstertime,258
0.7055689,0.89017403,1,1,EigenPlaces,amstertime,259
0.7458786,0.91718376,1,1,EigenPlaces,amstertime,260
0.7280717,0.9038765,1,1,EigenPlaces,amstertime,261
0.6931591,0.8732938,1,1,EigenPlaces,amstertime,262
0.8120822,0.90375394,0,1,EigenPlaces,amstertime,263
0.48813403,0.87472165,1,1,EigenPlaces,amstertime,264
0.61998355,0.8868515,1,1,EigenPlaces,amstertime,265
0.536288,0.8818116,1,1,EigenPlaces,amstertime,266
0.7045744,0.89469296,0,1,EigenPlaces,amstertime,267
0.77336943,0.90063787,0,1,EigenPlaces,amstertime,268
0.72270983,0.8561404,1,1,EigenPlaces,amstertime,269
0.7088444,0.8123697,1,0,EigenPlaces,amstertime,270
0.7088444,0.82251877,1,1,EigenPlaces,amstertime,271
0.79583836,0.9031551,1,0,EigenPlaces,amstertime,272
0.6985758,0.92441714,1,0,EigenPlaces,amstertime,273
0.8165946,0.86025393,1,1,EigenPlaces,amstertime,274
0.41154426,0.83531797,1,0,EigenPlaces,amstertime,275
0.818541,0.9307984,1,1,EigenPlaces,amstertime,276
0.74369025,0.8500701,1,1,EigenPlaces,amstertime,277
0.7923696,0.9080391,0,1,EigenPlaces,amstertime,278
0.6931591,0.9239963,0,1,EigenPlaces,amstertime,279
0.48721302,0.9117136,1,1,EigenPlaces,amstertime,280
0.8446716,0.91274875,1,1,EigenPlaces,amstertime,281
0.8876042,0.86969686,1,1,EigenPlaces,amstertime,282
0.8362669,0.8396628,0,1,EigenPlaces,amstertime,283
0.5898465,0.9262641,1,1,EigenPlaces,amstertime,284
0.59120715,0.9287371,1,1,EigenPlaces,amstertime,285
0.7603998,0.8538814,1,0,EigenPlaces,amstertime,286
0.6464498,0.91073275,1,0,EigenPlaces,amstertime,287
0.6339158,0.8991798,1,0,EigenPlaces,amstertime,288
0.6667384,0.8992703,1,1,EigenPlaces,amstertime,289
0.9009222,0.90182614,1,0,EigenPlaces,amstertime,290
0.75500625,0.9444282,0,1,EigenPlaces,amstertime,291
0.7323766,0.81629634,0,1,EigenPlaces,amstertime,292
0.8480385,0.85632294,0,1,EigenPlaces,amstertime,293
0.48060542,0.946191,1,1,EigenPlaces,amstertime,294
0.48060542,0.89378095,1,1,EigenPlaces,amstertime,295
0.91603017,0.8935711,0,1,EigenPlaces,amstertime,296
0.38315985,0.9181491,1,0,EigenPlaces,amstertime,297
0.7830906,0.92795813,0,1,EigenPlaces,amstertime,298
0.69111407,0.96525466,1,0,EigenPlaces,amstertime,299
0.774884,0.92115724,1,1,EigenPlaces,amstertime,300
0.44100356,0.9136095,1,1,EigenPlaces,amstertime,301
0.79409873,0.92627454,1,1,EigenPlaces,amstertime,302
0.508934,0.9651947,1,1,EigenPlaces,amstertime,303
0.7285528,0.9013648,1,1,EigenPlaces,amstertime,304
0.92673373,0.8850649,1,0,EigenPlaces,amstertime,305
0.5262752,0.9101488,1,1,EigenPlaces,amstertime,306
0.8979151,0.9038422,1,1,EigenPlaces,amstertime,307
0.57044184,0.9043777,0,1,EigenPlaces,amstertime,308
0.56450105,0.9052377,1,1,EigenPlaces,amstertime,309
0.7304263,0.93365014,1,1,EigenPlaces,amstertime,310
0.48354304,0.94079435,1,1,EigenPlaces,amstertime,311
0.22563681,0.87895906,1,1,EigenPlaces,amstertime,312
0.63479507,0.8453282,1,1,EigenPlaces,amstertime,313
0.8489742,0.8725375,1,0,EigenPlaces,amstertime,314
0.85335124,0.9469476,1,1,EigenPlaces,amstertime,315
0.39795023,0.9175142,1,1,EigenPlaces,amstertime,316
0.7279817,0.83186805,1,0,EigenPlaces,amstertime,317
0.9229864,0.93740195,0,1,EigenPlaces,amstertime,318
0.44263107,0.84080315,1,0,EigenPlaces,amstertime,319
0.49912927,0.901379,1,0,EigenPlaces,amstertime,320
0.6097831,0.9016229,0,1,EigenPlaces,amstertime,321
0.5782559,0.839116,1,1,EigenPlaces,amstertime,322
0.64036894,0.9379797,1,1,EigenPlaces,amstertime,323
0.7311154,0.9357053,1,1,EigenPlaces,amstertime,324
0.73499763,0.9028696,1,0,EigenPlaces,amstertime,325
0.8592607,0.893108,1,0,EigenPlaces,amstertime,326
0.6919484,0.8522452,1,0,EigenPlaces,amstertime,327
0.5716585,0.90990055,1,1,EigenPlaces,amstertime,328
0.91902685,0.9036062,0,1,EigenPlaces,amstertime,329
0.4514711,0.8819891,1,0,EigenPlaces,amstertime,330
0.4017615,0.9428103,1,1,EigenPlaces,amstertime,331
0.5342041,0.9214116,1,1,EigenPlaces,amstertime,332
0.7984609,0.9414145,1,1,EigenPlaces,amstertime,333
0.9277626,0.9325783,0,1,EigenPlaces,amstertime,334
0.7232893,0.90613115,1,1,EigenPlaces,amstertime,335
0.73959446,0.9180504,1,1,EigenPlaces,amstertime,336
0.80055296,0.9201765,0,1,EigenPlaces,amstertime,337
0.6619334,0.8801608,1,1,EigenPlaces,amstertime,338
0.6694988,0.909093,1,0,EigenPlaces,amstertime,339
0.82822466,0.88526523,1,0,EigenPlaces,amstertime,340
0.8396076,0.8929298,1,1,EigenPlaces,amstertime,341
0.7193495,0.91951907,0,1,EigenPlaces,amstertime,342
0.5984225,0.95972466,1,1,EigenPlaces,amstertime,343
0.8875571,0.8492028,1,1,EigenPlaces,amstertime,344
0.61618626,0.8998741,1,1,EigenPlaces,amstertime,345
0.61618626,0.92545867,1,1,EigenPlaces,amstertime,346
0.83314836,0.9193449,1,1,EigenPlaces,amstertime,347
0.57937133,0.94174373,1,1,EigenPlaces,amstertime,348
0.63001,0.8853958,1,0,EigenPlaces,amstertime,349
0.7552202,0.91027915,1,1,EigenPlaces,amstertime,350
0.7231147,0.94688904,1,1,EigenPlaces,amstertime,351
0.8401494,0.862916,1,1,EigenPlaces,amstertime,352
0.5149593,0.94512236,1,1,EigenPlaces,amstertime,353
0.7645507,0.9156232,1,1,EigenPlaces,amstertime,354
0.8052672,0.9514127,1,1,EigenPlaces,amstertime,355
0.39998707,0.89016765,1,0,EigenPlaces,amstertime,356
0.84348786,0.89808273,1,1,EigenPlaces,amstertime,357
0.5871166,0.85615456,1,0,EigenPlaces,amstertime,358
0.4612817,0.8076569,1,0,EigenPlaces,amstertime,359
0.42301854,0.8031565,1,1,EigenPlaces,amstertime,360
0.917569,0.92558676,1,1,EigenPlaces,amstertime,361
0.69708085,0.90202516,0,1,EigenPlaces,amstertime,362
0.7976104,0.9543817,1,1,EigenPlaces,amstertime,363
0.79469025,0.9260508,0,1,EigenPlaces,amstertime,364
0.7357135,0.84423304,1,0,EigenPlaces,amstertime,365
0.69871473,0.9501033,0,1,EigenPlaces,amstertime,366
0.69871473,0.95240116,0,1,EigenPlaces,amstertime,367
0.8637133,0.8778278,0,1,EigenPlaces,amstertime,368
0.8586507,0.8705893,0,1,EigenPlaces,amstertime,369
0.8711441,0.874663,1,1,EigenPlaces,amstertime,370
0.87949705,0.8771457,0,1,EigenPlaces,amstertime,371
0.9480283,0.9526823,0,1,EigenPlaces,amstertime,372
0.74886453,0.8810649,1,1,EigenPlaces,amstertime,373
0.8166417,0.9172267,1,1,EigenPlaces,amstertime,374
0.6189025,0.9362726,1,0,EigenPlaces,amstertime,375
0.7932024,0.873116,0,1,EigenPlaces,amstertime,376
0.7948989,0.9397963,0,1,EigenPlaces,amstertime,377
0.7246679,0.86977065,1,1,EigenPlaces,amstertime,378
0.94528836,0.89521194,0,1,EigenPlaces,amstertime,379
0.59353596,0.9216695,1,1,EigenPlaces,amstertime,380
0.7495271,0.88333476,1,1,EigenPlaces,amstertime,381
0.82420903,0.88366437,1,0,EigenPlaces,amstertime,382
0.7797529,0.9154265,1,0,EigenPlaces,amstertime,383
0.80373156,0.93124473,1,1,EigenPlaces,amstertime,384
0.51804924,0.9198117,1,0,EigenPlaces,amstertime,385
0.80373156,0.9337958,1,1,EigenPlaces,amstertime,386
0.704633,0.9367391,1,1,EigenPlaces,amstertime,387
0.704633,0.9493875,1,1,EigenPlaces,amstertime,388
0.5859859,0.9011464,1,1,EigenPlaces,amstertime,389
0.8106235,0.84862435,1,0,EigenPlaces,amstertime,390
0.759439,0.8639928,0,1,EigenPlaces,amstertime,391
0.70490086,0.951509,0,1,EigenPlaces,amstertime,392
0.8867124,0.8643582,1,1,EigenPlaces,amstertime,393
0.8863609,0.87108356,1,0,EigenPlaces,amstertime,394
0.9229864,0.93367064,0,1,EigenPlaces,amstertime,395
0.79578346,0.90078545,0,1,EigenPlaces,amstertime,396
0.7892213,0.9063796,1,1,EigenPlaces,amstertime,397
0.7223526,0.9083073,0,1,EigenPlaces,amstertime,398
0.7622799,0.893517,0,1,EigenPlaces,amstertime,399
0.7352295,0.86678267,0,1,EigenPlaces,amstertime,400
0.7513399,0.829564,1,0,EigenPlaces,amstertime,401
0.7129122,0.9206102,1,1,EigenPlaces,amstertime,402
0.7371602,0.9269532,0,1,EigenPlaces,amstertime,403
0.8725253,0.94613886,0,1,EigenPlaces,amstertime,404
0.9061963,0.84589624,0,1,EigenPlaces,amstertime,405
0.84062123,0.89625907,0,1,EigenPlaces,amstertime,406
0.8647245,0.95235765,0,1,EigenPlaces,amstertime,407
0.44937766,0.8448068,1,0,EigenPlaces,amstertime,408
0.56472737,0.8884413,1,0,EigenPlaces,amstertime,409
0.6674007,0.8875354,1,1,EigenPlaces,amstertime,410
0.6590477,0.87302256,1,0,EigenPlaces,amstertime,411
0.7652877,0.9001895,1,0,EigenPlaces,amstertime,412
0.8349305,0.87484086,1,1,EigenPlaces,amstertime,413
0.82066834,0.9211296,1,0,EigenPlaces,amstertime,414
0.67613447,0.8932472,1,1,EigenPlaces,amstertime,415
0.87283283,0.94059664,0,1,EigenPlaces,amstertime,416
0.8712127,0.94864964,1,1,EigenPlaces,amstertime,417
0.61653745,0.91557777,1,1,EigenPlaces,amstertime,418
0.5880891,0.9113035,1,1,EigenPlaces,amstertime,419
0.8597126,0.911082,0,1,EigenPlaces,amstertime,420
0.5513693,0.94473326,1,1,EigenPlaces,amstertime,421
0.5575483,0.8920714,1,1,EigenPlaces,amstertime,422
0.79182386,0.88124037,0,1,EigenPlaces,amstertime,423
0.5988751,0.8430289,1,0,EigenPlaces,amstertime,424
0.75845885,0.91370493,1,1,EigenPlaces,amstertime,425
0.8294878,0.8309267,1,0,EigenPlaces,amstertime,426
0.69980246,0.899346,1,1,EigenPlaces,amstertime,427
0.85330427,0.8666543,0,1,EigenPlaces,amstertime,428
0.6712848,0.8996178,0,1,EigenPlaces,amstertime,429
0.8712205,0.91161305,1,1,EigenPlaces,amstertime,430
0.73631674,0.93296313,1,1,EigenPlaces,amstertime,431
0.705174,0.8627871,1,1,EigenPlaces,amstertime,432
0.6204979,0.8643123,1,1,EigenPlaces,amstertime,433
0.6499193,0.88232356,0,1,EigenPlaces,amstertime,434
0.6993784,0.9525039,1,1,EigenPlaces,amstertime,435
0.72857636,0.9160701,1,0,EigenPlaces,amstertime,436
0.5561507,0.92225593,1,1,EigenPlaces,amstertime,437
0.740944,0.8846668,1,0,EigenPlaces,amstertime,438
0.6901276,0.86141235,1,1,EigenPlaces,amstertime,439
0.84704024,0.9530435,0,1,EigenPlaces,amstertime,440
0.75019383,0.90607655,1,1,EigenPlaces,amstertime,441
0.7038711,0.86016893,1,0,EigenPlaces,amstertime,442
0.83058,0.95352304,0,1,EigenPlaces,amstertime,443
0.86281526,0.9507778,0,1,EigenPlaces,amstertime,444
0.8617747,0.9393069,1,1,EigenPlaces,amstertime,445
0.85159016,0.9027841,1,1,EigenPlaces,amstertime,446
0.9103515,0.8628146,0,1,EigenPlaces,amstertime,447
0.8913939,0.9235598,0,1,EigenPlaces,amstertime,448
0.89228255,0.7890501,0,1,EigenPlaces,amstertime,449
0.8403491,0.8729579,1,0,EigenPlaces,amstertime,450
0.64570165,0.9267195,1,1,EigenPlaces,amstertime,451
0.49637198,0.9417566,1,1,EigenPlaces,amstertime,452
0.41068515,0.8723495,1,0,EigenPlaces,amstertime,453
0.76391894,0.9412984,1,1,EigenPlaces,amstertime,454
0.72452736,0.9208772,1,1,EigenPlaces,amstertime,455
0.80992097,0.9067714,1,0,EigenPlaces,amstertime,456
0.45364988,0.91901755,1,1,EigenPlaces,amstertime,457
0.60782945,0.8244288,1,1,EigenPlaces,amstertime,458
0.83103293,0.89550555,0,1,EigenPlaces,amstertime,459
0.4615629,0.77588165,1,0,EigenPlaces,amstertime,460
0.6399829,0.9283657,1,1,EigenPlaces,amstertime,461
0.77142906,0.84487283,1,1,EigenPlaces,amstertime,462
0.40608555,0.9397993,1,1,EigenPlaces,amstertime,463
0.6310311,0.9144249,1,1,EigenPlaces,amstertime,464
0.60259634,0.8564677,1,1,EigenPlaces,amstertime,465
0.4800202,0.8679404,1,0,EigenPlaces,amstertime,466
0.833625,0.82897735,1,0,EigenPlaces,amstertime,467
0.79316795,0.9086777,1,1,EigenPlaces,amstertime,468
0.6047124,0.8457183,0,1,EigenPlaces,amstertime,469
0.76438594,0.89916515,1,1,EigenPlaces,amstertime,470
0.81175315,0.82704604,0,1,EigenPlaces,amstertime,471
0.7897961,0.9278666,0,1,EigenPlaces,amstertime,472
0.8141585,0.93708503,0,1,EigenPlaces,amstertime,473
0.7984498,0.85632074,1,1,EigenPlaces,amstertime,474
0.63108027,0.9338812,1,1,EigenPlaces,amstertime,475
0.830771,0.88617915,1,0,EigenPlaces,amstertime,476
0.9119004,0.93777657,1,0,EigenPlaces,amstertime,477
0.5566766,0.92119694,1,1,EigenPlaces,amstertime,478
0.6693022,0.8776896,1,1,EigenPlaces,amstertime,479
0.86472356,0.9074068,1,1,EigenPlaces,amstertime,480
0.8316412,0.8298634,0,1,EigenPlaces,amstertime,481
0.92213047,0.9362261,1,0,EigenPlaces,amstertime,482
0.72823954,0.85805935,1,1,EigenPlaces,amstertime,483
0.86205196,0.9008495,1,1,EigenPlaces,amstertime,484
0.86466485,0.89498055,1,1,EigenPlaces,amstertime,485
0.54694927,0.8933563,1,1,EigenPlaces,amstertime,486
0.88680804,0.9611199,1,1,EigenPlaces,amstertime,487
0.5921172,0.92392087,1,0,EigenPlaces,amstertime,488
0.80010736,0.91303104,0,1,EigenPlaces,amstertime,489
0.8715901,0.93903244,0,1,EigenPlaces,amstertime,490
0.7533105,0.91796124,1,0,EigenPlaces,amstertime,491
0.8782939,0.84526086,1,0,EigenPlaces,amstertime,492
0.9257522,0.9223304,0,1,EigenPlaces,amstertime,493
0.85380006,0.91706455,1,0,EigenPlaces,amstertime,494
0.8862393,0.89551777,0,1,EigenPlaces,amstertime,495
0.8743073,0.9475895,1,0,EigenPlaces,amstertime,496
0.7648069,0.91549754,1,1,EigenPlaces,amstertime,497
0.726007,0.90148234,1,1,EigenPlaces,amstertime,498
0.9323511,0.8718946,0,1,EigenPlaces,amstertime,499
0.53588873,0.89784616,1,0,EigenPlaces,amstertime,500
0.72868574,0.947354,1,1,EigenPlaces,amstertime,501
0.5767542,0.8429624,1,1,EigenPlaces,amstertime,502
0.57061386,0.84477776,1,1,EigenPlaces,amstertime,503
0.71662635,0.89971054,1,1,EigenPlaces,amstertime,504
0.76866126,0.9332632,0,1,EigenPlaces,amstertime,505
0.8270733,0.91763556,0,1,EigenPlaces,amstertime,506
0.8475838,0.86693877,0,1,EigenPlaces,amstertime,507
0.41482246,0.84880674,0,1,EigenPlaces,amstertime,508
0.78255576,0.8928492,1,1,EigenPlaces,amstertime,509
0.5878054,0.885262,1,1,EigenPlaces,amstertime,510
0.85722363,0.9501256,0,1,EigenPlaces,amstertime,511
0.83470833,0.931121,0,1,EigenPlaces,amstertime,512
0.8569801,0.9306023,0,1,EigenPlaces,amstertime,513
0.64315665,0.9529921,0,1,EigenPlaces,amstertime,514
0.80285853,0.894119,0,1,EigenPlaces,amstertime,515
0.62456185,0.90860987,1,0,EigenPlaces,amstertime,516
0.78432286,0.9316077,1,0,EigenPlaces,amstertime,517
0.79501945,0.95666444,0,1,EigenPlaces,amstertime,518
0.8966223,0.85989994,0,1,EigenPlaces,amstertime,519
0.8140662,0.899431,0,1,EigenPlaces,amstertime,520
0.88474166,0.87598455,1,0,EigenPlaces,amstertime,521
0.83846664,0.9063085,1,1,EigenPlaces,amstertime,522
0.9057498,0.93304175,0,1,EigenPlaces,amstertime,523
0.8071865,0.89257896,0,1,EigenPlaces,amstertime,524
0.87965274,0.88710904,0,1,EigenPlaces,amstertime,525
0.8659641,0.8979237,0,1,EigenPlaces,amstertime,526
0.79365337,0.903007,1,1,EigenPlaces,amstertime,527
0.74666744,0.91667545,0,1,EigenPlaces,amstertime,528
0.5878054,0.8477106,1,1,EigenPlaces,amstertime,529
0.8498808,0.89962876,0,1,EigenPlaces,amstertime,530
0.75531566,0.92114055,0,1,EigenPlaces,amstertime,531
0.8843678,0.92630744,1,1,EigenPlaces,amstertime,532
0.85665363,0.94113505,1,0,EigenPlaces,amstertime,533
0.7521695,0.8962188,0,1,EigenPlaces,amstertime,534
0.794057,0.88277984,0,1,EigenPlaces,amstertime,535
0.87965274,0.8832318,0,1,EigenPlaces,amstertime,536
0.7933446,0.92968,1,1,EigenPlaces,amstertime,537
0.89653015,0.9038855,0,1,EigenPlaces,amstertime,538
0.37798148,0.9458621,1,1,EigenPlaces,amstertime,539
0.92882025,0.8849427,0,1,EigenPlaces,amstertime,540
0.8302371,0.87220716,1,1,EigenPlaces,amstertime,541
0.91511005,0.8619636,0,1,EigenPlaces,amstertime,542
0.8008678,0.9250392,0,1,EigenPlaces,amstertime,543
0.8315711,0.8964818,1,1,EigenPlaces,amstertime,544
0.8681958,0.9136674,0,1,EigenPlaces,amstertime,545
0.6891568,0.89661056,1,1,EigenPlaces,amstertime,546
0.8718966,0.9239973,0,1,EigenPlaces,amstertime,547
0.72900736,0.916898,0,1,EigenPlaces,amstertime,548
0.907109,0.9262233,0,1,EigenPlaces,amstertime,549
0.7934249,0.90014684,0,1,EigenPlaces,amstertime,550
0.9254358,0.9280485,1,0,EigenPlaces,amstertime,551
0.8136791,0.9109956,0,1,EigenPlaces,amstertime,552
0.8807632,0.9158155,0,1,EigenPlaces,amstertime,553
0.8173556,0.91875666,0,1,EigenPlaces,amstertime,554
0.86602414,0.85716873,1,1,EigenPlaces,amstertime,555
0.9028655,0.89281595,0,1,EigenPlaces,amstertime,556
0.82294846,0.89312375,0,1,EigenPlaces,amstertime,557
0.7953283,0.93541825,0,1,EigenPlaces,amstertime,558
0.819153,0.93925685,1,1,EigenPlaces,amstertime,559
0.94367063,0.90818155,0,1,EigenPlaces,amstertime,560
0.68654805,0.9148744,0,1,EigenPlaces,amstertime,561
0.78141105,0.8902998,1,1,EigenPlaces,amstertime,562
0.88450164,0.9296532,0,1,EigenPlaces,amstertime,563
0.5198159,0.8705785,1,0,EigenPlaces,amstertime,564
0.9168923,0.9278216,0,1,EigenPlaces,amstertime,565
0.90008736,0.86807567,0,1,EigenPlaces,amstertime,566
0.6790625,0.8520315,1,0,EigenPlaces,amstertime,567
0.8628716,0.9417354,0,1,EigenPlaces,amstertime,568
0.67693365,0.9141556,1,1,EigenPlaces,amstertime,569
0.5045733,0.8944278,1,0,EigenPlaces,amstertime,570
0.7866758,0.75647223,1,0,EigenPlaces,amstertime,571
0.70442545,0.9393102,1,1,EigenPlaces,amstertime,572
0.7026757,0.91176695,1,1,EigenPlaces,amstertime,573
0.46607536,0.9087684,1,1,EigenPlaces,amstertime,574
0.8058741,0.91696036,1,1,EigenPlaces,amstertime,575
0.8791194,0.9073764,1,1,EigenPlaces,amstertime,576
0.88097113,0.9670683,0,1,EigenPlaces,amstertime,577
0.8709785,0.9070239,0,1,EigenPlaces,amstertime,578
0.79263306,0.93767405,0,1,EigenPlaces,amstertime,579
0.8553437,0.9161984,0,1,EigenPlaces,amstertime,580
0.90156555,0.81699896,0,1,EigenPlaces,amstertime,581
0.95185375,0.8889116,0,1,EigenPlaces,amstertime,582
0.75710475,0.900113,1,1,EigenPlaces,amstertime,583
0.6466109,0.86079705,1,0,EigenPlaces,amstertime,584
0.79443824,0.8815333,1,0,EigenPlaces,amstertime,585
0.38200122,0.85217094,1,0,EigenPlaces,amstertime,586
0.60142314,0.9158108,1,1,EigenPlaces,amstertime,587
0.6055716,0.90706027,1,1,EigenPlaces,amstertime,588
0.34880468,0.7830148,1,0,EigenPlaces,amstertime,589
0.59633934,0.9317354,1,0,EigenPlaces,amstertime,590
0.72013223,0.90997374,1,1,EigenPlaces,amstertime,591
0.4418019,0.9461898,1,0,EigenPlaces,amstertime,592
0.40577328,0.875906,1,0,EigenPlaces,amstertime,593
0.6761464,0.8348422,1,1,EigenPlaces,amstertime,594
0.43110198,0.9490722,1,1,EigenPlaces,amstertime,595
0.54596055,0.83531225,1,1,EigenPlaces,amstertime,596
0.69438475,0.78235865,1,0,EigenPlaces,amstertime,597
0.8081747,0.8951574,0,1,EigenPlaces,amstertime,598
0.60334563,0.9374118,1,1,EigenPlaces,amstertime,599
0.5515673,0.9075662,1,1,EigenPlaces,amstertime,600
0.843894,0.9301684,1,1,EigenPlaces,amstertime,601
0.5887575,0.8762741,1,1,EigenPlaces,amstertime,602
0.94032764,0.96283925,0,1,EigenPlaces,amstertime,603
0.77973294,0.90246856,1,1,EigenPlaces,amstertime,604
0.8672306,0.94062495,0,1,EigenPlaces,amstertime,605
0.55082893,0.9218906,1,0,EigenPlaces,amstertime,606
0.64088404,0.8841516,1,1,EigenPlaces,amstertime,607
0.43829435,0.9286164,1,0,EigenPlaces,amstertime,608
0.67995083,0.9053854,1,1,EigenPlaces,amstertime,609
0.9150571,0.8809036,1,1,EigenPlaces,amstertime,610
0.8605733,0.86290824,1,1,EigenPlaces,amstertime,611
0.86114657,0.93150413,0,1,EigenPlaces,amstertime,612
0.7693794,0.94958806,1,1,EigenPlaces,amstertime,613
0.72052765,0.8740001,0,1,EigenPlaces,amstertime,614
0.55134046,0.91883874,1,1,EigenPlaces,amstertime,615
0.6985013,0.8262284,1,1,EigenPlaces,amstertime,616
0.44065785,0.8232548,1,0,EigenPlaces,amstertime,617
0.7036543,0.89927244,1,1,EigenPlaces,amstertime,618
0.7123579,0.843041,1,0,EigenPlaces,amstertime,619
0.6834544,0.920046,1,1,EigenPlaces,amstertime,620
0.54596055,0.77589434,1,1,EigenPlaces,amstertime,621
0.82025623,0.8787499,0,1,EigenPlaces,amstertime,622
0.9032762,0.9253818,1,0,EigenPlaces,amstertime,623
0.4582535,0.9225931,1,1,EigenPlaces,amstertime,624
0.75956476,0.870843,1,1,EigenPlaces,amstertime,625
0.61642563,0.8166994,1,0,EigenPlaces,amstertime,626
0.64774126,0.89803076,1,1,EigenPlaces,amstertime,627
0.73446596,0.93144226,1,1,EigenPlaces,amstertime,628
0.8818748,0.9326177,1,0,EigenPlaces,amstertime,629
0.6474024,0.87337875,1,0,EigenPlaces,amstertime,630
0.5423454,0.929833,1,1,EigenPlaces,amstertime,631
0.868621,0.9051414,0,1,EigenPlaces,amstertime,632
0.57607114,0.9399922,1,1,EigenPlaces,amstertime,633
0.6569162,0.93838704,1,1,EigenPlaces,amstertime,634
0.8033474,0.8777714,1,1,EigenPlaces,amstertime,635
0.84375036,0.9543638,1,1,EigenPlaces,amstertime,636
0.78182244,0.9017055,1,1,EigenPlaces,amstertime,637
0.72367954,0.9045746,1,1,EigenPlaces,amstertime,638
0.49611688,0.92894673,1,0,EigenPlaces,amstertime,639
0.75103956,0.94141644,0,1,EigenPlaces,amstertime,640
0.79644763,0.9588801,1,1,EigenPlaces,amstertime,641
0.8648223,0.8526317,1,0,EigenPlaces,amstertime,642
0.8308367,0.9283386,0,1,EigenPlaces,amstertime,643
0.8137852,0.9419358,1,1,EigenPlaces,amstertime,644
0.82465994,0.88783944,0,1,EigenPlaces,amstertime,645
0.6622919,0.9277818,1,0,EigenPlaces,amstertime,646
0.8977343,0.8907598,1,1,EigenPlaces,amstertime,647
0.68878806,0.8954061,0,1,EigenPlaces,amstertime,648
0.8565626,0.9247267,1,1,EigenPlaces,amstertime,649
0.5510232,0.8693311,1,0,EigenPlaces,amstertime,650
0.62978196,0.86105144,1,0,EigenPlaces,amstertime,651
0.7355473,0.9127683,1,1,EigenPlaces,amstertime,652
0.48230672,0.88753587,1,1,EigenPlaces,amstertime,653
0.6590225,0.9439316,1,0,EigenPlaces,amstertime,654
0.47519472,0.86391675,1,0,EigenPlaces,amstertime,655
0.6436034,0.89677435,1,1,EigenPlaces,amstertime,656
0.4701463,0.9270976,1,1,EigenPlaces,amstertime,657
0.4314935,0.8510486,1,1,EigenPlaces,amstertime,658
0.6436034,0.92160785,1,0,EigenPlaces,amstertime,659
0.84868103,0.91276544,0,1,EigenPlaces,amstertime,660
0.7764521,0.8118039,1,0,EigenPlaces,amstertime,661
0.80900717,0.8324284,0,1,EigenPlaces,amstertime,662
0.7972897,0.9419726,0,1,EigenPlaces,amstertime,663
0.61685395,0.8076626,1,0,EigenPlaces,amstertime,664
0.8232083,0.9217014,0,1,EigenPlaces,amstertime,665
0.9303826,0.9246875,0,1,EigenPlaces,amstertime,666
0.87463236,0.9421861,0,1,EigenPlaces,amstertime,667
0.41482246,0.9004549,1,1,EigenPlaces,amstertime,668
0.6405561,0.95328426,1,1,EigenPlaces,amstertime,669
0.746799,0.90398633,0,1,EigenPlaces,amstertime,670
0.661147,0.95383656,0,1,EigenPlaces,amstertime,671
0.6805952,0.93750036,0,1,EigenPlaces,amstertime,672
0.5221015,0.912051,1,1,EigenPlaces,amstertime,673
0.7424574,0.88000846,1,0,EigenPlaces,amstertime,674
0.81467074,0.9417974,1,1,EigenPlaces,amstertime,675
0.7164279,0.92996526,1,1,EigenPlaces,amstertime,676
0.5908103,0.8987361,1,1,EigenPlaces,amstertime,677
0.89745736,0.901237,1,1,EigenPlaces,amstertime,678
0.86231565,0.8827793,0,1,EigenPlaces,amstertime,679
0.70596087,0.9368739,1,1,EigenPlaces,amstertime,680
0.63114715,0.92066634,1,1,EigenPlaces,amstertime,681
0.6246421,0.8826541,1,1,EigenPlaces,amstertime,682
0.7377615,0.9607508,1,0,EigenPlaces,amstertime,683
0.89029694,0.9326829,0,1,EigenPlaces,amstertime,684
0.5672493,0.9125892,1,1,EigenPlaces,amstertime,685
0.82553977,0.8981623,0,1,EigenPlaces,amstertime,686
0.8208248,0.93369645,0,1,EigenPlaces,amstertime,687
0.81721234,0.87976515,1,1,EigenPlaces,amstertime,688
0.84296846,0.8630016,0,1,EigenPlaces,amstertime,689
0.77318776,0.86830807,0,1,EigenPlaces,amstertime,690
0.77871454,0.9244213,1,1,EigenPlaces,amstertime,691
0.7346028,0.87265855,0,1,EigenPlaces,amstertime,692
0.6552421,0.950903,1,1,EigenPlaces,amstertime,693
0.75089765,0.91226375,1,0,EigenPlaces,amstertime,694
0.58968866,0.9221839,1,1,EigenPlaces,amstertime,695
0.8213558,0.8984567,0,1,EigenPlaces,amstertime,696
0.8656502,0.9005922,0,1,EigenPlaces,amstertime,697
0.8430189,0.9149914,0,1,EigenPlaces,amstertime,698
0.8433802,0.9333851,0,1,EigenPlaces,amstertime,699
0.89304024,0.8929925,0,1,EigenPlaces,amstertime,700
0.76435864,0.9170954,1,1,EigenPlaces,amstertime,701
0.87568593,0.90497583,0,1,EigenPlaces,amstertime,702
0.8888229,0.8236282,0,1,EigenPlaces,amstertime,703
0.7634287,0.9281619,1,1,EigenPlaces,amstertime,704
0.78366894,0.93507946,0,1,EigenPlaces,amstertime,705
0.78901076,0.9585425,0,1,EigenPlaces,amstertime,706
0.8902617,0.9175713,1,1,EigenPlaces,amstertime,707
0.69160855,0.87992203,1,0,EigenPlaces,amstertime,708
0.84605825,0.94222355,0,1,EigenPlaces,amstertime,709
0.578953,0.9132427,1,1,EigenPlaces,amstertime,710
0.8997635,0.87563765,0,1,EigenPlaces,amstertime,711
0.8997635,0.84924805,0,1,EigenPlaces,amstertime,712
0.8647586,0.865584,0,1,EigenPlaces,amstertime,713
0.89554304,0.8953218,0,1,EigenPlaces,amstertime,714
0.8628187,0.93050855,0,1,EigenPlaces,amstertime,715
0.839535,0.9053264,1,0,EigenPlaces,amstertime,716
0.884029,0.9060601,0,1,EigenPlaces,amstertime,717
0.8365059,0.93103206,1,1,EigenPlaces,amstertime,718
0.92949545,0.9557382,0,1,EigenPlaces,amstertime,719
0.66225487,0.79524434,1,1,EigenPlaces,amstertime,720
0.7279693,0.91068715,1,0,EigenPlaces,amstertime,721
0.7889064,0.9273094,1,1,EigenPlaces,amstertime,722
0.5679277,0.86000717,0,1,EigenPlaces,amstertime,723
0.5968491,0.91670704,1,0,EigenPlaces,amstertime,724
0.77715945,0.90788835,1,0,EigenPlaces,amstertime,725
0.9535756,0.8946977,0,1,EigenPlaces,amstertime,726
0.76285225,0.90325063,1,1,EigenPlaces,amstertime,727
0.639992,0.8410546,1,1,EigenPlaces,amstertime,728
0.7329286,0.92368865,1,1,EigenPlaces,amstertime,729
0.78663766,0.9475479,0,1,EigenPlaces,amstertime,730
0.899154,0.899968,0,1,EigenPlaces,amstertime,731
0.8676238,0.8847478,1,1,EigenPlaces,amstertime,732
0.9072063,0.8335938,0,1,EigenPlaces,amstertime,733
0.79862326,0.90356255,1,0,EigenPlaces,amstertime,734
0.8185303,0.8757976,1,0,EigenPlaces,amstertime,735
0.7377615,0.9476416,1,0,EigenPlaces,amstertime,736
0.80900717,0.8791168,0,1,EigenPlaces,amstertime,737
0.64338374,0.8432548,1,1,EigenPlaces,amstertime,738
0.8517734,0.90566754,1,1,EigenPlaces,amstertime,739
0.8127552,0.9285319,0,1,EigenPlaces,amstertime,740
0.8059733,0.90725625,1,0,EigenPlaces,amstertime,741
0.8118228,0.9049744,1,1,EigenPlaces,amstertime,742
0.79982316,0.9362189,1,1,EigenPlaces,amstertime,743
0.90194225,0.8955275,1,0,EigenPlaces,amstertime,744
0.83536303,0.8989296,0,1,EigenPlaces,amstertime,745
0.83536303,0.92365175,0,1,EigenPlaces,amstertime,746
0.74505043,0.8825158,0,1,EigenPlaces,amstertime,747
0.45444015,0.89055,1,1,EigenPlaces,amstertime,748
0.9643958,0.9441004,0,1,EigenPlaces,amstertime,749
0.88047874,0.859573,0,1,EigenPlaces,amstertime,750
0.8551973,0.91358244,0,1,EigenPlaces,amstertime,751
0.77875996,0.90084046,1,1,EigenPlaces,amstertime,752
0.7954202,0.92424685,0,1,EigenPlaces,amstertime,753
0.83116686,0.9354005,1,1,EigenPlaces,amstertime,754
0.840011,0.8686802,1,1,EigenPlaces,amstertime,755
0.671371,0.9123088,1,1,EigenPlaces,amstertime,756
0.60750735,0.92320037,1,1,EigenPlaces,amstertime,757
0.85735,0.9541284,1,1,EigenPlaces,amstertime,758
0.74912524,0.89417684,1,0,EigenPlaces,amstertime,759
0.6885643,0.92229736,1,0,EigenPlaces,amstertime,760
0.6681354,0.9549742,0,1,EigenPlaces,amstertime,761
0.89951694,0.9480617,1,1,EigenPlaces,amstertime,762
0.6885643,0.9203892,1,1,EigenPlaces,amstertime,763
0.8425923,0.8400698,0,1,EigenPlaces,amstertime,764
0.88836545,0.9086163,0,1,EigenPlaces,amstertime,765
0.86823195,0.9258173,0,1,EigenPlaces,amstertime,766
0.4018846,0.92854196,1,1,EigenPlaces,amstertime,767
0.884147,0.88996613,0,1,EigenPlaces,amstertime,768
0.84893906,0.9356998,0,1,EigenPlaces,amstertime,769
0.8140696,0.8825792,1,0,EigenPlaces,amstertime,770
0.34064454,0.89339864,1,1,EigenPlaces,amstertime,771
0.8160987,0.8961991,1,1,EigenPlaces,amstertime,772
0.8278408,0.9035593,1,0,EigenPlaces,amstertime,773
0.930626,0.90779626,0,1,EigenPlaces,amstertime,774
0.8386079,0.8643278,0,1,EigenPlaces,amstertime,775
0.743567,0.9234327,0,1,EigenPlaces,amstertime,776
0.68195105,0.8243756,1,1,EigenPlaces,amstertime,777
0.6201542,0.90666044,1,1,EigenPlaces,amstertime,778
0.87673867,0.9583136,1,0,EigenPlaces,amstertime,779
0.7472658,0.8742113,0,1,EigenPlaces,amstertime,780
0.908847,0.90099466,0,1,EigenPlaces,amstertime,781
0.76404953,0.92370117,1,1,EigenPlaces,amstertime,782
0.6318418,0.89278257,1,0,EigenPlaces,amstertime,783
0.9113864,0.8916675,0,1,EigenPlaces,amstertime,784
0.7535401,0.8341353,0,1,EigenPlaces,amstertime,785
0.77986926,0.92557335,0,1,EigenPlaces,amstertime,786
0.8377787,0.9326675,0,1,EigenPlaces,amstertime,787
0.8675263,0.9169487,0,1,EigenPlaces,amstertime,788
0.7045453,0.8545937,1,1,EigenPlaces,amstertime,789
0.7417282,0.90886307,1,1,EigenPlaces,amstertime,790
0.5974015,0.7869986,1,0,EigenPlaces,amstertime,791
0.820156,0.94414574,0,1,EigenPlaces,amstertime,792
0.77368486,0.8486389,1,1,EigenPlaces,amstertime,793
0.8023745,0.9779575,1,1,EigenPlaces,amstertime,794
0.79923475,0.94118476,1,1,EigenPlaces,amstertime,795
0.8156914,0.9131682,0,1,EigenPlaces,amstertime,796
0.8517324,0.9325167,1,0,EigenPlaces,amstertime,797
0.7273681,0.90888476,1,1,EigenPlaces,amstertime,798
0.7596152,0.9175849,1,1,EigenPlaces,amstertime,799
0.5143404,0.9207925,1,1,EigenPlaces,amstertime,800
0.87321013,0.89875495,1,0,EigenPlaces,amstertime,801
0.8709785,0.93918717,1,1,EigenPlaces,amstertime,802
0.67693365,0.90224165,1,0,EigenPlaces,amstertime,803
0.5840898,0.9290304,1,1,EigenPlaces,amstertime,804
0.7875184,0.88015985,0,1,EigenPlaces,amstertime,805
0.83863014,0.9569731,0,1,EigenPlaces,amstertime,806
0.8053044,0.93301624,1,0,EigenPlaces,amstertime,807
0.7668885,0.88203454,1,1,EigenPlaces,amstertime,808
0.5661815,0.93173933,1,0,EigenPlaces,amstertime,809
0.7227493,0.88485044,1,1,EigenPlaces,amstertime,810
0.3430403,0.93033063,1,0,EigenPlaces,amstertime,811
0.7723097,0.82040787,1,0,EigenPlaces,amstertime,812
0.8628716,0.94597405,1,1,EigenPlaces,amstertime,813
0.63721496,0.9233625,1,0,EigenPlaces,amstertime,814
0.6047149,0.9156787,1,0,EigenPlaces,amstertime,815
0.94389355,0.88325405,0,1,EigenPlaces,amstertime,816
0.695017,0.9377045,1,1,EigenPlaces,amstertime,817
0.920994,0.91488767,1,0,EigenPlaces,amstertime,818
0.79297256,0.9150103,1,1,EigenPlaces,amstertime,819
0.70212317,0.8934046,1,1,EigenPlaces,amstertime,820
0.69410896,0.786873,1,0,EigenPlaces,amstertime,821
0.56403244,0.9364707,1,0,EigenPlaces,amstertime,822
0.6534256,0.9071354,1,1,EigenPlaces,amstertime,823
0.75670135,0.9068413,1,0,EigenPlaces,amstertime,824
0.54631865,0.952183,1,1,EigenPlaces,amstertime,825
0.81142807,0.94407856,0,1,EigenPlaces,amstertime,826
0.52281594,0.8954352,1,0,EigenPlaces,amstertime,827
0.9368121,0.8722347,0,1,EigenPlaces,amstertime,828
0.6585602,0.8803078,1,1,EigenPlaces,amstertime,829
0.80834013,0.9339451,1,0,EigenPlaces,amstertime,830
0.41396317,0.87057394,1,0,EigenPlaces,amstertime,831
0.8732121,0.9436511,1,1,EigenPlaces,amstertime,832
0.8605733,0.93592143,1,1,EigenPlaces,amstertime,833
0.7149744,0.9287088,1,1,EigenPlaces,amstertime,834
0.91157794,0.8975431,1,1,EigenPlaces,amstertime,835
0.55995667,0.8869503,1,1,EigenPlaces,amstertime,836
0.47638014,0.8486874,1,0,EigenPlaces,amstertime,837
0.63035077,0.95642114,1,1,EigenPlaces,amstertime,838
0.8516785,0.91919637,0,1,EigenPlaces,amstertime,839
0.83702564,0.9166597,1,1,EigenPlaces,amstertime,840
0.669292,0.8971609,1,1,EigenPlaces,amstertime,841
0.7226473,0.878797,0,1,EigenPlaces,amstertime,842
0.83876455,0.9365053,1,1,EigenPlaces,amstertime,843
0.7109047,0.8282211,1,1,EigenPlaces,amstertime,844
0.8843583,0.9157938,1,1,EigenPlaces,amstertime,845
0.8626988,0.8979106,1,1,EigenPlaces,amstertime,846
0.78089356,0.89501476,0,1,EigenPlaces,amstertime,847
0.6653578,0.9276014,1,1,EigenPlaces,amstertime,848
0.5740372,0.9393655,1,1,EigenPlaces,amstertime,849
0.6653578,0.93218285,1,1,EigenPlaces,amstertime,850
0.6872281,0.948483,1,1,EigenPlaces,amstertime,851
0.6703776,0.93626785,1,0,EigenPlaces,amstertime,852
0.9244753,0.90520406,0,1,EigenPlaces,amstertime,853
0.8487776,0.9266381,1,1,EigenPlaces,amstertime,854
0.7419317,0.9236995,1,1,EigenPlaces,amstertime,855
0.8447001,0.8938792,1,1,EigenPlaces,amstertime,856
0.7023562,0.90841854,1,1,EigenPlaces,amstertime,857
0.6937952,0.8549255,1,0,EigenPlaces,amstertime,858
0.3430403,0.9228075,1,1,EigenPlaces,amstertime,859
0.799407,0.9403689,1,1,EigenPlaces,amstertime,860
0.6493213,0.9375328,1,1,EigenPlaces,amstertime,861
0.5925921,0.83510244,1,0,EigenPlaces,amstertime,862
0.81833637,0.8966427,1,0,EigenPlaces,amstertime,863
0.88285303,0.9016401,1,1,EigenPlaces,amstertime,864
0.88285303,0.920256,1,1,EigenPlaces,amstertime,865
0.799407,0.89031863,1,1,EigenPlaces,amstertime,866
0.84696424,0.93635166,1,0,EigenPlaces,amstertime,867
0.6714778,0.92447555,1,1,EigenPlaces,amstertime,868
0.6504137,0.9104201,1,0,EigenPlaces,amstertime,869
0.7410215,0.91249216,0,1,EigenPlaces,amstertime,870
0.66608334,0.9278431,0,1,EigenPlaces,amstertime,871
0.7275422,0.8803692,0,1,EigenPlaces,amstertime,872
0.7969048,0.9169172,1,1,EigenPlaces,amstertime,873
0.65052617,0.90887654,1,0,EigenPlaces,amstertime,874
0.7102561,0.9078386,1,1,EigenPlaces,amstertime,875
0.714388,0.9046622,1,1,EigenPlaces,amstertime,876
0.91786754,0.937101,1,1,EigenPlaces,amstertime,877
0.74139786,0.9314101,1,1,EigenPlaces,amstertime,878
0.7478794,0.8855442,1,1,EigenPlaces,amstertime,879
0.588636,0.91397977,1,1,EigenPlaces,amstertime,880
0.51783586,0.87096024,1,1,EigenPlaces,amstertime,881
0.57041943,0.90011954,1,1,EigenPlaces,amstertime,882
0.44549024,0.8986634,1,1,EigenPlaces,amstertime,883
0.74329376,0.9250423,0,1,EigenPlaces,amstertime,884
0.6884364,0.9167787,0,1,EigenPlaces,amstertime,885
0.9421645,0.9624524,0,1,EigenPlaces,amstertime,886
0.6340371,0.93775225,1,1,EigenPlaces,amstertime,887
0.78216755,0.9444536,1,1,EigenPlaces,amstertime,888
0.84315014,0.9487606,0,1,EigenPlaces,amstertime,889
0.6448389,0.94386137,1,1,EigenPlaces,amstertime,890
0.59402585,0.8631878,1,0,EigenPlaces,amstertime,891
0.61951053,0.9213953,1,1,EigenPlaces,amstertime,892
0.85131776,0.924182,0,1,EigenPlaces,amstertime,893
0.82472414,0.8913886,1,0,EigenPlaces,amstertime,894
0.81443703,0.9066281,0,1,EigenPlaces,amstertime,895
0.883273,0.92128503,0,1,EigenPlaces,amstertime,896
0.92732,0.95612746,1,1,EigenPlaces,amstertime,897
0.4745741,0.8740551,1,1,EigenPlaces,amstertime,898
0.6142951,0.951812,1,1,EigenPlaces,amstertime,899
0.8590515,0.94994813,1,1,EigenPlaces,amstertime,900
0.9133551,0.91953284,0,1,EigenPlaces,amstertime,901
0.54595834,0.8994612,1,1,EigenPlaces,amstertime,902
0.62997234,0.8179667,1,0,EigenPlaces,amstertime,903
0.68878806,0.9140566,0,1,EigenPlaces,amstertime,904
0.6724457,0.8953912,1,1,EigenPlaces,amstertime,905
0.821921,0.9493977,1,1,EigenPlaces,amstertime,906
0.54407763,0.91300255,1,0,EigenPlaces,amstertime,907
0.8046109,0.8142829,1,0,EigenPlaces,amstertime,908
0.44521704,0.91810656,1,0,EigenPlaces,amstertime,909
0.92020404,0.9027314,0,1,EigenPlaces,amstertime,910
0.85809875,0.9672087,1,1,EigenPlaces,amstertime,911
0.8520514,0.92415273,1,0,EigenPlaces,amstertime,912
0.7349236,0.92729306,1,1,EigenPlaces,amstertime,913
0.78965914,0.88883364,1,1,EigenPlaces,amstertime,914
0.6945796,0.9017753,1,1,EigenPlaces,amstertime,915
0.72340965,0.8919442,1,1,EigenPlaces,amstertime,916
0.9278153,0.9445611,1,1,EigenPlaces,amstertime,917
0.8576721,0.9040352,1,1,EigenPlaces,amstertime,918
0.6871618,0.93343633,1,1,EigenPlaces,amstertime,919
0.5049919,0.9119635,1,1,EigenPlaces,amstertime,920
0.69501543,0.95341766,1,1,EigenPlaces,amstertime,921
0.5049919,0.92069775,1,0,EigenPlaces,amstertime,922
0.6150268,0.94890755,1,0,EigenPlaces,amstertime,923
0.55082893,0.8650365,0,1,EigenPlaces,amstertime,924
0.48471975,0.87456656,1,1,EigenPlaces,amstertime,925
0.6645589,0.8553268,1,1,EigenPlaces,amstertime,926
0.79099464,0.9488421,0,1,EigenPlaces,amstertime,927
0.72925055,0.88074744,1,1,EigenPlaces,amstertime,928
0.84376156,0.9124485,1,1,EigenPlaces,amstertime,929
0.6020638,0.9003963,1,1,EigenPlaces,amstertime,930
0.9005204,0.8878689,1,1,EigenPlaces,amstertime,931
0.63062954,0.8884157,1,1,EigenPlaces,amstertime,932
0.83881533,0.9269672,1,0,EigenPlaces,amstertime,933
0.63118446,0.8437586,1,1,EigenPlaces,amstertime,934
0.51224864,0.7258166,1,0,EigenPlaces,amstertime,935
0.5508712,0.95393085,1,1,EigenPlaces,amstertime,936
0.6262109,0.8967961,1,0,EigenPlaces,amstertime,937
0.87283283,0.9286669,0,1,EigenPlaces,amstertime,938
0.58114743,0.9051261,1,1,EigenPlaces,amstertime,939
0.7996501,0.91769636,1,1,EigenPlaces,amstertime,940
0.94146514,0.93931633,0,1,EigenPlaces,amstertime,941
0.77265775,0.9610492,1,0,EigenPlaces,amstertime,942
0.54330564,0.82500064,1,1,EigenPlaces,amstertime,943
0.88704085,0.9698931,1,1,EigenPlaces,amstertime,944
0.56038463,0.8565845,1,0,EigenPlaces,amstertime,945
0.42407364,0.7706105,1,0,EigenPlaces,amstertime,946
0.537922,0.7177738,1,1,EigenPlaces,amstertime,947
0.4948153,0.91313744,1,1,EigenPlaces,amstertime,948
0.51751655,0.9314062,1,1,EigenPlaces,amstertime,949
0.86528563,0.9084466,1,1,EigenPlaces,amstertime,950
0.80286217,0.895025,1,1,EigenPlaces,amstertime,951
0.9015173,0.90257096,1,1,EigenPlaces,amstertime,952
0.6466109,0.86477894,1,1,EigenPlaces,amstertime,953
0.87386847,0.9405171,0,1,EigenPlaces,amstertime,954
0.8569419,0.89224565,0,1,EigenPlaces,amstertime,955
0.8569419,0.9273534,0,1,EigenPlaces,amstertime,956
0.6822382,0.84335244,1,0,EigenPlaces,amstertime,957
0.6214075,0.93729734,1,0,EigenPlaces,amstertime,958
0.8454052,0.7407372,1,0,EigenPlaces,amstertime,959
0.72015834,0.9369421,1,1,EigenPlaces,amstertime,960
0.6181568,0.8480165,1,1,EigenPlaces,amstertime,961
0.91169,0.9145085,0,1,EigenPlaces,amstertime,962
0.8529285,0.877998,1,1,EigenPlaces,amstertime,963
0.66969645,0.874092,1,0,EigenPlaces,amstertime,964
0.9270587,0.8362752,0,1,EigenPlaces,amstertime,965
0.8022782,0.8747294,1,1,EigenPlaces,amstertime,966
0.72638273,0.8255353,1,0,EigenPlaces,amstertime,967
0.7914682,0.9058902,1,1,EigenPlaces,amstertime,968
0.7282879,0.90004545,0,1,EigenPlaces,amstertime,969
0.8179386,0.77443326,1,1,EigenPlaces,amstertime,970
0.62000155,0.93239176,0,1,EigenPlaces,amstertime,971
0.892318,0.864506,0,1,EigenPlaces,amstertime,972
0.7964477,0.9081601,1,1,EigenPlaces,amstertime,973
0.86516654,0.85032284,1,1,EigenPlaces,amstertime,974
0.91826725,0.8027095,0,1,EigenPlaces,amstertime,975
0.6651484,0.91398525,1,1,EigenPlaces,amstertime,976
0.7594807,0.92446995,1,1,EigenPlaces,amstertime,977
0.8529824,0.82654166,1,1,EigenPlaces,amstertime,978
0.7199309,0.9521971,1,1,EigenPlaces,amstertime,979
0.83432853,0.89474726,0,1,EigenPlaces,amstertime,980
0.66503596,0.91032827,1,0,EigenPlaces,amstertime,981
0.6041378,0.9605767,1,0,EigenPlaces,amstertime,982
0.76649797,0.82220113,0,1,EigenPlaces,amstertime,983
0.87001324,0.9413491,1,1,EigenPlaces,amstertime,984
0.6856811,0.941323,1,1,EigenPlaces,amstertime,985
0.5737703,0.8560507,1,0,EigenPlaces,amstertime,986
0.9200435,0.8472762,0,1,EigenPlaces,amstertime,987
0.779436,0.93530464,1,1,EigenPlaces,amstertime,988
0.7867842,0.96736,0,1,EigenPlaces,amstertime,989
0.6333333,0.8293867,1,0,EigenPlaces,amstertime,990
0.7373773,0.84502405,0,1,EigenPlaces,amstertime,991
0.61799276,0.8736384,1,0,EigenPlaces,amstertime,992
0.497874,0.9208793,1,0,EigenPlaces,amstertime,993
0.79925907,0.857869,1,1,EigenPlaces,amstertime,994
0.7802663,0.896878,0,1,EigenPlaces,amstertime,995
0.83563006,0.8851737,0,1,EigenPlaces,amstertime,996
0.6121813,0.9108438,1,0,EigenPlaces,amstertime,997
0.71737325,0.92411745,0,1,EigenPlaces,amstertime,998
0.5313425,0.80840963,1,0,EigenPlaces,amstertime,999
0.5999565,0.84464973,1,0,EigenPlaces,amstertime,1000
0.9052206,0.8796986,1,0,EigenPlaces,amstertime,1001
0.5988183,0.91294163,1,1,EigenPlaces,amstertime,1002
0.81937057,0.92972094,0,1,EigenPlaces,amstertime,1003
0.60334563,0.9755559,1,1,EigenPlaces,amstertime,1004
0.9165337,0.9025694,1,0,EigenPlaces,amstertime,1005
0.69478226,0.88043845,1,1,EigenPlaces,amstertime,1006
0.81687593,0.8918338,1,1,EigenPlaces,amstertime,1007
0.76141477,0.8990633,1,1,EigenPlaces,amstertime,1008
0.8529824,0.8487998,1,1,EigenPlaces,amstertime,1009
0.81687593,0.93513924,1,1,EigenPlaces,amstertime,1010
0.76141477,0.91704214,1,0,EigenPlaces,amstertime,1011
0.90021133,0.9207834,1,1,EigenPlaces,amstertime,1012
0.83432853,0.9300591,0,1,EigenPlaces,amstertime,1013
0.770749,0.92559433,0,1,EigenPlaces,amstertime,1014
0.671371,0.8618915,1,1,EigenPlaces,amstertime,1015
0.89745736,0.8866425,1,1,EigenPlaces,amstertime,1016
0.42333728,0.8810463,1,0,EigenPlaces,amstertime,1017
0.81792426,0.8863043,1,0,EigenPlaces,amstertime,1018
0.8313023,0.9334718,0,1,EigenPlaces,amstertime,1019
0.8565626,0.91260594,1,0,EigenPlaces,amstertime,1020
0.81792426,0.8553165,1,1,EigenPlaces,amstertime,1021
0.6242639,0.8952001,1,1,EigenPlaces,amstertime,1022
0.8824229,0.8494177,1,1,EigenPlaces,amstertime,1023
0.7326307,0.9130392,1,1,EigenPlaces,amstertime,1024
0.8565626,0.92500407,1,1,EigenPlaces,amstertime,1025
0.73263067,0.9045538,1,1,EigenPlaces,amstertime,1026
0.73263067,0.87632203,1,1,EigenPlaces,amstertime,1027
0.8565626,0.9292127,1,1,EigenPlaces,amstertime,1028
0.84242463,0.9305854,0,1,EigenPlaces,amstertime,1029
0.82889175,0.90218425,0,1,EigenPlaces,amstertime,1030
0.8229455,0.89193875,1,0,EigenPlaces,amstertime,1031
0.697109,0.8854648,1,1,EigenPlaces,amstertime,1032
0.72868574,0.94229543,0,1,EigenPlaces,amstertime,1033
0.87283283,0.94307506,0,1,EigenPlaces,amstertime,1034
0.6213945,0.89393795,1,1,EigenPlaces,amstertime,1035
0.697109,0.87584764,1,1,EigenPlaces,amstertime,1036
0.36771762,0.8903419,1,1,EigenPlaces,amstertime,1037
0.7950294,0.88697183,1,0,EigenPlaces,amstertime,1038
0.7506107,0.9555774,0,1,EigenPlaces,amstertime,1039
0.85519624,0.9604973,0,1,EigenPlaces,amstertime,1040
0.89204156,0.9337243,1,1,EigenPlaces,amstertime,1041
0.70907116,0.8738731,1,0,EigenPlaces,amstertime,1042
0.9104105,0.9331181,0,1,EigenPlaces,amstertime,1043
0.8358354,0.9486649,1,0,EigenPlaces,amstertime,1044
0.7888744,0.9355584,0,1,EigenPlaces,amstertime,1045
0.8071865,0.9202659,1,1,EigenPlaces,amstertime,1046
0.79321563,0.9219451,0,1,EigenPlaces,amstertime,1047
0.639992,0.9188317,0,1,EigenPlaces,amstertime,1048
0.82889175,0.9241267,1,1,EigenPlaces,amstertime,1049
0.8071865,0.9012668,0,1,EigenPlaces,amstertime,1050
0.8071865,0.8933525,1,1,EigenPlaces,amstertime,1051
0.79321563,0.93606263,0,1,EigenPlaces,amstertime,1052
0.7897961,0.94318676,1,1,EigenPlaces,amstertime,1053
0.6655315,0.86316466,1,1,EigenPlaces,amstertime,1054
0.6433838,0.845199,1,1,EigenPlaces,amstertime,1055
0.7803292,0.94372064,0,1,EigenPlaces,amstertime,1056
0.7575644,0.88867915,0,1,EigenPlaces,amstertime,1057
0.8244549,0.936437,0,1,EigenPlaces,amstertime,1058
0.8009558,0.8920082,1,1,EigenPlaces,amstertime,1059
0.80133784,0.90250564,0,1,EigenPlaces,amstertime,1060
0.8517083,0.9356722,0,1,EigenPlaces,amstertime,1061
0.86989534,0.880991,0,1,EigenPlaces,amstertime,1062
0.8655309,0.93578327,1,1,EigenPlaces,amstertime,1063
0.8553437,0.90185225,0,1,EigenPlaces,amstertime,1064
0.42692208,0.86703396,1,0,EigenPlaces,amstertime,1065
0.821929,0.93313843,0,1,EigenPlaces,amstertime,1066
0.80383176,0.86128545,0,1,EigenPlaces,amstertime,1067
0.8315711,0.91789055,0,1,EigenPlaces,amstertime,1068
0.82248783,0.8565086,0,1,EigenPlaces,amstertime,1069
0.89002466,0.8900527,1,0,EigenPlaces,amstertime,1070
0.68716156,0.9016587,0,1,EigenPlaces,amstertime,1071
0.88138914,0.8665408,1,1,EigenPlaces,amstertime,1072
0.67693365,0.9057878,1,1,EigenPlaces,amstertime,1073
0.67693365,0.9275472,1,1,EigenPlaces,amstertime,1074
0.8628716,0.9023807,0,1,EigenPlaces,amstertime,1075
0.63721496,0.9357776,0,1,EigenPlaces,amstertime,1076
0.6651484,0.92026216,1,1,EigenPlaces,amstertime,1077
0.90021133,0.88870865,1,1,EigenPlaces,amstertime,1078
0.6050272,0.9059875,1,1,EigenPlaces,amstertime,1079
0.76027703,0.9476105,1,1,EigenPlaces,amstertime,1080
0.8525044,0.8098136,1,0,EigenPlaces,amstertime,1081
0.5404757,0.9341336,1,0,EigenPlaces,amstertime,1082
0.7506107,0.9369533,1,0,EigenPlaces,amstertime,1083
0.82133055,0.94000614,0,1,EigenPlaces,amstertime,1084
0.87965274,0.88053143,0,1,EigenPlaces,amstertime,1085
0.74349904,0.9031906,1,1,EigenPlaces,amstertime,1086
0.90870243,0.93772864,0,1,EigenPlaces,amstertime,1087
0.92832667,0.90562445,0,1,EigenPlaces,amstertime,1088
0.8910819,0.944553,1,1,EigenPlaces,amstertime,1089
0.80937403,0.9102928,1,1,EigenPlaces,amstertime,1090
0.48480433,0.8837564,1,0,EigenPlaces,amstertime,1091
0.8670394,0.9365686,0,1,EigenPlaces,amstertime,1092
0.8246284,0.94570994,0,1,EigenPlaces,amstertime,1093
0.8427708,0.946339,1,1,EigenPlaces,amstertime,1094
0.8427708,0.9264745,1,0,EigenPlaces,amstertime,1095
0.74826336,0.841771,1,0,EigenPlaces,amstertime,1096
0.79973555,0.93236804,1,0,EigenPlaces,amstertime,1097
0.91036415,0.9026196,1,1,EigenPlaces,amstertime,1098
0.8107778,0.9380137,1,0,EigenPlaces,amstertime,1099
0.5564225,0.89590925,1,1,EigenPlaces,amstertime,1100
0.5564225,0.9058244,1,1,EigenPlaces,amstertime,1101
0.87894505,0.9221419,1,1,EigenPlaces,amstertime,1102
0.870065,0.9308833,1,0,EigenPlaces,amstertime,1103
0.62046546,0.84218997,1,0,EigenPlaces,amstertime,1104
0.66773236,0.91590714,1,1,EigenPlaces,amstertime,1105
0.66116977,0.90753204,1,0,EigenPlaces,amstertime,1106
0.560389,0.9350751,1,1,EigenPlaces,amstertime,1107
0.854021,0.94320595,1,1,EigenPlaces,amstertime,1108
0.7916618,0.9669288,0,1,EigenPlaces,amstertime,1109
0.8611465,0.9431219,0,1,EigenPlaces,amstertime,1110
0.50697064,0.8457329,1,0,EigenPlaces,amstertime,1111
0.8475373,0.85874665,0,1,EigenPlaces,amstertime,1112
0.84586763,0.91055965,1,1,EigenPlaces,amstertime,1113
0.8261143,0.9606055,1,1,EigenPlaces,amstertime,1114
0.6450583,0.93759906,1,1,EigenPlaces,amstertime,1115
0.4653424,0.92413986,1,1,EigenPlaces,amstertime,1116
0.36770302,0.81756,1,0,EigenPlaces,amstertime,1117
0.8069531,0.88835514,0,1,EigenPlaces,amstertime,1118
0.9341332,0.8427366,0,1,EigenPlaces,amstertime,1119
0.77487385,0.93134606,1,1,EigenPlaces,amstertime,1120
0.74671364,0.93189156,0,1,EigenPlaces,amstertime,1121
0.32063538,0.8841697,1,1,EigenPlaces,amstertime,1122
0.6514409,0.9178374,1,1,EigenPlaces,amstertime,1123
0.6972575,0.8944253,1,1,EigenPlaces,amstertime,1124
0.7686573,0.92565703,1,1,EigenPlaces,amstertime,1125
0.9346677,0.9280114,1,1,EigenPlaces,amstertime,1126
0.8162297,0.8697788,1,1,EigenPlaces,amstertime,1127
0.51959467,0.93205005,1,1,EigenPlaces,amstertime,1128
0.7915925,0.8485998,0,1,EigenPlaces,amstertime,1129
0.8411776,0.9016794,1,1,EigenPlaces,amstertime,1130
0.87504077,0.9124284,0,1,EigenPlaces,amstertime,1131
0.5712798,0.89090395,1,0,EigenPlaces,amstertime,1132
0.42892283,0.91107357,1,0,EigenPlaces,amstertime,1133
0.79696274,0.8656913,1,1,EigenPlaces,amstertime,1134
0.9594797,0.866485,1,1,EigenPlaces,amstertime,1135
0.7157413,0.8331127,1,1,EigenPlaces,amstertime,1136
0.76432985,0.8913733,1,1,EigenPlaces,amstertime,1137
0.54689693,0.9116807,1,1,EigenPlaces,amstertime,1138
0.54689693,0.9449754,1,1,EigenPlaces,amstertime,1139
0.80027056,0.8930062,0,1,EigenPlaces,amstertime,1140
0.7347341,0.92003155,0,1,EigenPlaces,amstertime,1141
0.9025367,0.903926,0,1,EigenPlaces,amstertime,1142
0.76707196,0.90466475,1,1,EigenPlaces,amstertime,1143
0.6262109,0.9287509,1,1,EigenPlaces,amstertime,1144
0.6262109,0.90431464,1,1,EigenPlaces,amstertime,1145
0.86714184,0.96474224,1,1,EigenPlaces,amstertime,1146
0.75134003,0.9014052,0,1,EigenPlaces,amstertime,1147
0.90349543,0.9065303,0,1,EigenPlaces,amstertime,1148
0.8035191,0.916474,1,0,EigenPlaces,amstertime,1149
0.74886453,0.89762795,1,1,EigenPlaces,amstertime,1150
0.77480924,0.92793417,0,1,EigenPlaces,amstertime,1151
0.6982994,0.9496961,0,1,EigenPlaces,amstertime,1152
0.6612729,0.89117837,1,0,EigenPlaces,amstertime,1153
0.80383176,0.8584749,0,1,EigenPlaces,amstertime,1154
0.79973555,0.91236097,1,1,EigenPlaces,amstertime,1155
0.41023704,0.8229245,1,0,EigenPlaces,amstertime,1156
0.5313425,0.7154249,1,1,EigenPlaces,amstertime,1157
0.5988183,0.92651725,1,1,EigenPlaces,amstertime,1158
0.6514409,0.91021967,0,1,EigenPlaces,amstertime,1159
0.90818423,0.8875744,0,1,EigenPlaces,amstertime,1160
0.54428697,0.91994804,1,1,EigenPlaces,amstertime,1161
0.6010534,0.81517684,1,0,EigenPlaces,amstertime,1162
0.8889741,0.8880851,1,0,EigenPlaces,amstertime,1163
0.5105146,0.86601275,1,0,EigenPlaces,amstertime,1164
0.3746397,0.84196484,1,0,EigenPlaces,amstertime,1165
0.8825629,0.9341246,0,1,EigenPlaces,amstertime,1166
0.86447835,0.86748207,1,1,EigenPlaces,amstertime,1167
0.7733393,0.95871866,1,1,EigenPlaces,amstertime,1168
0.72187257,0.88863397,1,1,EigenPlaces,amstertime,1169
0.75956476,0.8354707,1,0,EigenPlaces,amstertime,1170
0.54591775,0.914204,1,0,EigenPlaces,amstertime,1171
0.8439904,0.92190427,1,1,EigenPlaces,amstertime,1172
0.8131573,0.7778866,1,0,EigenPlaces,amstertime,1173
0.85833144,0.9221997,0,1,EigenPlaces,amstertime,1174
0.6730536,0.9579085,1,1,EigenPlaces,amstertime,1175
0.3576188,0.9417174,1,1,EigenPlaces,amstertime,1176
0.65238094,0.87843657,1,0,EigenPlaces,amstertime,1177
0.9389011,0.90082765,1,1,EigenPlaces,amstertime,1178
0.85229325,0.88791203,1,1,EigenPlaces,amstertime,1179
0.7387752,0.8949611,0,1,EigenPlaces,amstertime,1180
0.6970248,0.94502616,1,1,EigenPlaces,amstertime,1181
0.870427,0.9570572,1,0,EigenPlaces,amstertime,1182
0.7125384,0.916521,1,1,EigenPlaces,amstertime,1183
0.69362617,0.9116332,1,1,EigenPlaces,amstertime,1184
0.77435064,0.8662623,1,0,EigenPlaces,amstertime,1185
0.6877431,0.918695,1,1,EigenPlaces,amstertime,1186
0.8811829,0.9468013,0,1,EigenPlaces,amstertime,1187
0.8434135,0.8849238,1,1,EigenPlaces,amstertime,1188
0.4599563,0.9523171,1,1,EigenPlaces,amstertime,1189
0.3886032,0.91378164,1,1,EigenPlaces,amstertime,1190
0.84165263,0.9124012,0,1,EigenPlaces,amstertime,1191
0.7985101,0.86099505,1,1,EigenPlaces,amstertime,1192
0.8456095,0.9632971,1,0,EigenPlaces,amstertime,1193
0.8613249,0.87857693,1,1,EigenPlaces,amstertime,1194
0.49816447,0.89308685,1,0,EigenPlaces,amstertime,1195
0.7554685,0.922873,1,1,EigenPlaces,amstertime,1196
0.9536932,0.8835081,0,1,EigenPlaces,amstertime,1197
0.86062545,0.9387265,1,1,EigenPlaces,amstertime,1198
0.6989635,0.9180796,1,1,EigenPlaces,amstertime,1199
0.5505053,0.8536551,1,1,EigenPlaces,amstertime,1200
0.4538896,0.9288727,1,0,EigenPlaces,amstertime,1201
0.86449814,0.865095,0,1,EigenPlaces,amstertime,1202
0.57754624,0.8694607,1,1,EigenPlaces,amstertime,1203
0.6934793,0.8591018,0,1,EigenPlaces,amstertime,1204
0.51056045,0.8888055,1,0,EigenPlaces,amstertime,1205
0.8474696,0.8753332,1,1,EigenPlaces,amstertime,1206
0.6893196,0.9259653,0,1,EigenPlaces,amstertime,1207
0.884259,0.8884372,0,1,EigenPlaces,amstertime,1208
0.8561176,0.9283651,0,1,EigenPlaces,amstertime,1209
0.74430984,0.915776,1,0,EigenPlaces,amstertime,1210
0.8014629,0.88754845,1,1,EigenPlaces,amstertime,1211
0.706355,0.89849323,1,0,EigenPlaces,amstertime,1212
0.56863284,0.95017815,1,0,EigenPlaces,amstertime,1213
0.84903085,0.95267403,0,1,EigenPlaces,amstertime,1214
0.7611728,0.9281249,1,1,EigenPlaces,amstertime,1215
0.8113266,0.9281364,1,0,EigenPlaces,amstertime,1216
0.64409375,0.9613765,1,1,EigenPlaces,amstertime,1217
0.7286462,0.87124115,1,1,EigenPlaces,amstertime,1218
0.7200831,0.89531255,1,0,EigenPlaces,amstertime,1219
0.84119797,0.86311704,1,0,EigenPlaces,amstertime,1220
0.80610955,0.91564167,0,1,EigenPlaces,amstertime,1221
0.8306625,0.93695915,0,1,EigenPlaces,amstertime,1222
0.77806103,0.92411375,1,1,EigenPlaces,amstertime,1223
0.86132514,0.8475461,0,1,EigenPlaces,amstertime,1224
0.8462552,0.8962772,1,1,EigenPlaces,amstertime,1225
0.7734519,0.868073,1,1,EigenPlaces,amstertime,1226
0.8769836,0.94068027,1,1,EigenPlaces,amstertime,1227
0.53268623,0.88902605,1,1,EigenPlaces,amstertime,1228
0.836028,0.9081506,1,1,EigenPlaces,amstertime,1229
0.805531,0.9237395,0,1,EigenPlaces,amstertime,1230
0.47441673,0.9269726,4,1,EigenPlaces,msls,0
0.84875035,0.9219384,8,0,EigenPlaces,msls,1
0.6721432,0.930967,5,0,EigenPlaces,msls,2
0.83623576,0.9071474,0,1,EigenPlaces,msls,3
0.7978637,0.89240336,9,0,EigenPlaces,msls,4
0.8027142,0.91553855,6,1,EigenPlaces,msls,5
0.82169163,0.93746686,8,0,EigenPlaces,msls,6
0.62386554,0.91912854,4,0,EigenPlaces,msls,7
0.912961,0.9375161,0,1,EigenPlaces,msls,8
0.5802099,0.93742955,7,1,EigenPlaces,msls,9
0.6409699,0.90601766,7,0,EigenPlaces,msls,10
0.9435904,0.9086592,1,1,EigenPlaces,msls,11
0.8715919,0.8795395,4,0,EigenPlaces,msls,12
0.912771,0.95179105,1,1,EigenPlaces,msls,13
0.5423616,0.8974451,6,0,EigenPlaces,msls,14
0.46370333,0.91926056,3,0,EigenPlaces,msls,15
0.70844495,0.9218736,5,1,EigenPlaces,msls,16
0.5311124,0.9384333,4,0,EigenPlaces,msls,17
0.8374916,0.93250203,6,0,EigenPlaces,msls,18
0.68138456,0.90315485,2,0,EigenPlaces,msls,19
0.75833523,0.93436956,5,1,EigenPlaces,msls,20
0.48027873,0.92131466,3,0,EigenPlaces,msls,21
0.9492036,0.88373363,1,1,EigenPlaces,msls,22
0.8604025,0.9073373,0,1,EigenPlaces,msls,23
0.91215885,0.92607796,1,0,EigenPlaces,msls,24
0.92947423,0.9066616,1,1,EigenPlaces,msls,25
0.8619733,0.95149064,7,1,EigenPlaces,msls,26
0.84139967,0.9545859,9,0,EigenPlaces,msls,27
0.6187614,0.88696814,3,0,EigenPlaces,msls,28
0.6095203,0.89674586,5,0,EigenPlaces,msls,29
0.77220964,0.9057404,0,1,EigenPlaces,msls,30
0.7572987,0.97848725,8,0,EigenPlaces,msls,31
0.73001164,0.85716724,5,0,EigenPlaces,msls,32
0.82361007,0.8997536,5,0,EigenPlaces,msls,33
0.66098905,0.93189955,3,1,EigenPlaces,msls,34
0.8039348,0.94516456,0,1,EigenPlaces,msls,35
0.533236,0.92399514,4,1,EigenPlaces,msls,36
0.72424155,0.91998035,10,0,EigenPlaces,msls,37
0.9062389,0.92458344,3,1,EigenPlaces,msls,38
0.7978257,0.9502592,5,0,EigenPlaces,msls,39
0.54439604,0.89971614,6,0,EigenPlaces,msls,40
0.8962686,0.93607783,0,1,EigenPlaces,msls,41
0.8354254,0.9106065,2,1,EigenPlaces,msls,42
0.79587954,0.9339912,8,0,EigenPlaces,msls,43
0.80970585,0.94778407,9,0,EigenPlaces,msls,44
0.4665215,0.8868548,5,0,EigenPlaces,msls,45
0.88657516,0.8751457,2,0,EigenPlaces,msls,46
0.49201322,0.9289323,3,0,EigenPlaces,msls,47
0.76719594,0.89395094,7,0,EigenPlaces,msls,48
0.8796029,0.9619235,7,0,EigenPlaces,msls,49
0.86878693,0.9484918,8,0,EigenPlaces,msls,50
0.82856095,0.94112086,2,1,EigenPlaces,msls,51
0.9667896,0.93897396,6,0,EigenPlaces,msls,52
0.87723327,0.9239915,0,1,EigenPlaces,msls,53
0.60386086,0.9220756,5,0,EigenPlaces,msls,54
0.7392173,0.91095275,7,0,EigenPlaces,msls,55
0.86785233,0.82614875,2,0,EigenPlaces,msls,56
0.8726592,0.9041401,0,1,EigenPlaces,msls,57
0.5974986,0.87281054,3,0,EigenPlaces,msls,58
0.77254784,0.9163475,6,0,EigenPlaces,msls,59
0.518967,0.9526873,3,0,EigenPlaces,msls,60
0.6496936,0.89712983,1,1,EigenPlaces,msls,61
0.5597227,0.9675239,3,0,EigenPlaces,msls,62
0.58868676,0.87571883,5,1,EigenPlaces,msls,63
0.8584657,0.8837066,2,0,EigenPlaces,msls,64
0.93510985,0.9332296,7,0,EigenPlaces,msls,65
0.8565999,0.9223486,8,0,EigenPlaces,msls,66
0.6384251,0.9114046,4,1,EigenPlaces,msls,67
0.91757244,0.9087499,4,0,EigenPlaces,msls,68
0.7851963,0.97360295,6,0,EigenPlaces,msls,69
0.79415977,0.9544121,5,0,EigenPlaces,msls,70
0.60722744,0.87249875,2,1,EigenPlaces,msls,71
0.87793374,0.9295597,1,0,EigenPlaces,msls,72
0.6418062,0.9216184,8,0,EigenPlaces,msls,73
0.8120675,0.9047266,2,1,EigenPlaces,msls,74
0.732299,0.93448174,10,0,EigenPlaces,msls,75
0.7862071,0.9428775,6,0,EigenPlaces,msls,76
0.8135495,0.89767635,10,0,EigenPlaces,msls,77
0.91575646,0.95740306,1,0,EigenPlaces,msls,78
0.8862388,0.95139843,10,0,EigenPlaces,msls,79
0.7449168,0.8869579,2,0,EigenPlaces,msls,80
0.8168479,0.94054806,2,1,EigenPlaces,msls,81
0.9212071,0.86498624,1,1,EigenPlaces,msls,82
0.77648056,0.9431452,6,1,EigenPlaces,msls,83
0.7012749,0.8984399,5,0,EigenPlaces,msls,84
0.7617413,0.94316363,8,0,EigenPlaces,msls,85
0.85760474,0.9689081,4,0,EigenPlaces,msls,86
0.88020396,0.9608166,10,0,EigenPlaces,msls,87
0.73711896,0.87102365,4,1,EigenPlaces,msls,88
0.8885405,0.94530505,0,1,EigenPlaces,msls,89
0.86654305,0.9100675,10,0,EigenPlaces,msls,90
0.9118092,0.94439477,10,0,EigenPlaces,msls,91
0.5775932,0.8461462,5,1,EigenPlaces,msls,92
0.9364265,0.8891269,1,1,EigenPlaces,msls,93
0.42786273,0.8943888,2,0,EigenPlaces,msls,94
0.82879776,0.92034113,8,0,EigenPlaces,msls,95
0.6499448,0.9128068,3,0,EigenPlaces,msls,96
0.7596911,0.8957417,2,1,EigenPlaces,msls,97
0.84288454,0.90089333,3,1,EigenPlaces,msls,98
0.6470034,0.9346186,9,0,EigenPlaces,msls,99
0.60073316,0.90290004,2,1,EigenPlaces,msls,100
0.5363991,0.86705256,0,1,EigenPlaces,msls,101
0.78931797,0.93521833,7,0,EigenPlaces,msls,102
0.7416401,0.89799905,2,1,EigenPlaces,msls,103
0.62434864,0.911713,5,0,EigenPlaces,msls,104
0.64716214,0.9376144,4,0,EigenPlaces,msls,105
0.7817743,0.9326081,10,0,EigenPlaces,msls,106
0.8099158,0.91009593,5,0,EigenPlaces,msls,107
0.7376548,0.9797027,10,0,EigenPlaces,msls,108
0.6684576,0.9435066,3,0,EigenPlaces,msls,109
0.9043015,0.9512159,10,0,EigenPlaces,msls,110
0.8737501,0.942781,6,1,EigenPlaces,msls,111
0.84332335,0.93166566,0,1,EigenPlaces,msls,112
0.7699001,0.90199494,4,1,EigenPlaces,msls,113
0.73836976,0.9078967,6,0,EigenPlaces,msls,114
0.8741828,0.88808906,4,0,EigenPlaces,msls,115
0.6615148,0.95294464,10,0,EigenPlaces,msls,116
0.8414155,0.88984907,1,1,EigenPlaces,msls,117
0.88876873,0.96664095,2,0,EigenPlaces,msls,118
0.8471379,0.8442291,3,0,EigenPlaces,msls,119
0.69561386,0.96451926,5,0,EigenPlaces,msls,120
0.67535913,0.9517393,8,0,EigenPlaces,msls,121
0.7823267,0.8741323,3,0,EigenPlaces,msls,122
0.953778,0.9256815,0,1,EigenPlaces,msls,123
0.57745147,0.87403953,3,0,EigenPlaces,msls,124
0.6383434,0.84858,4,0,EigenPlaces,msls,125
0.8175807,0.9185097,7,0,EigenPlaces,msls,126
0.6821723,0.92588484,8,0,EigenPlaces,msls,127
0.66501415,0.9271909,9,0,EigenPlaces,msls,128
0.92955434,0.89481086,0,1,EigenPlaces,msls,129
0.90541404,0.9148239,0,1,EigenPlaces,msls,130
0.6500084,0.9255929,9,0,EigenPlaces,msls,131
0.852087,0.9780793,1,1,EigenPlaces,msls,132
0.826419,0.9204899,2,0,EigenPlaces,msls,133
0.55004436,0.9036844,2,0,EigenPlaces,msls,134
0.67900527,0.8989435,3,1,EigenPlaces,msls,135
0.8774363,0.9416291,10,0,EigenPlaces,msls,136
0.6686379,0.9301523,5,0,EigenPlaces,msls,137
0.70020336,0.9573985,3,0,EigenPlaces,msls,138
0.747162,0.92152154,7,1,EigenPlaces,msls,139
0.63644326,0.8778815,0,1,EigenPlaces,msls,140
0.631485,0.9205976,3,0,EigenPlaces,msls,141
0.6365993,0.93796206,4,0,EigenPlaces,msls,142
0.8825848,0.96305895,0,1,EigenPlaces,msls,143
0.88157445,0.8566302,2,0,EigenPlaces,msls,144
0.64980954,0.93751204,3,0,EigenPlaces,msls,145
0.7520914,0.89526206,3,0,EigenPlaces,msls,146
0.83726686,0.85190964,8,0,EigenPlaces,msls,147
0.70263714,0.91931266,8,0,EigenPlaces,msls,148
0.8055948,0.9012197,4,0,EigenPlaces,msls,149
0.87919176,0.9528326,9,0,EigenPlaces,msls,150
0.7694583,0.9601749,2,0,EigenPlaces,msls,151
0.7198019,0.8700819,7,0,EigenPlaces,msls,152
0.87288237,0.8774408,0,1,EigenPlaces,msls,153
0.8474177,0.8474072,4,0,EigenPlaces,msls,154
0.87700856,0.9238586,8,0,EigenPlaces,msls,155
0.8474216,0.92028785,4,1,EigenPlaces,msls,156
0.81242085,0.9320866,8,0,EigenPlaces,msls,157
0.88258976,0.9212651,10,0,EigenPlaces,msls,158
0.6689532,0.8779588,3,0,EigenPlaces,msls,159
0.35116845,0.82195795,1,0,EigenPlaces,msls,160
0.5690816,0.8978033,6,0,EigenPlaces,msls,161
0.73184735,0.86931133,3,0,EigenPlaces,msls,162
0.641845,0.8655588,5,0,EigenPlaces,msls,163
0.7881899,0.9559096,10,0,EigenPlaces,msls,164
0.71841323,0.8285221,3,0,EigenPlaces,msls,165
0.9333972,0.9058084,8,0,EigenPlaces,msls,166
0.8566264,0.9475206,9,0,EigenPlaces,msls,167
0.7882608,0.94190824,7,0,EigenPlaces,msls,168
0.79504657,0.9488728,6,1,EigenPlaces,msls,169
0.8536892,0.9054682,7,0,EigenPlaces,msls,170
0.92047334,0.936535,3,0,EigenPlaces,msls,171
0.6380187,0.9076251,4,0,EigenPlaces,msls,172
0.86007226,0.9555913,1,1,EigenPlaces,msls,173
0.6013238,0.9341217,3,1,EigenPlaces,msls,174
0.7100452,0.926319,4,0,EigenPlaces,msls,175
0.6430397,0.95388657,5,0,EigenPlaces,msls,176
0.79993016,0.90758705,7,0,EigenPlaces,msls,177
0.8403704,0.92501783,0,1,EigenPlaces,msls,178
0.76386464,0.95230675,4,0,EigenPlaces,msls,179
0.85117054,0.92877316,0,1,EigenPlaces,msls,180
0.6467596,0.9356296,4,1,EigenPlaces,msls,181
0.72772646,0.9074904,3,0,EigenPlaces,msls,182
0.7390783,0.91581655,7,0,EigenPlaces,msls,183
0.92027044,0.930784,5,0,EigenPlaces,msls,184
0.7150007,0.838292,5,0,EigenPlaces,msls,185
0.5175051,0.926038,4,0,EigenPlaces,msls,186
0.83843786,0.88850844,1,0,EigenPlaces,msls,187
0.79360026,0.90195763,8,0,EigenPlaces,msls,188
0.675146,0.931854,2,1,EigenPlaces,msls,189
0.7931772,0.92953986,7,0,EigenPlaces,msls,190
0.6533787,0.9464617,1,1,EigenPlaces,msls,191
0.7325965,0.9024283,4,1,EigenPlaces,msls,192
0.6453482,0.9305265,6,0,EigenPlaces,msls,193
0.74097025,0.90876174,9,0,EigenPlaces,msls,194
0.77978265,0.9218436,6,0,EigenPlaces,msls,195
0.6821312,0.96999216,7,1,EigenPlaces,msls,196
0.93935215,0.88848484,0,1,EigenPlaces,msls,197
0.80286396,0.9131869,6,1,EigenPlaces,msls,198
0.8012111,0.9505224,4,1,EigenPlaces,msls,199
0.7491226,0.93870026,3,1,EigenPlaces,msls,200
0.9338447,0.93306553,6,0,EigenPlaces,msls,201
0.49536216,0.90175027,3,0,EigenPlaces,msls,202
0.7464615,0.9526404,9,0,EigenPlaces,msls,203
0.7477383,0.90074635,2,0,EigenPlaces,msls,204
0.72201276,0.9015478,5,0,EigenPlaces,msls,205
0.7859893,0.93297523,2,0,EigenPlaces,msls,206
0.79123074,0.90308917,10,0,EigenPlaces,msls,207
0.7269377,0.8939653,10,0,EigenPlaces,msls,208
0.37846804,0.76227295,2,0,EigenPlaces,msls,209
0.69363475,0.91723764,5,1,EigenPlaces,msls,210
0.80102575,0.9369855,8,0,EigenPlaces,msls,211
0.8460963,0.90751135,4,0,EigenPlaces,msls,212
0.91490626,0.89761794,0,1,EigenPlaces,msls,213
0.7329672,0.9126581,5,0,EigenPlaces,msls,214
0.80155826,0.9500402,5,0,EigenPlaces,msls,215
0.79470706,0.9432106,0,1,EigenPlaces,msls,216
0.780151,0.9349762,3,0,EigenPlaces,msls,217
0.91656804,0.9231554,0,1,EigenPlaces,msls,218
0.95351887,0.9028922,7,1,EigenPlaces,msls,219
0.75163305,0.960076,9,0,EigenPlaces,msls,220
0.66393447,0.90936124,2,1,EigenPlaces,msls,221
0.7405427,0.9261919,5,0,EigenPlaces,msls,222
0.93498504,0.9283029,1,0,EigenPlaces,msls,223
0.881595,0.9221941,10,0,EigenPlaces,msls,224
0.8051574,0.8984116,8,0,EigenPlaces,msls,225
0.51913524,0.9270848,6,0,EigenPlaces,msls,226
0.7772954,0.94653726,10,0,EigenPlaces,msls,227
0.686471,0.9299414,10,0,EigenPlaces,msls,228
0.65088487,0.9121676,4,0,EigenPlaces,msls,229
0.9355229,0.91280746,3,0,EigenPlaces,msls,230
0.7472662,0.8967916,7,0,EigenPlaces,msls,231
0.5584277,0.9150469,2,1,EigenPlaces,msls,232
0.7428638,0.92493117,2,1,EigenPlaces,msls,233
0.7600526,0.89390683,10,0,EigenPlaces,msls,234
0.4652577,0.8137213,3,0,EigenPlaces,msls,235
0.84750605,0.9234778,7,0,EigenPlaces,msls,236
0.7895564,0.91342366,8,0,EigenPlaces,msls,237
0.7280266,0.95721656,8,0,EigenPlaces,msls,238
0.88241863,0.9576245,9,0,EigenPlaces,msls,239
0.76003635,0.94118136,10,0,EigenPlaces,msls,240
0.5859469,0.94034445,4,0,EigenPlaces,msls,241
0.81338555,0.93174565,10,0,EigenPlaces,msls,242
0.8409074,0.9297427,10,0,EigenPlaces,msls,243
0.6768657,0.9123684,4,0,EigenPlaces,msls,244
0.9057086,0.94494534,0,1,EigenPlaces,msls,245
0.6962271,0.9680624,3,1,EigenPlaces,msls,246
0.89565516,0.94253165,0,1,EigenPlaces,msls,247
0.6780007,0.91391987,6,0,EigenPlaces,msls,248
0.95551044,0.8959262,0,1,EigenPlaces,msls,249
0.5292266,0.8784244,4,0,EigenPlaces,msls,250
0.75110316,0.8993566,5,0,EigenPlaces,msls,251
0.7587209,0.97329557,8,1,EigenPlaces,msls,252
0.80889213,0.9059118,10,0,EigenPlaces,msls,253
0.8065047,0.9416328,5,0,EigenPlaces,msls,254
0.9022345,0.9259324,10,0,EigenPlaces,msls,255
0.9219478,0.9285728,0,1,EigenPlaces,msls,256
0.89284897,0.9268428,4,0,EigenPlaces,msls,257
0.68167096,0.9329339,3,0,EigenPlaces,msls,258
0.7395661,0.9324697,2,0,EigenPlaces,msls,259
0.7281879,0.8976807,2,1,EigenPlaces,msls,260
0.80628395,0.91803336,4,1,EigenPlaces,msls,261
0.7833781,0.9129871,7,0,EigenPlaces,msls,262
0.7676204,0.93914187,6,0,EigenPlaces,msls,263
0.57044375,0.91517353,2,0,EigenPlaces,msls,264
0.7879214,0.9435798,2,1,EigenPlaces,msls,265
0.97301865,0.9311948,0,1,EigenPlaces,msls,266
0.87786126,0.9108547,2,1,EigenPlaces,msls,267
0.84837055,0.9562255,7,0,EigenPlaces,msls,268
0.90960646,0.9657221,0,1,EigenPlaces,msls,269
0.43573153,0.836374,3,0,EigenPlaces,msls,270
0.90837723,0.92664254,0,1,EigenPlaces,msls,271
0.8138734,0.9233801,2,0,EigenPlaces,msls,272
0.652279,0.94622517,6,0,EigenPlaces,msls,273
0.60576075,0.9292153,3,0,EigenPlaces,msls,274
0.6266515,0.92161477,2,1,EigenPlaces,msls,275
0.8324472,0.8944445,3,0,EigenPlaces,msls,276
0.7350501,0.8871833,6,0,EigenPlaces,msls,277
0.5758127,0.9536881,6,1,EigenPlaces,msls,278
0.6781423,0.91305816,3,1,EigenPlaces,msls,279
0.7415013,0.8830086,7,0,EigenPlaces,msls,280
0.79613507,0.90990484,10,0,EigenPlaces,msls,281
0.67826426,0.8443986,5,0,EigenPlaces,msls,282
0.7736503,0.9083172,10,0,EigenPlaces,msls,283
0.70593643,0.9078554,4,0,EigenPlaces,msls,284
0.48031408,0.9021734,2,0,EigenPlaces,msls,285
0.96709573,0.9611651,1,1,EigenPlaces,msls,286
0.7531279,0.93985915,8,0,EigenPlaces,msls,287
0.8316038,0.8876952,10,0,EigenPlaces,msls,288
0.7443248,0.896098,7,0,EigenPlaces,msls,289
0.91593057,0.93786836,9,0,EigenPlaces,msls,290
0.7298814,0.92713606,6,0,EigenPlaces,msls,291
0.9201741,0.9349123,10,0,EigenPlaces,msls,292
0.7299167,0.9395496,3,0,EigenPlaces,msls,293
0.904983,0.72220904,1,0,EigenPlaces,msls,294
0.9379245,0.9445907,4,1,EigenPlaces,msls,295
0.6941647,0.92980623,5,0,EigenPlaces,msls,296
0.86492383,0.94954765,4,0,EigenPlaces,msls,297
0.9685423,0.91035306,10,0,EigenPlaces,msls,298
0.83373374,0.95138204,10,0,EigenPlaces,msls,299
0.84679586,0.8560213,3,0,EigenPlaces,msls,300
0.6749648,0.96088815,6,0,EigenPlaces,msls,301
0.556739,0.94105995,2,1,EigenPlaces,msls,302
0.8820251,0.9315677,0,1,EigenPlaces,msls,303
0.5859448,0.9333359,3,1,EigenPlaces,msls,304
0.7779411,0.948426,10,0,EigenPlaces,msls,305
0.5014742,0.88878345,6,0,EigenPlaces,msls,306
0.61638963,0.9272722,7,0,EigenPlaces,msls,307
0.5085573,0.89124846,2,0,EigenPlaces,msls,308
0.9232476,0.9110019,6,0,EigenPlaces,msls,309
0.6946051,0.9266913,2,0,EigenPlaces,msls,310
0.61418307,0.93716586,5,0,EigenPlaces,msls,311
0.6027776,0.93235636,3,1,EigenPlaces,msls,312
0.91111946,0.9343574,3,0,EigenPlaces,msls,313
0.87456304,0.9472616,8,0,EigenPlaces,msls,314
0.9480144,0.9099717,4,1,EigenPlaces,msls,315
0.7988893,0.92850155,2,0,EigenPlaces,msls,316
0.91021013,0.9255594,0,1,EigenPlaces,msls,317
0.75891864,0.9345149,2,1,EigenPlaces,msls,318
0.6773373,0.90803194,7,0,EigenPlaces,msls,319
0.90791523,0.9676082,3,1,EigenPlaces,msls,320
0.7981708,0.93128663,5,0,EigenPlaces,msls,321
0.8333453,0.8953409,3,0,EigenPlaces,msls,322
0.745082,0.9279667,2,1,EigenPlaces,msls,323
0.7198014,0.9030913,9,0,EigenPlaces,msls,324
0.6862098,0.96401536,4,0,EigenPlaces,msls,325
0.7526998,0.9492612,5,1,EigenPlaces,msls,326
0.8628566,0.944291,3,0,EigenPlaces,msls,327
0.70771515,0.78733736,3,0,EigenPlaces,msls,328
0.8460859,0.940797,2,1,EigenPlaces,msls,329
0.8253137,0.9398672,4,1,EigenPlaces,msls,330
0.9046472,0.92651105,2,1,EigenPlaces,msls,331
0.75854796,0.9457861,5,0,EigenPlaces,msls,332
0.86357844,0.8954625,3,1,EigenPlaces,msls,333
0.7427716,0.8716453,5,0,EigenPlaces,msls,334
0.59193736,0.8531836,5,0,EigenPlaces,msls,335
0.6473218,0.8830598,6,0,EigenPlaces,msls,336
0.6652274,0.9216627,9,0,EigenPlaces,msls,337
0.7373212,0.9584435,4,1,EigenPlaces,msls,338
0.4954033,0.86075485,3,0,EigenPlaces,msls,339
0.78315336,0.8348311,3,0,EigenPlaces,msls,340
0.75790435,0.95832384,4,1,EigenPlaces,msls,341
0.6160215,0.89990747,3,0,EigenPlaces,msls,342
0.46161208,0.84645176,3,0,EigenPlaces,msls,343
0.7919956,0.91025627,3,0,EigenPlaces,msls,344
0.7458931,0.90488565,9,0,EigenPlaces,msls,345
0.44284928,0.88171136,5,0,EigenPlaces,msls,346
0.52537715,0.90673506,5,0,EigenPlaces,msls,347
0.66627455,0.8506199,6,0,EigenPlaces,msls,348
0.817279,0.8991206,1,0,EigenPlaces,msls,349
0.843805,0.9128889,5,1,EigenPlaces,msls,350
0.5117792,0.94942164,3,1,EigenPlaces,msls,351
0.49736768,0.8954861,5,0,EigenPlaces,msls,352
0.50955117,0.85247135,2,0,EigenPlaces,msls,353
0.7307274,0.9207064,3,0,EigenPlaces,msls,354
0.55031526,0.92417085,5,0,EigenPlaces,msls,355
0.60894644,0.93522316,3,0,EigenPlaces,msls,356
0.68346953,0.96170115,3,1,EigenPlaces,msls,357
0.5699147,0.9425007,5,0,EigenPlaces,msls,358
0.8361636,0.89220357,2,1,EigenPlaces,msls,359
0.569962,0.8886864,5,0,EigenPlaces,msls,360
0.9094496,0.9454677,1,1,EigenPlaces,msls,361
0.4927428,0.931195,5,0,EigenPlaces,msls,362
0.44006127,0.8283645,1,0,EigenPlaces,msls,363
0.59924483,0.92602646,0,1,EigenPlaces,msls,364
0.72932076,0.94537234,9,0,EigenPlaces,msls,365
0.4976403,0.89573634,3,0,EigenPlaces,msls,366
0.86926126,0.97136855,10,0,EigenPlaces,msls,367
0.2980976,0.8868251,2,1,EigenPlaces,msls,368
0.5453665,0.91126096,2,0,EigenPlaces,msls,369
0.7099666,0.9100542,2,1,EigenPlaces,msls,370
0.34203684,0.928236,2,0,EigenPlaces,msls,371
0.46714282,0.88292444,5,0,EigenPlaces,msls,372
0.432172,0.9163263,1,1,EigenPlaces,msls,373
0.372711,0.92023414,1,0,EigenPlaces,msls,374
0.44080263,0.8921726,4,0,EigenPlaces,msls,375
0.66399634,0.8683728,2,0,EigenPlaces,msls,376
0.5724087,0.92141783,2,0,EigenPlaces,msls,377
0.49103925,0.93712854,3,0,EigenPlaces,msls,378
0.7212807,0.9519027,10,0,EigenPlaces,msls,379
0.55796057,0.8654032,4,0,EigenPlaces,msls,380
0.39704627,0.93939894,4,0,EigenPlaces,msls,381
0.63478667,0.93051165,5,0,EigenPlaces,msls,382
0.5710827,0.8874264,4,0,EigenPlaces,msls,383
0.41576454,0.9369981,2,0,EigenPlaces,msls,384
0.67808974,0.8937919,1,0,EigenPlaces,msls,385
0.5432343,0.9480417,6,0,EigenPlaces,msls,386
0.6770926,0.9242073,7,0,EigenPlaces,msls,387
0.80039513,0.930496,10,0,EigenPlaces,msls,388
0.7674571,0.96560204,9,0,EigenPlaces,msls,389
0.89165235,0.94153833,9,0,EigenPlaces,msls,390
0.63875353,0.9674947,3,1,EigenPlaces,msls,391
0.50885844,0.9169062,5,0,EigenPlaces,msls,392
0.34747118,0.9149413,3,0,EigenPlaces,msls,393
0.6050658,0.8810787,1,0,EigenPlaces,msls,394
0.6051928,0.98201275,7,0,EigenPlaces,msls,395
0.40264535,0.96264565,3,0,EigenPlaces,msls,396
0.57034874,0.8878008,8,0,EigenPlaces,msls,397
0.65976524,0.8824183,6,0,EigenPlaces,msls,398
0.5690563,0.95623165,2,1,EigenPlaces,msls,399
0.6689741,0.94163585,6,0,EigenPlaces,msls,400
0.6449957,0.9389763,3,1,EigenPlaces,msls,401
0.72326314,0.9423727,7,0,EigenPlaces,msls,402
0.4747988,0.9088023,6,0,EigenPlaces,msls,403
0.7417314,0.9722888,7,1,EigenPlaces,msls,404
0.7352544,0.94929135,6,0,EigenPlaces,msls,405
0.4794042,0.9570248,4,1,EigenPlaces,msls,406
0.42459673,0.83817255,5,0,EigenPlaces,msls,407
0.9614998,0.94793963,10,0,EigenPlaces,msls,408
0.48066264,0.94142485,4,0,EigenPlaces,msls,409
0.44283387,0.9151709,5,0,EigenPlaces,msls,410
0.4194374,0.907411,4,0,EigenPlaces,msls,411
0.55516887,0.9505906,4,0,EigenPlaces,msls,412
0.81716436,0.94115657,6,0,EigenPlaces,msls,413
0.57953036,0.946126,4,1,EigenPlaces,msls,414
0.81209886,0.9532376,10,0,EigenPlaces,msls,415
0.7349496,0.90396905,2,1,EigenPlaces,msls,416
0.34281468,0.8308227,2,0,EigenPlaces,msls,417
0.8218566,0.94004464,9,0,EigenPlaces,msls,418
0.6336309,0.91121936,7,1,EigenPlaces,msls,419
0.43417853,0.9424608,6,0,EigenPlaces,msls,420
0.7760791,0.90407443,3,0,EigenPlaces,msls,421
0.6519818,0.8674265,2,0,EigenPlaces,msls,422
0.48456943,0.93511647,5,0,EigenPlaces,msls,423
0.42993867,0.8221996,5,0,EigenPlaces,msls,424
0.9229334,0.93895966,4,0,EigenPlaces,msls,425
0.5791979,0.8580805,3,0,EigenPlaces,msls,426
0.5041411,0.811052,2,1,EigenPlaces,msls,427
0.721836,0.88647246,2,1,EigenPlaces,msls,428
0.7930831,0.9342101,10,0,EigenPlaces,msls,429
0.5260018,0.8637824,1,0,EigenPlaces,msls,430
0.46984553,0.84955037,10,0,EigenPlaces,msls,431
0.5482925,0.8950107,3,1,EigenPlaces,msls,432
0.32962102,0.83928084,3,0,EigenPlaces,msls,433
0.55471265,0.9387623,7,0,EigenPlaces,msls,434
0.8125781,0.8189956,10,0,EigenPlaces,msls,435
0.43824226,0.9448669,3,1,EigenPlaces,msls,436
0.93184793,0.9586679,1,1,EigenPlaces,msls,437
0.40260494,0.7754493,1,0,EigenPlaces,msls,438
0.52215445,0.9277263,5,1,EigenPlaces,msls,439
0.5248147,0.92187244,7,0,EigenPlaces,msls,440
0.68407655,0.9605857,8,0,EigenPlaces,msls,441
0.5071034,0.87848514,2,1,EigenPlaces,msls,442
0.5177379,0.8379415,6,0,EigenPlaces,msls,443
0.33890438,0.8894471,2,0,EigenPlaces,msls,444
0.654937,0.9499512,6,0,EigenPlaces,msls,445
0.82991934,0.9451561,1,1,EigenPlaces,msls,446
0.8201388,0.90156144,7,0,EigenPlaces,msls,447
0.38939944,0.7900408,4,0,EigenPlaces,msls,448
0.506021,0.9086697,4,0,EigenPlaces,msls,449
0.52828544,0.9062736,3,0,EigenPlaces,msls,450
0.68655527,0.922058,3,1,EigenPlaces,msls,451
0.46999007,0.9252752,4,1,EigenPlaces,msls,452
0.646111,0.9590694,3,1,EigenPlaces,msls,453
0.44759744,0.8830406,6,0,EigenPlaces,msls,454
0.537578,0.92124844,7,0,EigenPlaces,msls,455
0.39380231,0.9403497,3,0,EigenPlaces,msls,456
0.8824742,0.9198235,4,1,EigenPlaces,msls,457
0.5469166,0.96004426,6,0,EigenPlaces,msls,458
0.6231952,0.90963763,2,1,EigenPlaces,msls,459
0.36045843,0.93051517,2,0,EigenPlaces,msls,460
0.5896411,0.9046701,1,1,EigenPlaces,msls,461
0.44767398,0.89034027,3,0,EigenPlaces,msls,462
0.9068144,0.9511247,10,0,EigenPlaces,msls,463
0.9508365,0.96360457,10,0,EigenPlaces,msls,464
0.78637207,0.9113639,6,0,EigenPlaces,msls,465
0.5587959,0.94769424,10,0,EigenPlaces,msls,466
0.5076131,0.91686153,4,0,EigenPlaces,msls,467
0.47674918,0.8911341,4,0,EigenPlaces,msls,468
0.73089373,0.9128558,0,1,EigenPlaces,msls,469
0.6540973,0.9141972,6,0,EigenPlaces,msls,470
0.7182582,0.9565636,7,0,EigenPlaces,msls,471
0.82599616,0.93278885,6,1,EigenPlaces,msls,472
0.85852766,0.93366134,3,0,EigenPlaces,msls,473
0.7505991,0.88530004,7,0,EigenPlaces,msls,474
0.5163203,0.8563647,2,0,EigenPlaces,msls,475
0.7489238,0.92807204,5,0,EigenPlaces,msls,476
0.8216777,0.90048575,10,0,EigenPlaces,msls,477
0.8591865,0.9093027,10,0,EigenPlaces,msls,478
0.6274239,0.9559524,6,0,EigenPlaces,msls,479
0.72631097,0.959093,10,0,EigenPlaces,msls,480
0.61856574,0.9395876,4,0,EigenPlaces,msls,481
0.80010676,0.91552854,4,0,EigenPlaces,msls,482
0.5227461,0.8845735,4,0,EigenPlaces,msls,483
0.8976668,0.91766167,10,0,EigenPlaces,msls,484
0.568419,0.8865774,5,1,EigenPlaces,msls,485
0.6773814,0.87588555,5,0,EigenPlaces,msls,486
0.65117526,0.9714606,5,0,EigenPlaces,msls,487
0.68551344,0.9387637,3,0,EigenPlaces,msls,488
0.6468184,0.9166267,9,0,EigenPlaces,msls,489
0.9096077,0.93493354,9,0,EigenPlaces,msls,490
0.81799334,0.9239509,8,0,EigenPlaces,msls,491
0.8953959,0.92154014,10,0,EigenPlaces,msls,492
0.71547925,0.92548937,5,0,EigenPlaces,msls,493
0.50641495,0.93498456,2,1,EigenPlaces,msls,494
0.39963174,0.90935516,4,0,EigenPlaces,msls,495
0.708927,0.9144079,5,0,EigenPlaces,msls,496
0.5627728,0.9024947,2,0,EigenPlaces,msls,497
0.76777375,0.86549526,3,0,EigenPlaces,msls,498
0.94845366,0.9699446,8,0,EigenPlaces,msls,499
0.8397258,0.8596277,0,1,EigenPlaces,msls,500
0.79775476,0.90660083,8,0,EigenPlaces,msls,501
0.74156225,0.9502523,7,0,EigenPlaces,msls,502
0.715024,0.8885269,6,0,EigenPlaces,msls,503
0.45467362,0.92084956,7,0,EigenPlaces,msls,504
0.8412149,0.94667184,10,0,EigenPlaces,msls,505
0.97493464,0.93989027,0,1,EigenPlaces,msls,506
0.9707161,0.88103485,4,0,EigenPlaces,msls,507
0.5389643,0.92234075,5,0,EigenPlaces,msls,508
0.8758918,0.9606644,8,0,EigenPlaces,msls,509
0.72290075,0.95807993,5,1,EigenPlaces,msls,510
0.77190614,0.8950714,9,0,EigenPlaces,msls,511
0.7108682,0.96184194,5,1,EigenPlaces,msls,512
0.33018225,0.86942804,2,0,EigenPlaces,msls,513
0.6671232,0.93309975,5,0,EigenPlaces,msls,514
0.7845367,0.9447341,2,1,EigenPlaces,msls,515
0.93171036,0.91310954,6,1,EigenPlaces,msls,516
0.5239869,0.7400379,3,0,EigenPlaces,msls,517
0.7412573,0.8980436,2,1,EigenPlaces,nordland,0
0.84977156,0.90429556,3,1,EigenPlaces,nordland,1
0.77023506,0.80273867,3,0,EigenPlaces,nordland,2
0.9024578,0.7535902,1,1,EigenPlaces,nordland,3
0.7499682,0.93139076,4,0,EigenPlaces,nordland,4
0.8106377,0.8570396,3,0,EigenPlaces,nordland,5
0.76115596,0.926687,2,1,EigenPlaces,nordland,6
0.53155303,0.91550875,7,1,EigenPlaces,nordland,7
0.7919085,0.8575559,6,1,EigenPlaces,nordland,8
0.85748833,0.84895635,5,1,EigenPlaces,nordland,9
0.7413388,0.88899744,4,0,EigenPlaces,nordland,10
0.8955653,0.9522644,4,1,EigenPlaces,nordland,11
0.7281114,0.85191274,4,0,EigenPlaces,nordland,12
0.8282212,0.8996035,4,0,EigenPlaces,nordland,13
0.8133737,0.8214406,2,1,EigenPlaces,nordland,14
0.7327238,0.86936855,2,0,EigenPlaces,nordland,15
0.8123684,0.8214159,2,1,EigenPlaces,nordland,16
0.7241167,0.86420536,1,1,EigenPlaces,nordland,17
0.8982066,0.89183235,2,1,EigenPlaces,nordland,18
0.7921623,0.8786932,2,1,EigenPlaces,nordland,19
0.92791,0.77736205,2,1,EigenPlaces,nordland,20
0.6921035,0.8039662,3,1,EigenPlaces,nordland,21
0.8946933,0.9623034,6,0,EigenPlaces,nordland,22
0.750028,0.92164433,1,1,EigenPlaces,nordland,23
0.8217146,0.89747775,2,1,EigenPlaces,nordland,24
0.9249667,0.86670923,0,1,EigenPlaces,nordland,25
0.90605223,0.8586904,2,1,EigenPlaces,nordland,26
0.9386153,0.94952404,2,1,EigenPlaces,nordland,27
0.83280456,0.97065055,3,1,EigenPlaces,nordland,28
0.77032197,0.8359223,4,0,EigenPlaces,nordland,29
0.8177847,0.89563465,4,0,EigenPlaces,nordland,30
0.9259088,0.9006117,3,1,EigenPlaces,nordland,31
0.83753467,0.8544657,4,0,EigenPlaces,nordland,32
0.80443954,0.88315874,2,1,EigenPlaces,nordland,33
0.8951592,0.9421658,3,0,EigenPlaces,nordland,34
0.8838568,0.892979,3,1,EigenPlaces,nordland,35
0.71307206,0.9210743,1,1,EigenPlaces,nordland,36
0.8513149,0.88512766,1,1,EigenPlaces,nordland,37
0.789894,0.86500525,3,1,EigenPlaces,nordland,38
0.88705325,0.8710049,0,1,EigenPlaces,nordland,39
0.8505601,0.84341073,2,1,EigenPlaces,nordland,40
0.80720794,0.95302165,3,0,EigenPlaces,nordland,41
0.8320287,0.95066094,2,1,EigenPlaces,nordland,42
0.80432856,0.9322026,3,1,EigenPlaces,nordland,43
0.8168137,0.95474434,5,1,EigenPlaces,nordland,44
0.847553,0.9556252,3,1,EigenPlaces,nordland,45
0.8306731,0.93154395,2,1,EigenPlaces,nordland,46
0.9085152,0.76686966,5,1,EigenPlaces,nordland,47
0.90957713,0.86237794,3,1,EigenPlaces,nordland,48
0.9456819,0.9314196,0,1,EigenPlaces,nordland,49
0.7925916,0.9074708,0,1,EigenPlaces,nordland,50
0.6625808,0.81058323,0,1,EigenPlaces,nordland,51
0.68641365,0.9111545,0,1,EigenPlaces,nordland,52
0.77376664,0.79175127,1,0,EigenPlaces,nordland,53
0.9369054,0.9382509,1,1,EigenPlaces,nordland,54
0.8255948,0.94351625,4,0,EigenPlaces,nordland,55
0.8112236,0.94100225,2,0,EigenPlaces,nordland,56
0.8337212,0.9258276,1,1,EigenPlaces,nordland,57
0.74552107,0.9326234,2,1,EigenPlaces,nordland,58
0.7419716,0.83903,1,1,EigenPlaces,nordland,59
0.6867616,0.8784592,1,1,EigenPlaces,nordland,60
0.7077099,0.7595484,2,1,EigenPlaces,nordland,61
0.60994494,0.7968284,1,1,EigenPlaces,nordland,62
0.8863636,0.82573926,0,1,EigenPlaces,nordland,63
0.8316518,0.85585904,3,0,EigenPlaces,nordland,64
0.8766631,0.9341922,2,1,EigenPlaces,nordland,65
0.7550674,0.93584025,5,1,EigenPlaces,nordland,66
0.84453434,0.89912426,0,1,EigenPlaces,nordland,67
0.88516843,0.90678793,0,1,EigenPlaces,nordland,68
0.85720396,0.92601395,0,1,EigenPlaces,nordland,69
0.6772826,0.9393391,0,1,EigenPlaces,nordland,70
0.5956359,0.9433494,0,1,EigenPlaces,nordland,71
0.6731198,0.95530117,1,1,EigenPlaces,nordland,72
0.88419104,0.87375253,1,1,EigenPlaces,nordland,73
0.89376986,0.9010485,0,1,EigenPlaces,nordland,74
0.8066951,0.7943591,0,1,EigenPlaces,nordland,75
0.7967282,0.91340387,0,1,EigenPlaces,nordland,76
0.9018183,0.85519123,4,1,EigenPlaces,nordland,77
0.89466584,0.8816806,0,1,EigenPlaces,nordland,78
0.88311815,0.8904408,0,1,EigenPlaces,nordland,79
0.89037627,0.91858363,0,1,EigenPlaces,nordland,80
0.8714725,0.9556277,0,1,EigenPlaces,nordland,81
0.8130083,0.93434405,0,1,EigenPlaces,nordland,82
0.9376049,0.9609949,1,1,EigenPlaces,nordland,83
0.9231405,0.85575306,1,1,EigenPlaces,nordland,84
0.8825581,0.87737143,0,1,EigenPlaces,nordland,85
0.78714097,0.9757429,0,1,EigenPlaces,nordland,86
0.55704284,0.89575666,0,1,EigenPlaces,nordland,87
0.7818747,0.88399416,3,1,EigenPlaces,nordland,88
0.7021886,0.92816365,0,1,EigenPlaces,nordland,89
0.62003064,0.91982937,0,1,EigenPlaces,nordland,90
0.661044,0.9539459,0,1,EigenPlaces,nordland,91
0.6890287,0.8170137,0,1,EigenPlaces,nordland,92
0.8211023,0.8170137,0,1,EigenPlaces,nordland,93
0.8585794,0.9231999,5,1,EigenPlaces,nordland,94
0.8056497,0.77822185,0,1,EigenPlaces,nordland,95
0.92846704,0.94867194,3,1,EigenPlaces,nordland,96
0.88855284,0.9947063,5,0,EigenPlaces,nordland,97
0.8516277,0.8045055,7,1,EigenPlaces,nordland,98
0.8532226,0.9514905,2,1,EigenPlaces,nordland,99
0.8821607,0.7922637,7,1,EigenPlaces,nordland,100
0.93712246,0.96524155,7,1,EigenPlaces,nordland,101
0.8749243,0.9791964,8,1,EigenPlaces,nordland,102
0.87132907,0.95144314,8,1,EigenPlaces,nordland,103
0.8643981,0.9743612,7,1,EigenPlaces,nordland,104
0.8001303,0.961455,0,1,EigenPlaces,nordland,105
0.84910566,0.95208234,0,1,EigenPlaces,nordland,106
0.8311144,0.9279853,0,1,EigenPlaces,nordland,107
0.88817465,0.87334865,1,1,EigenPlaces,nordland,108
0.87788683,0.87334865,1,1,EigenPlaces,nordland,109
0.8284836,0.87770575,1,1,EigenPlaces,nordland,110
0.93735015,0.954085,1,1,EigenPlaces,nordland,111
0.8567781,0.87334865,1,1,EigenPlaces,nordland,112
0.8835393,0.87334865,1,1,EigenPlaces,nordland,113
0.8849021,0.87334865,1,1,EigenPlaces,nordland,114
0.8649448,0.87334865,1,1,EigenPlaces,nordland,115
0.8914409,0.87334865,1,1,EigenPlaces,nordland,116
0.8861991,0.9743612,5,1,EigenPlaces,nordland,117
0.8736061,0.9743612,4,1,EigenPlaces,nordland,118
0.8812897,0.9743612,4,1,EigenPlaces,nordland,119
0.87480736,0.9743612,3,1,EigenPlaces,nordland,120
0.8627725,0.9743612,2,1,EigenPlaces,nordland,121
0.7910997,0.9152168,1,1,EigenPlaces,nordland,122
0.87639666,0.9743612,1,1,EigenPlaces,nordland,123
0.8838294,0.9743612,0,1,EigenPlaces,nordland,124
0.88505864,0.9743612,0,1,EigenPlaces,nordland,125
0.87978905,0.9743612,1,1,EigenPlaces,nordland,126
0.87512416,0.9743612,1,1,EigenPlaces,nordland,127
0.8995186,0.9743612,0,1,EigenPlaces,nordland,128
0.8944663,0.9743612,0,1,EigenPlaces,nordland,129
0.8860527,0.9743612,0,1,EigenPlaces,nordland,130
0.89410305,0.9743612,0,1,EigenPlaces,nordland,131
0.8904582,0.9743612,0,1,EigenPlaces,nordland,132
0.87458134,0.91317105,6,0,EigenPlaces,nordland,133
0.8981596,0.9743612,0,1,EigenPlaces,nordland,134
0.87756,0.9743612,0,1,EigenPlaces,nordland,135
0.8587394,0.9967738,1,1,EigenPlaces,nordland,136
0.8581207,0.95078075,1,1,EigenPlaces,nordland,137
0.9095597,0.9223753,2,1,EigenPlaces,nordland,138
0.9949089,0.9857048,1,1,EigenPlaces,nordland,139
0.9954343,1.0,1,1,EigenPlaces,nordland,140
0.86622727,0.95779735,6,0,EigenPlaces,nordland,141
0.8150587,0.8043655,5,0,EigenPlaces,nordland,142
0.7738908,0.80116594,3,0,EigenPlaces,nordland,143
0.87709045,0.93704355,1,1,EigenPlaces,nordland,144
0.6724713,0.899488,6,0,EigenPlaces,nordland,145
0.47155577,0.8757345,5,0,EigenPlaces,nordland,146
0.54327106,0.88877,7,0,EigenPlaces,nordland,147
0.54676056,0.9396912,4,1,EigenPlaces,nordland,148
0.6241568,0.9266108,3,1,EigenPlaces,nordland,149
0.73223734,0.94598883,5,1,EigenPlaces,nordland,150
0.5764983,0.75679684,4,1,EigenPlaces,nordland,151
0.7812281,0.8995993,4,1,EigenPlaces,nordland,152
0.83583,0.9172497,6,1,EigenPlaces,nordland,153
0.59708035,0.87049913,4,1,EigenPlaces,nordland,154
0.6960849,0.92632365,2,1,EigenPlaces,nordland,155
0.74146736,0.9432839,2,1,EigenPlaces,nordland,156
0.8771877,0.9002665,2,1,EigenPlaces,nordland,157
0.643915,0.904867,2,1,EigenPlaces,nordland,158
0.66841465,0.95405674,4,1,EigenPlaces,nordland,159
0.6156006,0.9245052,3,0,EigenPlaces,nordland,160
0.72651285,0.931023,5,0,EigenPlaces,nordland,161
0.8229524,0.8452642,0,1,EigenPlaces,nordland,162
0.89885664,0.90827024,2,1,EigenPlaces,nordland,163
0.4923343,0.98785126,3,0,EigenPlaces,nordland,164
0.79111767,0.9105511,5,1,EigenPlaces,nordland,165
0.897827,0.8976648,7,1,EigenPlaces,nordland,166
0.76049,0.962296,5,1,EigenPlaces,nordland,167
0.774469,0.9741509,4,0,EigenPlaces,nordland,168
0.77326083,0.99445856,3,1,EigenPlaces,nordland,169
0.74670875,0.8387604,3,1,EigenPlaces,nordland,170
0.7442634,0.9059346,5,0,EigenPlaces,nordland,171
0.81963015,0.99516284,5,1,EigenPlaces,nordland,172
0.85637623,0.8699613,4,1,EigenPlaces,nordland,173
0.8447521,0.89911854,2,1,EigenPlaces,nordland,174
0.77102244,0.8003613,3,1,EigenPlaces,nordland,175
0.8890403,0.85347295,2,1,EigenPlaces,nordland,176
0.7913261,0.8904257,5,0,EigenPlaces,nordland,177
0.79258,0.9061098,4,1,EigenPlaces,nordland,178
0.8235903,0.9166285,4,1,EigenPlaces,nordland,179
0.7122948,0.9301288,5,1,EigenPlaces,nordland,180
0.94429344,0.9449288,7,1,EigenPlaces,nordland,181
0.8735289,0.9632387,3,1,EigenPlaces,nordland,182
0.96627223,0.8944684,3,1,EigenPlaces,nordland,183
0.7207943,0.88186264,5,1,EigenPlaces,nordland,184
0.9037481,0.7871623,6,1,EigenPlaces,nordland,185
0.919837,0.75387466,6,0,EigenPlaces,nordland,186
0.91310036,0.78617585,6,0,EigenPlaces,nordland,187
0.90073204,0.8806384,3,1,EigenPlaces,nordland,188
0.931829,0.7730807,6,1,EigenPlaces,nordland,189
0.91607237,0.78617585,6,0,EigenPlaces,nordland,190
0.91525686,0.8175322,6,1,EigenPlaces,nordland,191
0.67508495,0.85360646,5,0,EigenPlaces,nordland,192
0.84777725,0.80610186,5,1,EigenPlaces,nordland,193
0.76918846,0.94027865,7,1,EigenPlaces,nordland,194
0.73868287,0.9377357,4,0,EigenPlaces,nordland,195
0.76887244,0.9460078,6,0,EigenPlaces,nordland,196
0.90273094,0.86334413,2,1,EigenPlaces,nordland,197
0.85745764,0.9668417,4,1,EigenPlaces,nordland,198
0.92818403,0.892019,3,1,EigenPlaces,nordland,199
0.9127588,0.91678244,4,1,EigenPlaces,nordland,200
0.7417445,0.942438,3,0,EigenPlaces,nordland,201
0.48868525,0.7073694,4,1,EigenPlaces,nordland,202
0.6285662,0.8885783,5,0,EigenPlaces,nordland,203
0.90172327,0.9622079,9,0,EigenPlaces,nordland,204
0.8831336,0.8938707,8,0,EigenPlaces,nordland,205
0.8683129,0.88835144,10,0,EigenPlaces,nordland,206
0.79055834,0.9379661,7,1,EigenPlaces,nordland,207
0.7979193,0.94467664,7,1,EigenPlaces,nordland,208
0.6858082,0.97252476,8,0,EigenPlaces,nordland,209
0.6719054,0.9222226,7,0,EigenPlaces,nordland,210
0.6451944,0.97233415,8,0,EigenPlaces,nordland,211
0.6004902,0.93307716,9,0,EigenPlaces,nordland,212
0.5857229,0.929182,6,0,EigenPlaces,nordland,213
0.6265465,0.95685863,4,1,EigenPlaces,nordland,214
0.7468269,0.9444165,4,1,EigenPlaces,nordland,215
0.7942102,0.9790069,6,0,EigenPlaces,nordland,216
0.56965506,0.9595209,4,0,EigenPlaces,nordland,217
0.7210301,0.97128713,5,0,EigenPlaces,nordland,218
0.8435911,0.9617162,2,0,EigenPlaces,nordland,219
0.75198424,0.90175664,4,0,EigenPlaces,nordland,220
0.9104826,0.8754458,6,1,EigenPlaces,nordland,221
0.8065286,0.9216307,1,1,EigenPlaces,nordland,222
0.7516284,0.8377698,5,0,EigenPlaces,nordland,223
0.9299805,0.88697374,2,0,EigenPlaces,nordland,224
0.9149187,0.83924645,6,0,EigenPlaces,nordland,225
0.75481933,0.95004857,7,0,EigenPlaces,nordland,226
0.86885476,0.8998413,2,1,EigenPlaces,nordland,227
0.43294784,0.8851514,1,1,EigenPlaces,nordland,228
0.8766212,0.7257427,2,0,EigenPlaces,nordland,229
0.838433,0.83566236,4,0,EigenPlaces,nordland,230
0.8873593,0.90681505,4,0,EigenPlaces,nordland,231
0.94117975,0.89556754,4,0,EigenPlaces,nordland,232
0.8706087,0.8714342,6,1,EigenPlaces,nordland,233
0.8663726,0.9198464,3,1,EigenPlaces,nordland,234
0.82661116,0.93883926,5,1,EigenPlaces,nordland,235
0.76226974,0.9239359,4,0,EigenPlaces,nordland,236
0.76755595,0.8639425,2,1,EigenPlaces,nordland,237
0.82334125,0.85301113,0,1,EigenPlaces,nordland,238
0.9316156,0.91324186,3,1,EigenPlaces,nordland,239
0.8764669,0.95802414,2,1,EigenPlaces,nordland,240
0.8830315,0.9380456,4,1,EigenPlaces,nordland,241
0.8988236,0.917644,0,1,EigenPlaces,nordland,242
0.93325853,0.9410333,2,0,EigenPlaces,nordland,243
0.6971593,0.9124347,2,1,EigenPlaces,nordland,244
0.8230914,0.8182534,3,1,EigenPlaces,nordland,245
0.59924,0.8683574,3,0,EigenPlaces,nordland,246
0.7158394,0.9212804,4,1,EigenPlaces,nordland,247
0.7450414,0.9324075,2,0,EigenPlaces,nordland,248
0.7486374,0.8673266,5,0,EigenPlaces,nordland,249
0.5816107,0.9263808,5,0,EigenPlaces,nordland,250
0.6028135,0.9456552,2,1,EigenPlaces,nordland,251
0.8220353,0.86831367,3,1,EigenPlaces,nordland,252
0.7595506,0.91597354,3,1,EigenPlaces,nordland,253
0.8740895,0.92537045,6,0,EigenPlaces,nordland,254
0.780656,0.88040286,5,1,EigenPlaces,nordland,255
0.8897613,0.842072,2,0,EigenPlaces,nordland,256
0.8599289,0.90681005,6,0,EigenPlaces,nordland,257
0.7808114,0.90310335,5,0,EigenPlaces,nordland,258
0.7033878,0.874845,4,1,EigenPlaces,nordland,259
0.8679035,0.9599787,7,1,EigenPlaces,nordland,260
0.81882656,0.8538306,4,1,EigenPlaces,nordland,261
0.84440464,0.9277038,5,0,EigenPlaces,nordland,262
0.8950702,0.9012629,2,0,EigenPlaces,nordland,263
0.68304753,0.90207493,1,1,EigenPlaces,nordland,264
0.94589186,0.8175322,2,0,EigenPlaces,nordland,265
0.6837458,0.91920906,2,0,EigenPlaces,nordland,266
0.9500711,0.8175322,2,0,EigenPlaces,nordland,267
0.9311778,0.75387466,2,1,EigenPlaces,nordland,268
0.8040728,0.93890655,4,1,EigenPlaces,nordland,269
0.8824353,0.9860436,4,1,EigenPlaces,nordland,270
0.85774434,0.8703666,4,0,EigenPlaces,nordland,271
0.83582056,0.8913678,5,0,EigenPlaces,nordland,272
0.6175131,0.9279403,6,0,EigenPlaces,nordland,273
0.82282853,0.8165423,5,0,EigenPlaces,nordland,274
0.8165728,0.8672092,4,0,EigenPlaces,nordland,275
0.6926385,0.97209966,4,0,EigenPlaces,nordland,276
0.723601,0.8587869,4,1,EigenPlaces,nordland,277
0.78596294,0.88435996,4,0,EigenPlaces,nordland,278
0.86174417,0.9060255,3,1,EigenPlaces,nordland,279
0.94688106,0.9175985,5,0,EigenPlaces,nordland,280
0.68373704,0.92848396,4,1,EigenPlaces,nordland,281
0.8666727,0.97548604,5,0,EigenPlaces,nordland,282
0.8985809,0.9221914,3,0,EigenPlaces,nordland,283
0.84114456,0.846925,5,0,EigenPlaces,nordland,284
0.73621714,0.9276415,4,1,EigenPlaces,nordland,285
0.87863433,0.8670671,8,0,EigenPlaces,nordland,286
0.7949999,0.9697206,6,0,EigenPlaces,nordland,287
0.87061554,0.86726177,3,1,EigenPlaces,nordland,288
0.91813564,0.90474313,6,0,EigenPlaces,nordland,289
0.91666436,0.9458662,6,0,EigenPlaces,nordland,290
0.9225233,0.91560555,5,0,EigenPlaces,nordland,291
0.905499,0.89422566,5,0,EigenPlaces,nordland,292
0.9273226,0.966633,1,1,EigenPlaces,nordland,293
0.81235516,0.885826,9,0,EigenPlaces,nordland,294
0.82655406,0.9141662,5,1,EigenPlaces,nordland,295
0.8860059,0.8733493,4,1,EigenPlaces,nordland,296
0.87266624,0.8934462,7,0,EigenPlaces,nordland,297
0.8323764,0.8714037,6,0,EigenPlaces,nordland,298
0.9261069,0.88219845,2,1,EigenPlaces,nordland,299
0.8043746,0.87845117,7,0,EigenPlaces,nordland,300
0.5786629,0.9244388,8,0,EigenPlaces,nordland,301
0.69064283,0.8759186,7,0,EigenPlaces,nordland,302
0.9597455,0.80335116,7,0,EigenPlaces,nordland,303
0.92808163,0.9529919,3,1,EigenPlaces,nordland,304
0.90876585,0.9168029,5,1,EigenPlaces,nordland,305
0.79380274,0.92550176,4,1,EigenPlaces,nordland,306
0.9337723,0.900824,5,1,EigenPlaces,nordland,307
0.80844736,0.96740115,5,0,EigenPlaces,nordland,308
0.92104936,0.9590279,4,0,EigenPlaces,nordland,309
0.91039956,0.9115416,2,1,EigenPlaces,nordland,310
0.78816247,0.919186,4,0,EigenPlaces,nordland,311
0.67581654,0.9232166,6,0,EigenPlaces,nordland,312
0.7059643,0.92318493,2,0,EigenPlaces,nordland,313
0.8185296,0.95492303,4,1,EigenPlaces,nordland,314
0.8592119,0.8955965,5,0,EigenPlaces,nordland,315
0.88759434,0.95855,5,1,EigenPlaces,nordland,316
0.9420568,0.907319,5,1,EigenPlaces,nordland,317
0.7701963,0.8493041,5,1,EigenPlaces,nordland,318
0.83344567,0.8643885,2,0,EigenPlaces,nordland,319
0.81354254,0.87103415,2,0,EigenPlaces,nordland,320
0.8556597,0.95791507,2,0,EigenPlaces,nordland,321
0.6563413,0.9110886,5,1,EigenPlaces,nordland,322
0.81680775,0.9260116,6,0,EigenPlaces,nordland,323
0.79606116,0.88137615,7,1,EigenPlaces,nordland,324
0.7652929,0.91829085,6,1,EigenPlaces,nordland,325
0.75054306,0.94721544,4,0,EigenPlaces,nordland,326
0.46456802,0.8188726,1,1,EigenPlaces,nordland,327
0.90917045,0.84561884,2,1,EigenPlaces,nordland,328
0.94449604,0.7774998,3,1,EigenPlaces,nordland,329
0.84845376,0.8254597,2,1,EigenPlaces,nordland,330
0.9069811,0.874145,3,1,EigenPlaces,nordland,331
0.8430461,0.89500827,2,0,EigenPlaces,nordland,332
0.9215342,0.8268894,0,1,EigenPlaces,nordland,333
0.86543494,0.8236239,5,0,EigenPlaces,nordland,334
0.78795725,0.8335583,4,0,EigenPlaces,nordland,335
0.9141948,0.92832357,8,0,EigenPlaces,nordland,336
0.6863781,0.81215656,3,1,EigenPlaces,nordland,337
0.7605964,0.7795346,4,1,EigenPlaces,nordland,338
0.78222555,0.82033455,6,0,EigenPlaces,nordland,339
0.7392366,0.91526115,1,1,EigenPlaces,nordland,340
0.65283215,0.9161258,4,1,EigenPlaces,nordland,341
0.80062366,0.95412886,4,1,EigenPlaces,nordland,342
0.87044024,0.82733667,7,0,EigenPlaces,nordland,343
0.6418783,0.75456154,0,1,EigenPlaces,nordland,344
0.6652314,0.8825309,6,0,EigenPlaces,nordland,345
0.79025906,0.8509337,5,1,EigenPlaces,nordland,346
0.8325672,0.93236876,7,0,EigenPlaces,nordland,347
0.89967597,0.78044134,6,0,EigenPlaces,nordland,348
0.9417685,0.9115896,1,1,EigenPlaces,nordland,349
0.75650716,0.83263427,3,0,EigenPlaces,nordland,350
0.5324174,0.86708444,5,1,EigenPlaces,nordland,351
0.79608643,0.8187023,1,1,EigenPlaces,nordland,352
0.9090026,0.89566207,1,1,EigenPlaces,nordland,353
0.9274293,0.91744554,3,0,EigenPlaces,nordland,354
0.9078016,0.71079224,0,1,EigenPlaces,nordland,355
0.93874234,0.79406095,3,1,EigenPlaces,nordland,356
0.8806143,0.8420273,5,1,EigenPlaces,nordland,357
0.64215624,0.89238906,6,0,EigenPlaces,nordland,358
0.7144529,0.79334915,6,1,EigenPlaces,nordland,359
0.6971251,0.93621016,5,1,EigenPlaces,nordland,360
0.71072304,0.9215887,7,0,EigenPlaces,nordland,361
0.73006666,0.8552761,4,1,EigenPlaces,nordland,362
0.8608587,0.9614076,1,1,EigenPlaces,nordland,363
0.72622097,0.8190597,4,0,EigenPlaces,nordland,364
0.7678864,0.884067,6,0,EigenPlaces,nordland,365
0.9430028,0.82048494,0,1,EigenPlaces,nordland,366
0.8495393,0.96605223,6,1,EigenPlaces,nordland,367
0.68573487,0.93195903,8,0,EigenPlaces,nordland,368
0.75855213,0.8792497,5,0,EigenPlaces,nordland,369
0.6706859,0.8716458,5,0,EigenPlaces,nordland,370
0.7314132,0.9228946,5,0,EigenPlaces,nordland,371
0.90518117,0.8397521,3,0,EigenPlaces,nordland,372
0.78651166,0.9136316,5,0,EigenPlaces,nordland,373
0.5840343,0.9235021,8,0,EigenPlaces,nordland,374
0.61169827,0.85486805,2,0,EigenPlaces,nordland,375
0.57937026,0.8605122,5,0,EigenPlaces,nordland,376
0.9547477,0.9034554,0,1,EigenPlaces,nordland,377
0.6697624,0.7812227,4,0,EigenPlaces,nordland,378
0.87636554,0.8774773,5,0,EigenPlaces,nordland,379
0.77615047,0.77520597,6,0,EigenPlaces,nordland,380
0.800081,0.90450203,4,0,EigenPlaces,nordland,381
0.7185283,0.8856905,4,0,EigenPlaces,nordland,382
0.6854124,0.80505794,2,0,EigenPlaces,nordland,383
0.61674964,0.9039922,4,0,EigenPlaces,nordland,384
0.7348398,0.7986151,4,1,EigenPlaces,nordland,385
0.8274097,0.89632034,2,1,EigenPlaces,nordland,386
0.7921097,0.97226644,2,1,EigenPlaces,nordland,387
0.8831997,0.88362753,2,1,EigenPlaces,nordland,388
0.827634,0.82859373,3,0,EigenPlaces,nordland,389
0.8288254,0.9057971,3,0,EigenPlaces,nordland,390
0.82852113,0.9308861,5,1,EigenPlaces,nordland,391
0.52532566,0.8286636,2,1,EigenPlaces,nordland,392
0.9534956,0.81002,1,1,EigenPlaces,nordland,393
0.5667476,0.78142285,1,0,EigenPlaces,nordland,394
0.70806575,0.8055594,2,1,EigenPlaces,nordland,395
0.6864802,0.9589792,4,0,EigenPlaces,nordland,396
0.83274347,0.8941106,4,1,EigenPlaces,nordland,397
0.7873173,0.8245455,7,0,EigenPlaces,nordland,398
0.88104016,0.8566755,3,1,EigenPlaces,nordland,399
0.8418914,0.9082731,0,1,CosPlace,amstertime,0
0.60842013,0.8865247,1,1,CosPlace,amstertime,1
0.9039897,0.91013336,0,1,CosPlace,amstertime,2
0.6975241,0.9356775,1,1,CosPlace,amstertime,3
0.70600474,0.890304,0,1,CosPlace,amstertime,4
0.7386298,0.9022088,0,1,CosPlace,amstertime,5
0.8510212,0.94826436,0,1,CosPlace,amstertime,6
0.8065069,0.9469924,1,1,CosPlace,amstertime,7
0.818596,0.9163448,1,1,CosPlace,amstertime,8
0.8835329,0.8945448,1,1,CosPlace,amstertime,9
0.9329344,0.9061277,0,1,CosPlace,amstertime,10
0.8811463,0.887972,1,1,CosPlace,amstertime,11
0.8811463,0.914039,1,1,CosPlace,amstertime,12
0.90957344,0.9049403,1,1,CosPlace,amstertime,13
0.819574,0.9025589,1,0,CosPlace,amstertime,14
0.8722681,0.87105083,0,1,CosPlace,amstertime,15
0.8373159,0.9427906,0,1,CosPlace,amstertime,16
0.7634501,0.9124661,1,1,CosPlace,amstertime,17
0.8587836,0.93897974,1,1,CosPlace,amstertime,18
0.88672847,0.90903926,0,1,CosPlace,amstertime,19
0.80742985,0.92702234,1,1,CosPlace,amstertime,20
0.8571547,0.85202026,0,1,CosPlace,amstertime,21
0.8039553,0.9151772,1,0,CosPlace,amstertime,22
0.9115094,0.93507963,1,0,CosPlace,amstertime,23
0.8604176,0.91451585,0,1,CosPlace,amstertime,24
0.7710462,0.9044665,0,1,CosPlace,amstertime,25
0.8258312,0.89662707,0,1,CosPlace,amstertime,26
0.8258312,0.9176758,1,1,CosPlace,amstertime,27
0.61464953,0.936231,1,0,CosPlace,amstertime,28
0.4327805,0.8425624,1,0,CosPlace,amstertime,29
0.82402194,0.91006076,1,0,CosPlace,amstertime,30
0.8810965,0.9445782,0,1,CosPlace,amstertime,31
0.81522167,0.90916586,1,1,CosPlace,amstertime,32
0.6657846,0.91498005,1,1,CosPlace,amstertime,33
0.8249722,0.9304434,0,1,CosPlace,amstertime,34
0.5329691,0.9100032,1,0,CosPlace,amstertime,35
0.8101606,0.9326933,0,1,CosPlace,amstertime,36
0.92983454,0.9444157,1,1,CosPlace,amstertime,37
0.81120855,0.82329285,0,1,CosPlace,amstertime,38
0.81120855,0.85360384,1,0,CosPlace,amstertime,39
0.7095649,0.94277936,1,1,CosPlace,amstertime,40
0.7652375,0.85763896,1,1,CosPlace,amstertime,41
0.65572405,0.84441936,1,0,CosPlace,amstertime,42
0.7705062,0.88521206,1,0,CosPlace,amstertime,43
0.59181213,0.92748463,1,1,CosPlace,amstertime,44
0.5786103,0.8983172,1,0,CosPlace,amstertime,45
0.7909584,0.81940234,1,0,CosPlace,amstertime,46
0.50590944,0.9014132,1,0,CosPlace,amstertime,47
0.8020408,0.8694306,1,1,CosPlace,amstertime,48
0.68777406,0.9228058,1,0,CosPlace,amstertime,49
0.7877115,0.9450574,1,0,CosPlace,amstertime,50
0.84426653,0.86990833,1,1,CosPlace,amstertime,51
0.6787362,0.86501104,1,0,CosPlace,amstertime,52
0.90750396,0.8775418,0,1,CosPlace,amstertime,53
0.87388235,0.9101464,1,1,CosPlace,amstertime,54
0.594967,0.84068483,1,0,CosPlace,amstertime,55
0.5637333,0.8111595,1,0,CosPlace,amstertime,56
0.6564895,0.8862463,1,0,CosPlace,amstertime,57
0.64115286,0.9057196,1,1,CosPlace,amstertime,58
0.64115286,0.90875876,0,1,CosPlace,amstertime,59
0.8998747,0.9136363,1,1,CosPlace,amstertime,60
0.87174726,0.87763107,0,1,CosPlace,amstertime,61
0.8287153,0.94620126,1,0,CosPlace,amstertime,62
0.8718884,0.93001074,0,1,CosPlace,amstertime,63
0.8718884,0.95477974,1,0,CosPlace,amstertime,64
0.81041175,0.91186106,1,1,CosPlace,amstertime,65
0.7851412,0.93609095,1,1,CosPlace,amstertime,66
0.9021094,0.933161,0,1,CosPlace,amstertime,67
0.6367328,0.90146744,1,1,CosPlace,amstertime,68
0.58962226,0.86424184,1,0,CosPlace,amstertime,69
0.8983634,0.9106498,1,1,CosPlace,amstertime,70
0.7550127,0.9035096,1,1,CosPlace,amstertime,71
0.7550127,0.9046478,1,0,CosPlace,amstertime,72
0.83794254,0.8164512,0,1,CosPlace,amstertime,73
0.83794254,0.84502196,0,1,CosPlace,amstertime,74
0.7969383,0.9256233,1,1,CosPlace,amstertime,75
0.7852341,0.8876641,1,1,CosPlace,amstertime,76
0.7852341,0.9195564,1,0,CosPlace,amstertime,77
0.5324336,0.89574134,1,0,CosPlace,amstertime,78
0.72706276,0.9327567,1,0,CosPlace,amstertime,79
0.53882396,0.9032562,1,1,CosPlace,amstertime,80
0.87150526,0.9192362,1,1,CosPlace,amstertime,81
0.7032901,0.9079384,1,1,CosPlace,amstertime,82
0.8646983,0.94595027,0,1,CosPlace,amstertime,83
0.74834025,0.9169352,1,0,CosPlace,amstertime,84
0.82373977,0.9021405,0,1,CosPlace,amstertime,85
0.7039939,0.90650964,1,1,CosPlace,amstertime,86
0.89246655,0.87271595,1,1,CosPlace,amstertime,87
0.5679194,0.8392905,1,1,CosPlace,amstertime,88
0.32929778,0.89571,1,0,CosPlace,amstertime,89
0.7939452,0.88364565,1,1,CosPlace,amstertime,90
0.8685298,0.93690634,0,1,CosPlace,amstertime,91
0.8943672,0.8962829,1,1,CosPlace,amstertime,92
0.5599896,0.8963006,1,1,CosPlace,amstertime,93
0.7855381,0.936387,0,1,CosPlace,amstertime,94
0.75637627,0.9328524,0,1,CosPlace,amstertime,95
0.9149943,0.9139966,0,1,CosPlace,amstertime,96
0.9149943,0.9423161,1,1,CosPlace,amstertime,97
0.7940955,0.9422456,1,1,CosPlace,amstertime,98
0.8766767,0.8891394,1,1,CosPlace,amstertime,99
0.9112495,0.9283445,0,1,CosPlace,amstertime,100
0.79484606,0.92350173,1,0,CosPlace,amstertime,101
0.9017775,0.901335,0,1,CosPlace,amstertime,102
0.6757645,0.9070451,1,1,CosPlace,amstertime,103
0.90999293,0.89629424,0,1,CosPlace,amstertime,104
0.7115967,0.96793425,1,1,CosPlace,amstertime,105
0.8633269,0.9115603,0,1,CosPlace,amstertime,106
0.63479125,0.8782874,1,0,CosPlace,amstertime,107
0.7153526,0.80285966,1,0,CosPlace,amstertime,108
0.79616064,0.89928746,1,0,CosPlace,amstertime,109
0.8377141,0.9287522,0,1,CosPlace,amstertime,110
0.7146619,0.8814724,1,1,CosPlace,amstertime,111
0.77869153,0.9335075,0,1,CosPlace,amstertime,112
0.5928093,0.8644654,1,0,CosPlace,amstertime,113
0.6982596,0.82260805,1,0,CosPlace,amstertime,114
0.92253065,0.8748849,0,1,CosPlace,amstertime,115
0.6282301,0.9085612,1,1,CosPlace,amstertime,116
0.59835255,0.96320355,1,1,CosPlace,amstertime,117
0.7545688,0.86701155,0,1,CosPlace,amstertime,118
0.7566961,0.86358273,1,0,CosPlace,amstertime,119
0.8639355,0.9310833,0,1,CosPlace,amstertime,120
0.5603714,0.8476425,1,1,CosPlace,amstertime,121
0.84925014,0.75024956,1,1,CosPlace,amstertime,122
0.84925014,0.75405276,1,0,CosPlace,amstertime,123
0.84925014,0.7281823,1,1,CosPlace,amstertime,124
0.79970264,0.91272485,1,1,CosPlace,amstertime,125
0.9025802,0.9075016,0,1,CosPlace,amstertime,126
0.71600354,0.88121384,1,0,CosPlace,amstertime,127
0.598174,0.8833999,1,1,CosPlace,amstertime,128
0.8540447,0.95770335,1,1,CosPlace,amstertime,129
0.90216017,0.9080543,0,1,CosPlace,amstertime,130
0.68219256,0.8556557,1,1,CosPlace,amstertime,131
0.6750649,0.91568744,0,1,CosPlace,amstertime,132
0.80902356,0.92768276,1,1,CosPlace,amstertime,133
0.5601169,0.86531115,1,0,CosPlace,amstertime,134
0.79020244,0.9005474,1,1,CosPlace,amstertime,135
0.6201227,0.861874,1,0,CosPlace,amstertime,136
0.7490251,0.86679375,1,1,CosPlace,amstertime,137
0.7494046,0.95518446,1,0,CosPlace,amstertime,138
0.93306947,0.9038325,0,1,CosPlace,amstertime,139
0.93306947,0.9195496,0,1,CosPlace,amstertime,140
0.84219265,0.93411493,1,1,CosPlace,amstertime,141
0.65673935,0.9430547,1,1,CosPlace,amstertime,142
0.6560017,0.9463376,1,1,CosPlace,amstertime,143
0.53194547,0.89120233,1,1,CosPlace,amstertime,144
0.4543925,0.9641931,1,1,CosPlace,amstertime,145
0.92037153,0.9449618,0,1,CosPlace,amstertime,146
0.7858614,0.914665,1,1,CosPlace,amstertime,147
0.5521226,0.8343424,1,0,CosPlace,amstertime,148
0.7983185,0.92568654,1,1,CosPlace,amstertime,149
0.8771718,0.88629353,1,1,CosPlace,amstertime,150
0.8267291,0.8899299,1,0,CosPlace,amstertime,151
0.75420207,0.86482865,1,1,CosPlace,amstertime,152
0.8249928,0.91282225,0,1,CosPlace,amstertime,153
0.8016312,0.89489293,0,1,CosPlace,amstertime,154
0.8267291,0.8751627,0,1,CosPlace,amstertime,155
0.93120515,0.7043959,0,1,CosPlace,amstertime,156
0.9316355,0.8761016,0,1,CosPlace,amstertime,157
0.50003386,0.80435514,1,0,CosPlace,amstertime,158
0.39353555,0.8977182,1,1,CosPlace,amstertime,159
0.6192214,0.90333366,1,0,CosPlace,amstertime,160
0.4514033,0.8799392,1,0,CosPlace,amstertime,161
0.59305745,0.930892,1,0,CosPlace,amstertime,162
0.50564265,0.95553184,1,1,CosPlace,amstertime,163
0.70765907,0.80345124,1,0,CosPlace,amstertime,164
0.62362874,0.8984489,1,0,CosPlace,amstertime,165
0.52292675,0.9210669,1,1,CosPlace,amstertime,166
0.80669284,0.8841431,1,1,CosPlace,amstertime,167
0.43526334,0.7393848,1,0,CosPlace,amstertime,168
0.6180135,0.8499529,1,0,CosPlace,amstertime,169
0.88220847,0.955032,0,1,CosPlace,amstertime,170
0.9247737,0.8188703,1,1,CosPlace,amstertime,171
0.9247737,0.8887147,1,1,CosPlace,amstertime,172
0.8153143,0.9268794,0,1,CosPlace,amstertime,173
0.9247737,0.83920574,1,1,CosPlace,amstertime,174
0.734793,0.8837966,1,0,CosPlace,amstertime,175
0.8626473,0.96663976,0,1,CosPlace,amstertime,176
0.6659874,0.86978245,1,0,CosPlace,amstertime,177
0.6601403,0.74118596,1,0,CosPlace,amstertime,178
0.56401056,0.8048414,1,0,CosPlace,amstertime,179
0.80371344,0.88278574,0,1,CosPlace,amstertime,180
0.6377332,0.9098071,1,1,CosPlace,amstertime,181
0.70805395,0.868158,0,1,CosPlace,amstertime,182
0.8852379,0.91794443,0,1,CosPlace,amstertime,183
0.72596204,0.87479174,0,1,CosPlace,amstertime,184
0.79162097,0.9585712,1,1,CosPlace,amstertime,185
0.5296632,0.8404989,1,0,CosPlace,amstertime,186
0.83392197,0.86421716,1,1,CosPlace,amstertime,187
0.65293443,0.9027431,1,1,CosPlace,amstertime,188
0.729915,0.94824684,0,1,CosPlace,amstertime,189
0.34587616,0.7576045,1,0,CosPlace,amstertime,190
0.7574152,0.8085755,0,1,CosPlace,amstertime,191
0.69548875,0.8827629,1,0,CosPlace,amstertime,192
0.61453724,0.83142674,1,1,CosPlace,amstertime,193
0.85841036,0.9498972,1,1,CosPlace,amstertime,194
0.70813346,0.92004025,1,1,CosPlace,amstertime,195
0.8013358,0.866091,0,1,CosPlace,amstertime,196
0.697434,0.9371721,1,1,CosPlace,amstertime,197
0.5564829,0.8596846,1,1,CosPlace,amstertime,198
0.6741686,0.9148475,1,1,CosPlace,amstertime,199
0.5338398,0.87274647,1,0,CosPlace,amstertime,200
0.62263995,0.84646094,1,1,CosPlace,amstertime,201
0.9283745,0.90117717,0,1,CosPlace,amstertime,202
0.5556737,0.89661574,1,0,CosPlace,amstertime,203
0.8357553,0.8746306,0,1,CosPlace,amstertime,204
0.8798005,0.8513893,0,1,CosPlace,amstertime,205
0.85279655,0.96125066,0,1,CosPlace,amstertime,206
0.73968977,0.8506433,0,1,CosPlace,amstertime,207
0.886826,0.90740037,0,1,CosPlace,amstertime,208
0.72010845,0.9484018,1,1,CosPlace,amstertime,209
0.68756807,0.8928337,1,1,CosPlace,amstertime,210
0.8277198,0.9042539,1,1,CosPlace,amstertime,211
0.7017283,0.8586525,1,1,CosPlace,amstertime,212
0.95200586,0.9269929,0,1,CosPlace,amstertime,213
0.7177576,0.9294452,1,1,CosPlace,amstertime,214
0.91539454,0.9238934,0,1,CosPlace,amstertime,215
0.8087672,0.9200302,1,1,CosPlace,amstertime,216
0.6185322,0.96463424,1,1,CosPlace,amstertime,217
0.82283026,0.89132667,0,1,CosPlace,amstertime,218
0.8780565,0.92378354,1,0,CosPlace,amstertime,219
0.7863897,0.93780625,0,1,CosPlace,amstertime,220
0.7856108,0.89141023,0,1,CosPlace,amstertime,221
0.5414542,0.7808182,1,0,CosPlace,amstertime,222
0.83556193,0.8975596,1,1,CosPlace,amstertime,223
0.8286989,0.9179919,0,1,CosPlace,amstertime,224
0.7746893,0.9565374,0,1,CosPlace,amstertime,225
0.84045327,0.93873537,0,1,CosPlace,amstertime,226
0.8871366,0.9469911,0,1,CosPlace,amstertime,227
0.80813444,0.9066212,0,1,CosPlace,amstertime,228
0.7948184,0.9373043,1,1,CosPlace,amstertime,229
0.7360343,0.79244995,0,1,CosPlace,amstertime,230
0.7360343,0.8117404,0,1,CosPlace,amstertime,231
0.8008064,0.93303573,0,1,CosPlace,amstertime,232
0.51330066,0.940475,1,1,CosPlace,amstertime,233
0.5898001,0.91609025,1,0,CosPlace,amstertime,234
0.7577425,0.89430976,0,1,CosPlace,amstertime,235
0.8698121,0.90762824,0,1,CosPlace,amstertime,236
0.7980996,0.8928355,1,1,CosPlace,amstertime,237
0.8243159,0.8591063,0,1,CosPlace,amstertime,238
0.81175923,0.9040037,0,1,CosPlace,amstertime,239
0.90368485,0.889408,1,0,CosPlace,amstertime,240
0.75650984,0.9075869,1,1,CosPlace,amstertime,241
0.4882422,0.9219792,1,1,CosPlace,amstertime,242
0.7511193,0.85976344,1,0,CosPlace,amstertime,243
0.5044728,0.91603893,1,0,CosPlace,amstertime,244
0.5666789,0.89922035,1,1,CosPlace,amstertime,245
0.81159294,0.84423685,0,1,CosPlace,amstertime,246
0.776656,0.87030625,0,1,CosPlace,amstertime,247
0.8811463,0.91377485,0,1,CosPlace,amstertime,248
0.5483235,0.93367577,0,1,CosPlace,amstertime,249
0.7108203,0.9215425,0,1,CosPlace,amstertime,250
0.8890331,0.90612376,1,1,CosPlace,amstertime,251
0.85496557,0.95670897,0,1,CosPlace,amstertime,252
0.8677353,0.9209274,1,1,CosPlace,amstertime,253
0.8904922,0.9204277,0,1,CosPlace,amstertime,254
0.8076129,0.88082707,1,0,CosPlace,amstertime,255
0.909616,0.89643705,0,1,CosPlace,amstertime,256
0.7968723,0.8905897,1,1,CosPlace,amstertime,257
0.8034437,0.9116706,0,1,CosPlace,amstertime,258
0.85184425,0.82857144,1,1,CosPlace,amstertime,259
0.5837159,0.92862844,1,1,CosPlace,amstertime,260
0.83029497,0.9398569,1,1,CosPlace,amstertime,261
0.6794741,0.91021496,1,1,CosPlace,amstertime,262
0.7947644,0.87978613,0,1,CosPlace,amstertime,263
0.597885,0.897274,1,1,CosPlace,amstertime,264
0.52981234,0.9323435,1,1,CosPlace,amstertime,265
0.5933633,0.9412369,1,1,CosPlace,amstertime,266
0.8928983,0.9237563,0,1,CosPlace,amstertime,267
0.82774645,0.85233784,0,1,CosPlace,amstertime,268
0.7166518,0.81544673,0,1,CosPlace,amstertime,269
0.7809951,0.85896945,0,1,CosPlace,amstertime,270
0.7809951,0.8352035,0,1,CosPlace,amstertime,271
0.94749343,0.8931749,1,0,CosPlace,amstertime,272
0.77593476,0.92212486,1,1,CosPlace,amstertime,273
0.6954589,0.8801955,1,1,CosPlace,amstertime,274
0.47787035,0.8499817,1,0,CosPlace,amstertime,275
0.85603356,0.90435433,1,1,CosPlace,amstertime,276
0.5317661,0.82547295,1,1,CosPlace,amstertime,277
0.9117222,0.9178289,0,1,CosPlace,amstertime,278
0.6794741,0.9390815,0,1,CosPlace,amstertime,279
0.49847183,0.8916303,1,1,CosPlace,amstertime,280
0.8653356,0.92750454,0,1,CosPlace,amstertime,281
0.7398074,0.8782581,1,1,CosPlace,amstertime,282
0.8112304,0.90187365,0,1,CosPlace,amstertime,283
0.6343055,0.9437794,1,1,CosPlace,amstertime,284
0.593579,0.9298347,1,1,CosPlace,amstertime,285
0.83992076,0.8599984,1,0,CosPlace,amstertime,286
0.6726895,0.8534802,1,0,CosPlace,amstertime,287
0.7745012,0.8590127,1,0,CosPlace,amstertime,288
0.6984339,0.84850895,1,1,CosPlace,amstertime,289
0.9401446,0.8874032,1,0,CosPlace,amstertime,290
0.8134623,0.88114697,0,1,CosPlace,amstertime,291
0.7688844,0.8240635,0,1,CosPlace,amstertime,292
0.87183374,0.87390614,0,1,CosPlace,amstertime,293
0.60623467,0.9481604,1,0,CosPlace,amstertime,294
0.60623467,0.91476536,1,1,CosPlace,amstertime,295
0.9285114,0.9179964,0,1,CosPlace,amstertime,296
0.4444046,0.9230108,1,0,CosPlace,amstertime,297
0.70948946,0.884295,0,1,CosPlace,amstertime,298
0.5202267,0.94765294,1,1,CosPlace,amstertime,299
0.9082688,0.8852769,1,1,CosPlace,amstertime,300
0.68544436,0.90643334,1,1,CosPlace,amstertime,301
0.7800617,0.9090127,0,1,CosPlace,amstertime,302
0.4357429,0.9331496,1,0,CosPlace,amstertime,303
0.7080444,0.8953322,1,1,CosPlace,amstertime,304
0.8069046,0.9047365,1,0,CosPlace,amstertime,305
0.7013531,0.93463016,1,1,CosPlace,amstertime,306
0.8923221,0.8933181,0,1,CosPlace,amstertime,307
0.8467815,0.91836995,1,1,CosPlace,amstertime,308
0.57693624,0.91004306,1,1,CosPlace,amstertime,309
0.8322253,0.9269154,1,1,CosPlace,amstertime,310
0.71060526,0.92006624,1,1,CosPlace,amstertime,311
0.2693497,0.8735583,1,0,CosPlace,amstertime,312
0.7530369,0.7940854,1,1,CosPlace,amstertime,313
0.81623626,0.8908118,0,1,CosPlace,amstertime,314
0.77251273,0.914217,1,1,CosPlace,amstertime,315
0.42990202,0.8904822,1,1,CosPlace,amstertime,316
0.7941685,0.8720086,1,0,CosPlace,amstertime,317
0.85466254,0.90953517,0,1,CosPlace,amstertime,318
0.64236116,0.8494579,1,0,CosPlace,amstertime,319
0.6649244,0.88838124,1,0,CosPlace,amstertime,320
0.7101285,0.9418056,0,1,CosPlace,amstertime,321
0.82710934,0.844088,1,0,CosPlace,amstertime,322
0.795267,0.9037549,1,1,CosPlace,amstertime,323
0.8766861,0.9418303,1,1,CosPlace,amstertime,324
0.8385018,0.8875008,1,0,CosPlace,amstertime,325
0.8838493,0.8584248,1,0,CosPlace,amstertime,326
0.70979685,0.8926548,1,0,CosPlace,amstertime,327
0.6313414,0.8799646,1,1,CosPlace,amstertime,328
0.8461466,0.93172014,0,1,CosPlace,amstertime,329
0.6628723,0.8735938,1,0,CosPlace,amstertime,330
0.42859733,0.94419014,1,0,CosPlace,amstertime,331
0.6003965,0.89562464,1,1,CosPlace,amstertime,332
0.79045796,0.88284624,1,1,CosPlace,amstertime,333
0.7448765,0.9563451,1,1,CosPlace,amstertime,334
0.8518951,0.9109689,0,1,CosPlace,amstertime,335
0.70459914,0.9110855,1,1,CosPlace,amstertime,336
0.7256825,0.9298428,0,1,CosPlace,amstertime,337
0.68311185,0.9087337,1,1,CosPlace,amstertime,338
0.68792254,0.92079467,1,0,CosPlace,amstertime,339
0.8127947,0.93674123,0,1,CosPlace,amstertime,340
0.94171625,0.89418167,0,1,CosPlace,amstertime,341
0.81506944,0.91608447,0,1,CosPlace,amstertime,342
0.76231647,0.9511502,1,1,CosPlace,amstertime,343
0.7970371,0.8730093,1,1,CosPlace,amstertime,344
0.70622385,0.8602402,1,1,CosPlace,amstertime,345
0.70622385,0.91295147,1,0,CosPlace,amstertime,346
0.7885821,0.9183763,1,1,CosPlace,amstertime,347
0.7014216,0.8913071,1,1,CosPlace,amstertime,348
0.7617954,0.90196514,1,0,CosPlace,amstertime,349
0.68888783,0.9014416,0,1,CosPlace,amstertime,350
0.81847596,0.93233275,1,0,CosPlace,amstertime,351
0.8349833,0.9084685,0,1,CosPlace,amstertime,352
0.6161596,0.93097925,1,1,CosPlace,amstertime,353
0.85516596,0.91631067,0,1,CosPlace,amstertime,354
0.78853893,0.9171281,1,0,CosPlace,amstertime,355
0.45025587,0.9067291,1,0,CosPlace,amstertime,356
0.83798754,0.8711114,1,0,CosPlace,amstertime,357
0.64513123,0.8507808,1,0,CosPlace,amstertime,358
0.6111882,0.8002789,1,0,CosPlace,amstertime,359
0.60767674,0.8579855,1,1,CosPlace,amstertime,360
0.5564829,0.85681677,0,1,CosPlace,amstertime,361
0.8722699,0.91033864,0,1,CosPlace,amstertime,362
0.8419792,0.8755864,1,1,CosPlace,amstertime,363
0.8354746,0.9022346,0,1,CosPlace,amstertime,364
0.76145583,0.8102796,1,0,CosPlace,amstertime,365
0.6385354,0.92042124,0,1,CosPlace,amstertime,366
0.6385354,0.92935693,0,1,CosPlace,amstertime,367
0.87938356,0.8510835,0,1,CosPlace,amstertime,368
0.6515555,0.93552375,1,0,CosPlace,amstertime,369
0.77740264,0.8801198,1,1,CosPlace,amstertime,370
0.856231,0.88917327,0,1,CosPlace,amstertime,371
0.93857586,0.94928205,0,1,CosPlace,amstertime,372
0.76477844,0.91051877,1,0,CosPlace,amstertime,373
0.7163265,0.90094614,1,1,CosPlace,amstertime,374
0.7032901,0.91752577,1,0,CosPlace,amstertime,375
0.8912049,0.8935977,1,1,CosPlace,amstertime,376
0.8966995,0.8828958,0,1,CosPlace,amstertime,377
0.83881766,0.89332205,0,1,CosPlace,amstertime,378
0.8975333,0.89434826,0,1,CosPlace,amstertime,379
0.8027024,0.9154401,1,1,CosPlace,amstertime,380
0.90558636,0.8578976,1,1,CosPlace,amstertime,381
0.7948828,0.84949195,1,0,CosPlace,amstertime,382
0.9334101,0.8882865,0,1,CosPlace,amstertime,383
0.8258312,0.86751187,1,1,CosPlace,amstertime,384
0.62549746,0.9226073,1,0,CosPlace,amstertime,385
0.8258312,0.88280463,0,1,CosPlace,amstertime,386
0.71603405,0.9077499,1,1,CosPlace,amstertime,387
0.71603405,0.9208783,1,1,CosPlace,amstertime,388
0.60033447,0.89645606,1,1,CosPlace,amstertime,389
0.85113657,0.8467059,1,0,CosPlace,amstertime,390
0.9339888,0.92502743,0,1,CosPlace,amstertime,391
0.7674603,0.9270502,0,1,CosPlace,amstertime,392
0.7725271,0.89970523,1,1,CosPlace,amstertime,393
0.86125445,0.85960793,1,0,CosPlace,amstertime,394
0.85466254,0.9272251,0,1,CosPlace,amstertime,395
0.8694523,0.8028774,1,0,CosPlace,amstertime,396
0.8717358,0.9031573,1,1,CosPlace,amstertime,397
0.8092506,0.9256663,0,1,CosPlace,amstertime,398
0.85171276,0.9411713,0,1,CosPlace,amstertime,399
0.7355069,0.8677013,1,0,CosPlace,amstertime,400
0.88648975,0.82451975,1,0,CosPlace,amstertime,401
0.725082,0.92664933,0,1,CosPlace,amstertime,402
0.82402325,0.92808604,0,1,CosPlace,amstertime,403
0.8997288,0.8848546,0,1,CosPlace,amstertime,404
0.9199132,0.9127768,0,1,CosPlace,amstertime,405
0.8521807,0.9023186,0,1,CosPlace,amstertime,406
0.8477018,0.92911637,0,1,CosPlace,amstertime,407
0.6609227,0.8251066,1,0,CosPlace,amstertime,408
0.6160186,0.9057293,1,0,CosPlace,amstertime,409
0.9036726,0.9014009,1,1,CosPlace,amstertime,410
0.69931,0.90618205,1,1,CosPlace,amstertime,411
0.8295767,0.8754186,1,0,CosPlace,amstertime,412
0.8342414,0.8591995,1,1,CosPlace,amstertime,413
0.8453114,0.93153656,0,1,CosPlace,amstertime,414
0.73777324,0.8572005,0,1,CosPlace,amstertime,415
0.8756496,0.9351516,0,1,CosPlace,amstertime,416
0.8436743,0.85492337,0,1,CosPlace,amstertime,417
0.62688863,0.872174,1,1,CosPlace,amstertime,418
0.6589982,0.88744056,1,1,CosPlace,amstertime,419
0.75289327,0.90691864,0,1,CosPlace,amstertime,420
0.64878035,0.91529477,1,1,CosPlace,amstertime,421
0.5863416,0.931298,1,1,CosPlace,amstertime,422
0.94755447,0.95748425,0,1,CosPlace,amstertime,423
0.8079451,0.8300804,1,0,CosPlace,amstertime,424
0.8120747,0.86846936,1,1,CosPlace,amstertime,425
0.81639016,0.7851347,1,0,CosPlace,amstertime,426
0.7956752,0.8838098,1,1,CosPlace,amstertime,427
0.74085635,0.90508807,0,1,CosPlace,amstertime,428
0.7579794,0.8871941,0,1,CosPlace,amstertime,429
0.800457,0.9056994,1,1,CosPlace,amstertime,430
0.80206454,0.93211555,1,1,CosPlace,amstertime,431
0.92605555,0.8591577,1,0,CosPlace,amstertime,432
0.8336528,0.93290555,1,1,CosPlace,amstertime,433
0.83575726,0.8888385,1,1,CosPlace,amstertime,434
0.62212443,0.9392127,1,1,CosPlace,amstertime,435
0.8544415,0.88652426,1,0,CosPlace,amstertime,436
0.76668,0.91238344,1,1,CosPlace,amstertime,437
0.8239361,0.9226123,1,0,CosPlace,amstertime,438
0.8342266,0.8390397,1,1,CosPlace,amstertime,439
0.9289899,0.9161272,1,1,CosPlace,amstertime,440
0.8599036,0.90984297,1,0,CosPlace,amstertime,441
0.66138095,0.847375,1,0,CosPlace,amstertime,442
0.86188054,0.9528456,0,1,CosPlace,amstertime,443
0.8898164,0.8871262,1,0,CosPlace,amstertime,444
0.8672937,0.91551113,1,1,CosPlace,amstertime,445
0.79825556,0.92469674,1,1,CosPlace,amstertime,446
0.86504805,0.86389375,0,1,CosPlace,amstertime,447
0.8004686,0.8150121,0,1,CosPlace,amstertime,448
0.84166294,0.86897016,0,1,CosPlace,amstertime,449
0.72589666,0.8653207,1,0,CosPlace,amstertime,450
0.8299128,0.93605185,1,1,CosPlace,amstertime,451
0.49782428,0.95375836,1,1,CosPlace,amstertime,452
0.47050655,0.8405558,1,0,CosPlace,amstertime,453
0.893973,0.948176,1,1,CosPlace,amstertime,454
0.8277886,0.90250933,1,1,CosPlace,amstertime,455
0.7622398,0.86503804,1,0,CosPlace,amstertime,456
0.42823163,0.935729,1,1,CosPlace,amstertime,457
0.69614804,0.9231142,1,1,CosPlace,amstertime,458
0.8561548,0.93924344,0,1,CosPlace,amstertime,459
0.5359411,0.83610606,1,0,CosPlace,amstertime,460
0.62884355,0.90227,1,1,CosPlace,amstertime,461
0.6638012,0.8795938,1,1,CosPlace,amstertime,462
0.4331705,0.9173025,1,1,CosPlace,amstertime,463
0.69688946,0.8956123,1,1,CosPlace,amstertime,464
0.7356714,0.8817007,1,1,CosPlace,amstertime,465
0.46379727,0.85649896,1,0,CosPlace,amstertime,466
0.8003163,0.839815,0,1,CosPlace,amstertime,467
0.54810345,0.9339475,1,1,CosPlace,amstertime,468
0.60047156,0.915661,0,1,CosPlace,amstertime,469
0.86733365,0.87387764,0,1,CosPlace,amstertime,470
0.91627884,0.9077379,0,1,CosPlace,amstertime,471
0.682565,0.9037032,1,0,CosPlace,amstertime,472
0.82933605,0.9047277,0,1,CosPlace,amstertime,473
0.6864854,0.95672435,1,1,CosPlace,amstertime,474
0.7877115,0.9359164,1,1,CosPlace,amstertime,475
0.76952696,0.9084115,0,1,CosPlace,amstertime,476
0.7910267,0.9406575,0,1,CosPlace,amstertime,477
0.6040298,0.91972136,1,1,CosPlace,amstertime,478
0.84235764,0.8548133,1,1,CosPlace,amstertime,479
0.5785817,0.9399264,1,1,CosPlace,amstertime,480
0.8672035,0.9489286,0,1,CosPlace,amstertime,481
0.8525809,0.9460188,1,0,CosPlace,amstertime,482
0.83385694,0.8695049,0,1,CosPlace,amstertime,483
0.8017272,0.89281964,1,1,CosPlace,amstertime,484
0.79303795,0.86591756,1,1,CosPlace,amstertime,485
0.7340337,0.9084153,1,1,CosPlace,amstertime,486
0.87910277,0.90338326,1,0,CosPlace,amstertime,487
0.7454937,0.85400033,0,1,CosPlace,amstertime,488
0.92308617,0.8922825,0,1,CosPlace,amstertime,489
0.85194767,0.87440133,0,1,CosPlace,amstertime,490
0.7853683,0.906857,1,0,CosPlace,amstertime,491
0.72112465,0.96585906,0,1,CosPlace,amstertime,492
0.8871803,0.92551005,0,1,CosPlace,amstertime,493
0.6103795,0.9144447,1,0,CosPlace,amstertime,494
0.78047967,0.90209097,0,1,CosPlace,amstertime,495
0.8544539,0.9024112,0,1,CosPlace,amstertime,496
0.89128983,0.90604717,1,1,CosPlace,amstertime,497
0.690374,0.90428376,1,1,CosPlace,amstertime,498
0.8788358,0.94367504,0,1,CosPlace,amstertime,499
0.5439435,0.87140214,1,0,CosPlace,amstertime,500
0.8321239,0.93279135,1,1,CosPlace,amstertime,501
0.76052845,0.86169195,1,1,CosPlace,amstertime,502
0.69565713,0.83326066,1,1,CosPlace,amstertime,503
0.66304076,0.9258746,1,1,CosPlace,amstertime,504
0.80577755,0.83646464,0,1,CosPlace,amstertime,505
0.82859015,0.8922926,0,1,CosPlace,amstertime,506
0.8894702,0.8667277,0,1,CosPlace,amstertime,507
0.51615417,0.90146315,0,1,CosPlace,amstertime,508
0.8502484,0.9223434,0,1,CosPlace,amstertime,509
0.67770934,0.90558684,1,1,CosPlace,amstertime,510
0.8650221,0.8757875,0,1,CosPlace,amstertime,511
0.87048286,0.9258883,0,1,CosPlace,amstertime,512
0.8956212,0.9429803,0,1,CosPlace,amstertime,513
0.7931277,0.89275753,0,1,CosPlace,amstertime,514
0.8231609,0.8692316,0,1,CosPlace,amstertime,515
0.7127831,0.91061735,1,1,CosPlace,amstertime,516
0.8642248,0.899428,1,0,CosPlace,amstertime,517
0.81990826,0.90631175,0,1,CosPlace,amstertime,518
0.8260683,0.8806136,0,1,CosPlace,amstertime,519
0.82371294,0.90810275,0,1,CosPlace,amstertime,520
0.80218244,0.90646183,1,0,CosPlace,amstertime,521
0.8358196,0.90979886,1,1,CosPlace,amstertime,522
0.8163611,0.9392245,0,1,CosPlace,amstertime,523
0.81682336,0.92452776,0,1,CosPlace,amstertime,524
0.93884325,0.8776891,0,1,CosPlace,amstertime,525
0.8655074,0.8706199,0,1,CosPlace,amstertime,526
0.8816656,0.85945356,1,0,CosPlace,amstertime,527
0.6924429,0.91793513,0,1,CosPlace,amstertime,528
0.67770934,0.8673898,1,1,CosPlace,amstertime,529
0.7569045,0.8758414,0,1,CosPlace,amstertime,530
0.751148,0.91316974,0,1,CosPlace,amstertime,531
0.76830363,0.93689144,1,1,CosPlace,amstertime,532
0.6754912,0.9156656,1,0,CosPlace,amstertime,533
0.9509353,0.8270862,0,1,CosPlace,amstertime,534
0.8281013,0.89086735,0,1,CosPlace,amstertime,535
0.93884325,0.8809981,0,1,CosPlace,amstertime,536
0.760771,0.9421306,1,1,CosPlace,amstertime,537
0.75955045,0.85461456,0,1,CosPlace,amstertime,538
0.5596607,0.8840896,1,1,CosPlace,amstertime,539
0.87045014,0.9506655,1,1,CosPlace,amstertime,540
0.7550478,0.85248125,0,1,CosPlace,amstertime,541
0.8858699,0.881068,0,1,CosPlace,amstertime,542
0.88382506,0.8748449,0,1,CosPlace,amstertime,543
0.7440195,0.89826185,0,1,CosPlace,amstertime,544
0.8283495,0.93995684,0,1,CosPlace,amstertime,545
0.7582711,0.8930397,1,1,CosPlace,amstertime,546
0.8684357,0.903125,0,1,CosPlace,amstertime,547
0.8498039,0.9063717,0,1,CosPlace,amstertime,548
0.9157932,0.9324675,0,1,CosPlace,amstertime,549
0.9217415,0.88083243,0,1,CosPlace,amstertime,550
0.75664425,0.9203481,0,1,CosPlace,amstertime,551
0.819957,0.9287851,0,1,CosPlace,amstertime,552
0.8706441,0.91432244,0,1,CosPlace,amstertime,553
0.7838011,0.9216057,0,1,CosPlace,amstertime,554
0.76694536,0.91510093,0,1,CosPlace,amstertime,555
0.76500344,0.8574438,0,1,CosPlace,amstertime,556
0.80444443,0.8929105,0,1,CosPlace,amstertime,557
0.8640903,0.9264375,0,1,CosPlace,amstertime,558
0.8244981,0.82237387,1,1,CosPlace,amstertime,559
0.8777919,0.90116405,0,1,CosPlace,amstertime,560
0.7933675,0.8953378,0,1,CosPlace,amstertime,561
0.7939147,0.88877904,1,0,CosPlace,amstertime,562
0.8194346,0.83952355,0,1,CosPlace,amstertime,563
0.5492234,0.8635698,1,0,CosPlace,amstertime,564
0.9019977,0.91316104,0,1,CosPlace,amstertime,565
0.77142906,0.8371139,1,0,CosPlace,amstertime,566
0.7535545,0.90972185,0,1,CosPlace,amstertime,567
0.84408474,0.8780588,1,0,CosPlace,amstertime,568
0.81239414,0.9037242,1,1,CosPlace,amstertime,569
0.5554414,0.8949626,1,0,CosPlace,amstertime,570
0.779963,0.8703915,0,1,CosPlace,amstertime,571
0.80929327,0.92503643,1,1,CosPlace,amstertime,572
0.7500185,0.9208832,1,0,CosPlace,amstertime,573
0.5096452,0.895455,1,1,CosPlace,amstertime,574
0.83571565,0.91978204,1,0,CosPlace,amstertime,575
0.9038457,0.9227591,0,1,CosPlace,amstertime,576
0.7885866,0.8773421,0,1,CosPlace,amstertime,577
0.82347465,0.86857355,0,1,CosPlace,amstertime,578
0.8499721,0.9396963,0,1,CosPlace,amstertime,579
0.7913487,0.9181943,0,1,CosPlace,amstertime,580
0.8698789,0.889582,0,1,CosPlace,amstertime,581
0.8898286,0.90645933,0,1,CosPlace,amstertime,582
0.86394286,0.9292224,0,1,CosPlace,amstertime,583
0.7172123,0.859452,1,0,CosPlace,amstertime,584
0.8929514,0.86823237,1,0,CosPlace,amstertime,585
0.45603618,0.8443986,1,0,CosPlace,amstertime,586
0.7039939,0.92061925,1,1,CosPlace,amstertime,587
0.6278498,0.91780066,1,0,CosPlace,amstertime,588
0.4743033,0.78307045,1,0,CosPlace,amstertime,589
0.76800466,0.8821331,1,1,CosPlace,amstertime,590
0.8136686,0.8859013,1,1,CosPlace,amstertime,591
0.5961466,0.9432342,1,0,CosPlace,amstertime,592
0.5690786,0.8497845,1,0,CosPlace,amstertime,593
0.79256165,0.81525964,1,1,CosPlace,amstertime,594
0.50454605,0.9352352,1,1,CosPlace,amstertime,595
0.7313663,0.83729583,1,1,CosPlace,amstertime,596
0.9018112,0.9034338,0,1,CosPlace,amstertime,597
0.8582287,0.9473016,0,1,CosPlace,amstertime,598
0.6486994,0.9430598,1,1,CosPlace,amstertime,599
0.71598125,0.8893082,1,1,CosPlace,amstertime,600
0.8434106,0.8924144,0,1,CosPlace,amstertime,601
0.56853855,0.87432086,1,1,CosPlace,amstertime,602
0.9493032,0.8804722,1,0,CosPlace,amstertime,603
0.7226193,0.8871497,1,1,CosPlace,amstertime,604
0.8616838,0.964502,0,1,CosPlace,amstertime,605
0.6901342,0.9490278,1,0,CosPlace,amstertime,606
0.51323116,0.8798732,1,1,CosPlace,amstertime,607
0.6130874,0.95522547,1,0,CosPlace,amstertime,608
0.8158089,0.93932784,1,1,CosPlace,amstertime,609
0.8814775,0.8694403,1,1,CosPlace,amstertime,610
0.89137626,0.8612876,1,1,CosPlace,amstertime,611
0.8800819,0.9051646,0,1,CosPlace,amstertime,612
0.80919874,0.92343783,1,1,CosPlace,amstertime,613
0.7282353,0.9246012,0,1,CosPlace,amstertime,614
0.75513715,0.90692174,1,1,CosPlace,amstertime,615
0.81698966,0.9180401,1,0,CosPlace,amstertime,616
0.61140394,0.85124123,1,0,CosPlace,amstertime,617
0.79239523,0.92408913,1,1,CosPlace,amstertime,618
0.729831,0.79609823,1,0,CosPlace,amstertime,619
0.61939263,0.83564,1,1,CosPlace,amstertime,620
0.7313663,0.77513725,1,1,CosPlace,amstertime,621
0.9136554,0.90617406,0,1,CosPlace,amstertime,622
0.8513862,0.8816404,1,1,CosPlace,amstertime,623
0.6239986,0.9087186,1,0,CosPlace,amstertime,624
0.7034023,0.86832565,1,1,CosPlace,amstertime,625
0.62530905,0.8848381,1,0,CosPlace,amstertime,626
0.8258029,0.93097293,1,1,CosPlace,amstertime,627
0.81514704,0.8797901,1,1,CosPlace,amstertime,628
0.919124,0.9391948,1,0,CosPlace,amstertime,629
0.92357934,0.86132026,1,0,CosPlace,amstertime,630
0.61245,0.95039785,1,1,CosPlace,amstertime,631
0.88728034,0.93826073,0,1,CosPlace,amstertime,632
0.5674913,0.9520031,1,1,CosPlace,amstertime,633
0.77382123,0.9258824,1,1,CosPlace,amstertime,634
0.7209326,0.90327513,1,1,CosPlace,amstertime,635
0.7043346,0.94889605,1,1,CosPlace,amstertime,636
0.85512865,0.89380246,1,1,CosPlace,amstertime,637
0.903569,0.9261283,0,1,CosPlace,amstertime,638
0.85890377,0.86821693,1,1,CosPlace,amstertime,639
0.8502052,0.94840336,0,1,CosPlace,amstertime,640
0.7636571,0.8910925,1,1,CosPlace,amstertime,641
0.76607376,0.8547648,1,0,CosPlace,amstertime,642
0.84551036,0.9201805,0,1,CosPlace,amstertime,643
0.8065289,0.921335,1,1,CosPlace,amstertime,644
0.9479982,0.9028425,0,1,CosPlace,amstertime,645
0.92456627,0.9286257,1,1,CosPlace,amstertime,646
0.80864006,0.94534576,1,0,CosPlace,amstertime,647
0.86087203,0.9304241,0,1,CosPlace,amstertime,648
0.8587115,0.8266753,0,1,CosPlace,amstertime,649
0.51347494,0.83721006,1,0,CosPlace,amstertime,650
0.60400283,0.8550296,1,0,CosPlace,amstertime,651
0.7808609,0.9095162,1,1,CosPlace,amstertime,652
0.49236214,0.88176787,1,1,CosPlace,amstertime,653
0.6957048,0.91390693,1,0,CosPlace,amstertime,654
0.5142778,0.8867078,1,0,CosPlace,amstertime,655
0.8198345,0.8472807,1,1,CosPlace,amstertime,656
0.42285943,0.8218399,1,1,CosPlace,amstertime,657
0.58718973,0.79431105,1,1,CosPlace,amstertime,658
0.8198345,0.8856288,1,0,CosPlace,amstertime,659
0.6461046,0.9130965,0,1,CosPlace,amstertime,660
0.8477998,0.88881695,0,1,CosPlace,amstertime,661
0.8728638,0.8015238,0,1,CosPlace,amstertime,662
0.8956183,0.92377836,0,1,CosPlace,amstertime,663
0.91284215,0.74248147,1,0,CosPlace,amstertime,664
0.9278586,0.9195889,0,1,CosPlace,amstertime,665
0.81682426,0.9019836,0,1,CosPlace,amstertime,666
0.74801207,0.9677808,0,1,CosPlace,amstertime,667
0.51615417,0.84386766,1,1,CosPlace,amstertime,668
0.7300447,0.9486786,1,1,CosPlace,amstertime,669
0.8245759,0.92977,1,1,CosPlace,amstertime,670
0.8468025,0.9350748,0,1,CosPlace,amstertime,671
0.7027427,0.9240662,0,1,CosPlace,amstertime,672
0.6108247,0.9355337,1,1,CosPlace,amstertime,673
0.72278273,0.8788243,1,0,CosPlace,amstertime,674
0.8663223,0.94112444,1,1,CosPlace,amstertime,675
0.7642901,0.9260498,0,1,CosPlace,amstertime,676
0.6373519,0.90154177,1,1,CosPlace,amstertime,677
0.8629528,0.90423584,1,1,CosPlace,amstertime,678
0.8575766,0.8682312,0,1,CosPlace,amstertime,679
0.885875,0.9253309,0,1,CosPlace,amstertime,680
0.73475444,0.90418494,1,0,CosPlace,amstertime,681
0.9381247,0.85436714,1,1,CosPlace,amstertime,682
0.7731825,0.94037986,1,0,CosPlace,amstertime,683
0.89451206,0.94176596,0,1,CosPlace,amstertime,684
0.70040023,0.91978,1,1,CosPlace,amstertime,685
0.8404671,0.9441989,0,1,CosPlace,amstertime,686
0.8892346,0.9536238,0,1,CosPlace,amstertime,687
0.85525763,0.86878324,1,1,CosPlace,amstertime,688
0.6959722,0.911039,0,1,CosPlace,amstertime,689
0.88176525,0.8004129,0,1,CosPlace,amstertime,690
0.8605333,0.9551884,1,1,CosPlace,amstertime,691
0.83712465,0.85998034,0,1,CosPlace,amstertime,692
0.6975241,0.93386745,1,1,CosPlace,amstertime,693
0.7629061,0.908272,1,1,CosPlace,amstertime,694
0.65435517,0.94580245,1,1,CosPlace,amstertime,695
0.9690644,0.8928764,0,1,CosPlace,amstertime,696
0.793751,0.885584,0,1,CosPlace,amstertime,697
0.902489,0.8696961,0,1,CosPlace,amstertime,698
0.8447325,0.8873944,0,1,CosPlace,amstertime,699
0.7742177,0.9240887,0,1,CosPlace,amstertime,700
0.71418643,0.8747072,1,1,CosPlace,amstertime,701
0.92351764,0.9055308,1,1,CosPlace,amstertime,702
0.7510822,0.87388474,0,1,CosPlace,amstertime,703
0.843922,0.93269634,1,1,CosPlace,amstertime,704
0.81713086,0.9167096,0,1,CosPlace,amstertime,705
0.7197465,0.9232315,0,1,CosPlace,amstertime,706
0.8400675,0.90410817,1,1,CosPlace,amstertime,707
0.89450383,0.86110747,1,0,CosPlace,amstertime,708
0.921857,0.8818414,0,1,CosPlace,amstertime,709
0.8274967,0.9383768,0,1,CosPlace,amstertime,710
0.7731448,0.86328983,0,1,CosPlace,amstertime,711
0.7731448,0.87697244,0,1,CosPlace,amstertime,712
0.8866673,0.8518069,0,1,CosPlace,amstertime,713
0.8898741,0.89588165,0,1,CosPlace,amstertime,714
0.8608517,0.94607997,0,1,CosPlace,amstertime,715
0.8215913,0.88842016,1,0,CosPlace,amstertime,716
0.8828163,0.9253322,0,1,CosPlace,amstertime,717
0.8139179,0.9273926,1,1,CosPlace,amstertime,718
0.84531105,0.9326414,0,1,CosPlace,amstertime,719
0.7016103,0.8362765,1,1,CosPlace,amstertime,720
0.84085745,0.8995379,1,0,CosPlace,amstertime,721
0.8593227,0.91386056,0,1,CosPlace,amstertime,722
0.78020257,0.88089013,0,1,CosPlace,amstertime,723
0.72482586,0.91156363,1,0,CosPlace,amstertime,724
0.82788473,0.9029639,1,0,CosPlace,amstertime,725
0.8594841,0.91260004,1,1,CosPlace,amstertime,726
0.93211585,0.9250032,1,1,CosPlace,amstertime,727
0.8516227,0.9225985,1,0,CosPlace,amstertime,728
0.8290173,0.8967236,1,1,CosPlace,amstertime,729
0.8312902,0.9017843,0,1,CosPlace,amstertime,730
0.8688947,0.8880275,0,1,CosPlace,amstertime,731
0.86563635,0.8784354,1,1,CosPlace,amstertime,732
0.9038693,0.83619624,0,1,CosPlace,amstertime,733
0.9254401,0.90991133,0,1,CosPlace,amstertime,734
0.7916581,0.8732871,1,0,CosPlace,amstertime,735
0.7731825,0.92653394,1,1,CosPlace,amstertime,736
0.8728638,0.82902753,0,1,CosPlace,amstertime,737
0.87960964,0.8832412,1,1,CosPlace,amstertime,738
0.8698534,0.9647392,1,1,CosPlace,amstertime,739
0.5938001,0.9121287,0,1,CosPlace,amstertime,740
0.7601161,0.90960264,1,0,CosPlace,amstertime,741
0.7539686,0.9257883,0,1,CosPlace,amstertime,742
0.8164581,0.94773114,1,1,CosPlace,amstertime,743
0.80118096,0.86536336,1,0,CosPlace,amstertime,744
0.76818633,0.9059146,1,1,CosPlace,amstertime,745
0.76818633,0.92119414,1,1,CosPlace,amstertime,746
0.6952553,0.9096133,0,1,CosPlace,amstertime,747
0.5015974,0.8563119,1,1,CosPlace,amstertime,748
0.933393,0.90554005,0,1,CosPlace,amstertime,749
0.86020756,0.90134263,0,1,CosPlace,amstertime,750
0.7484766,0.9247159,0,1,CosPlace,amstertime,751
0.8293392,0.91730714,1,1,CosPlace,amstertime,752
0.95138067,0.84568036,0,1,CosPlace,amstertime,753
0.92174995,0.8728229,1,1,CosPlace,amstertime,754
0.9236275,0.9253372,1,1,CosPlace,amstertime,755
0.75035256,0.92971694,1,1,CosPlace,amstertime,756
0.7675146,0.9401777,1,1,CosPlace,amstertime,757
0.8135905,0.9590849,0,1,CosPlace,amstertime,758
0.903447,0.87941134,0,1,CosPlace,amstertime,759
0.70386255,0.93946564,1,1,CosPlace,amstertime,760
0.87623656,0.8916585,0,1,CosPlace,amstertime,761
0.91772926,0.9506974,0,1,CosPlace,amstertime,762
0.70386255,0.93785244,1,1,CosPlace,amstertime,763
0.92694134,0.91942906,0,1,CosPlace,amstertime,764
0.8798412,0.90793204,0,1,CosPlace,amstertime,765
0.65105224,0.88009953,0,1,CosPlace,amstertime,766
0.4658977,0.88608944,1,1,CosPlace,amstertime,767
0.80700576,0.8848611,0,1,CosPlace,amstertime,768
0.8197925,0.89461637,0,1,CosPlace,amstertime,769
0.7905971,0.868052,1,0,CosPlace,amstertime,770
0.4893525,0.9319381,1,0,CosPlace,amstertime,771
0.9068911,0.8892408,0,1,CosPlace,amstertime,772
0.8306523,0.91050243,1,0,CosPlace,amstertime,773
0.85734105,0.9282851,0,1,CosPlace,amstertime,774
0.8996127,0.9220349,0,1,CosPlace,amstertime,775
0.7357453,0.9115881,0,1,CosPlace,amstertime,776
0.8170904,0.85096955,0,1,CosPlace,amstertime,777
0.9128183,0.9311631,1,1,CosPlace,amstertime,778
0.91621995,0.88048875,0,1,CosPlace,amstertime,779
0.8876025,0.93379736,0,1,CosPlace,amstertime,780
0.7693946,0.8459801,1,0,CosPlace,amstertime,781
0.700266,0.9245662,1,1,CosPlace,amstertime,782
0.6139468,0.877133,1,0,CosPlace,amstertime,783
0.86487806,0.8840505,0,1,CosPlace,amstertime,784
0.8565269,0.8472391,0,1,CosPlace,amstertime,785
0.7989284,0.93358713,0,1,CosPlace,amstertime,786
0.87256926,0.8979684,0,1,CosPlace,amstertime,787
0.7459533,0.89801645,0,1,CosPlace,amstertime,788
0.7486518,0.90623975,1,0,CosPlace,amstertime,789
0.9055947,0.88784295,0,1,CosPlace,amstertime,790
0.77370524,0.792945,1,0,CosPlace,amstertime,791
0.82300365,0.9376918,0,1,CosPlace,amstertime,792
0.82898223,0.86000407,1,1,CosPlace,amstertime,793
0.89999145,0.93680793,1,1,CosPlace,amstertime,794
0.83908534,0.9452877,0,1,CosPlace,amstertime,795
0.8404887,0.8927865,0,1,CosPlace,amstertime,796
0.87083447,0.90752363,0,1,CosPlace,amstertime,797
0.8862329,0.963819,1,0,CosPlace,amstertime,798
0.85298896,0.94621277,1,1,CosPlace,amstertime,799
0.59186363,0.90350664,1,0,CosPlace,amstertime,800
0.7671403,0.89455724,0,1,CosPlace,amstertime,801
0.82347465,0.95110774,0,1,CosPlace,amstertime,802
0.81239414,0.9079626,1,0,CosPlace,amstertime,803
0.68914187,0.8807419,1,0,CosPlace,amstertime,804
0.7619406,0.9501734,0,1,CosPlace,amstertime,805
0.80608535,0.9210007,0,1,CosPlace,amstertime,806
0.8649595,0.9550153,0,1,CosPlace,amstertime,807
0.6887195,0.9055034,1,1,CosPlace,amstertime,808
0.71809876,0.9281261,1,0,CosPlace,amstertime,809
0.9145787,0.88198185,0,1,CosPlace,amstertime,810
0.5209247,0.92771274,1,0,CosPlace,amstertime,811
0.88360536,0.85580224,1,0,CosPlace,amstertime,812
0.84408474,0.8498922,1,1,CosPlace,amstertime,813
0.78277695,0.95478934,1,0,CosPlace,amstertime,814
0.6910262,0.9043625,1,0,CosPlace,amstertime,815
0.8917445,0.9346527,0,1,CosPlace,amstertime,816
0.8469109,0.9113759,1,1,CosPlace,amstertime,817
0.6644427,0.84224564,1,0,CosPlace,amstertime,818
0.8555764,0.95307267,1,1,CosPlace,amstertime,819
0.93343556,0.9042576,0,1,CosPlace,amstertime,820
0.7781854,0.7689781,1,0,CosPlace,amstertime,821
0.8302041,0.8908903,1,1,CosPlace,amstertime,822
0.71329945,0.90733004,1,0,CosPlace,amstertime,823
0.7655952,0.90304947,1,0,CosPlace,amstertime,824
0.7434859,0.9752395,1,1,CosPlace,amstertime,825
0.938605,0.9516813,0,1,CosPlace,amstertime,826
0.61982596,0.9037445,1,0,CosPlace,amstertime,827
0.8764415,0.9632021,0,1,CosPlace,amstertime,828
0.81066215,0.8642487,1,1,CosPlace,amstertime,829
0.88037044,0.91013384,0,1,CosPlace,amstertime,830
0.7808062,0.8692321,1,0,CosPlace,amstertime,831
0.71637774,0.94160664,1,1,CosPlace,amstertime,832
0.89137626,0.93679506,0,1,CosPlace,amstertime,833
0.74447525,0.9126785,0,1,CosPlace,amstertime,834
0.83636034,0.8203026,1,1,CosPlace,amstertime,835
0.7000289,0.94015473,1,1,CosPlace,amstertime,836
0.5367331,0.87195456,1,0,CosPlace,amstertime,837
0.7336353,0.9407469,1,1,CosPlace,amstertime,838
0.8885334,0.8882284,0,1,CosPlace,amstertime,839
0.71001154,0.88376826,1,1,CosPlace,amstertime,840
0.7100222,0.95183676,1,1,CosPlace,amstertime,841
0.82543933,0.8953818,0,1,CosPlace,amstertime,842
0.87564784,0.88671625,0,1,CosPlace,amstertime,843
0.6601403,0.6496875,1,1,CosPlace,amstertime,844
0.8178207,0.9215118,0,1,CosPlace,amstertime,845
0.88868636,0.88294053,1,1,CosPlace,amstertime,846
0.72793895,0.8508564,0,1,CosPlace,amstertime,847
0.7638708,0.85672605,1,1,CosPlace,amstertime,848
0.5401131,0.89622724,1,1,CosPlace,amstertime,849
0.7638708,0.9351398,1,1,CosPlace,amstertime,850
0.6565627,0.9590273,1,1,CosPlace,amstertime,851
0.7586519,0.9263536,1,0,CosPlace,amstertime,852
0.84440017,0.8630498,0,1,CosPlace,amstertime,853
0.8118552,0.87786984,1,1,CosPlace,amstertime,854
0.6227964,0.92166376,1,1,CosPlace,amstertime,855
0.75884044,0.86829865,0,1,CosPlace,amstertime,856
0.809945,0.89802825,0,1,CosPlace,amstertime,857
0.81591284,0.8834869,1,0,CosPlace,amstertime,858
0.5209247,0.915847,1,1,CosPlace,amstertime,859
0.8521596,0.9411944,1,1,CosPlace,amstertime,860
0.7565458,0.9526896,1,1,CosPlace,amstertime,861
0.668293,0.8117553,1,0,CosPlace,amstertime,862
0.8594965,0.9368851,0,1,CosPlace,amstertime,863
0.87176204,0.9168158,0,1,CosPlace,amstertime,864
0.87176204,0.85139287,0,1,CosPlace,amstertime,865
0.8521596,0.89546776,1,1,CosPlace,amstertime,866
0.8913131,0.8929974,1,1,CosPlace,amstertime,867
0.69519114,0.9352073,1,1,CosPlace,amstertime,868
0.75644886,0.88553786,1,1,CosPlace,amstertime,869
0.8809667,0.9488516,0,1,CosPlace,amstertime,870
0.7489339,0.95323366,0,1,CosPlace,amstertime,871
0.80258703,0.9189555,0,1,CosPlace,amstertime,872
0.93228984,0.9213477,1,1,CosPlace,amstertime,873
0.83823985,0.94035447,1,1,CosPlace,amstertime,874
0.89885235,0.9032657,1,1,CosPlace,amstertime,875
0.8033454,0.9222843,1,0,CosPlace,amstertime,876
0.89371455,0.9658706,0,1,CosPlace,amstertime,877
0.75254786,0.87146544,1,1,CosPlace,amstertime,878
0.8389278,0.8962876,1,1,CosPlace,amstertime,879
0.6530192,0.918417,1,1,CosPlace,amstertime,880
0.6883465,0.87711257,1,1,CosPlace,amstertime,881
0.66330934,0.86735433,1,1,CosPlace,amstertime,882
0.50026155,0.8925748,1,0,CosPlace,amstertime,883
0.8326893,0.9363766,0,1,CosPlace,amstertime,884
0.9056475,0.9324638,0,1,CosPlace,amstertime,885
0.77104104,0.94268036,0,1,CosPlace,amstertime,886
0.8020826,0.9198734,1,1,CosPlace,amstertime,887
0.8205774,0.92044246,1,1,CosPlace,amstertime,888
0.89038527,0.85562956,0,1,CosPlace,amstertime,889
0.70613205,0.91840667,1,1,CosPlace,amstertime,890
0.6185143,0.83918035,1,0,CosPlace,amstertime,891
0.69566065,0.84478366,1,1,CosPlace,amstertime,892
0.85276246,0.892334,0,1,CosPlace,amstertime,893
0.84618163,0.894191,1,0,CosPlace,amstertime,894
0.842324,0.9105853,0,1,CosPlace,amstertime,895
0.89745724,0.9249134,0,1,CosPlace,amstertime,896
0.88129246,0.93842185,1,1,CosPlace,amstertime,897
0.72405756,0.8915769,1,1,CosPlace,amstertime,898
0.8100851,0.9265995,1,0,CosPlace,amstertime,899
0.93148446,0.93628585,0,1,CosPlace,amstertime,900
0.8091811,0.96458364,1,1,CosPlace,amstertime,901
0.6559691,0.9099,1,0,CosPlace,amstertime,902
0.5571866,0.82385045,1,0,CosPlace,amstertime,903
0.86087203,0.9189759,0,1,CosPlace,amstertime,904
0.67578566,0.89772516,1,1,CosPlace,amstertime,905
0.8763046,0.87145925,1,1,CosPlace,amstertime,906
0.6402058,0.8917098,1,1,CosPlace,amstertime,907
0.8930192,0.83513343,1,0,CosPlace,amstertime,908
0.6030639,0.87917817,1,0,CosPlace,amstertime,909
0.8795173,0.9116919,0,1,CosPlace,amstertime,910
0.82244766,0.8818729,0,1,CosPlace,amstertime,911
0.82078093,0.8955806,0,1,CosPlace,amstertime,912
0.66068697,0.931596,1,1,CosPlace,amstertime,913
0.72362006,0.88090897,1,1,CosPlace,amstertime,914
0.80224895,0.88700604,1,0,CosPlace,amstertime,915
0.7670752,0.9050385,1,1,CosPlace,amstertime,916
0.7410972,0.9080628,1,1,CosPlace,amstertime,917
0.8655319,0.89277357,0,1,CosPlace,amstertime,918
0.61608565,0.94373435,1,1,CosPlace,amstertime,919
0.64351225,0.88970447,1,1,CosPlace,amstertime,920
0.9492908,0.96370935,1,1,CosPlace,amstertime,921
0.64351225,0.90600026,1,0,CosPlace,amstertime,922
0.59356666,0.94291806,1,0,CosPlace,amstertime,923
0.6901342,0.9076689,1,1,CosPlace,amstertime,924
0.60839796,0.89688224,1,1,CosPlace,amstertime,925
0.6078782,0.90095377,1,1,CosPlace,amstertime,926
0.9289329,0.871389,0,1,CosPlace,amstertime,927
0.86484426,0.91399884,1,1,CosPlace,amstertime,928
0.9011054,0.9340881,0,1,CosPlace,amstertime,929
0.67889714,0.8948979,1,1,CosPlace,amstertime,930
0.8204392,0.93543804,1,1,CosPlace,amstertime,931
0.7268019,0.9496169,1,0,CosPlace,amstertime,932
0.8276931,0.95096064,1,1,CosPlace,amstertime,933
0.6950111,0.8873633,1,1,CosPlace,amstertime,934
0.88927233,0.7807593,1,0,CosPlace,amstertime,935
0.65940845,0.9152334,1,1,CosPlace,amstertime,936
0.6694609,0.9002522,1,0,CosPlace,amstertime,937
0.8756496,0.92250866,1,1,CosPlace,amstertime,938
0.6029892,0.89718235,1,1,CosPlace,amstertime,939
0.8215873,0.93353224,1,1,CosPlace,amstertime,940
0.87063473,0.9214095,0,1,CosPlace,amstertime,941
0.69486886,0.95461756,1,0,CosPlace,amstertime,942
0.61038816,0.8990513,1,1,CosPlace,amstertime,943
0.8743055,0.942526,1,1,CosPlace,amstertime,944
0.55859566,0.81957066,1,0,CosPlace,amstertime,945
0.6363367,0.80020165,1,0,CosPlace,amstertime,946
0.75937086,0.71440697,0,1,CosPlace,amstertime,947
0.65440154,0.9218205,1,1,CosPlace,amstertime,948
0.47247297,0.9185326,1,1,CosPlace,amstertime,949
0.9713969,0.9245848,0,1,CosPlace,amstertime,950
0.7889671,0.8784528,0,1,CosPlace,amstertime,951
0.84128183,0.92151606,0,1,CosPlace,amstertime,952
0.7172123,0.8689126,1,1,CosPlace,amstertime,953
0.8645856,0.89337134,0,1,CosPlace,amstertime,954
0.913208,0.950323,0,1,CosPlace,amstertime,955
0.913208,0.9660046,0,1,CosPlace,amstertime,956
0.7531512,0.852981,1,0,CosPlace,amstertime,957
0.8082303,0.8630272,1,0,CosPlace,amstertime,958
0.8552028,0.89383125,0,1,CosPlace,amstertime,959
0.71232545,0.88631284,1,1,CosPlace,amstertime,960
0.71249557,0.9347605,1,1,CosPlace,amstertime,961
0.8070062,0.90341485,0,1,CosPlace,amstertime,962
0.81183374,0.85098624,1,1,CosPlace,amstertime,963
0.5426345,0.79672897,1,0,CosPlace,amstertime,964
0.8755667,0.8141961,0,1,CosPlace,amstertime,965
0.913293,0.90979385,0,1,CosPlace,amstertime,966
0.650795,0.8322681,1,0,CosPlace,amstertime,967
0.8468803,0.9321475,0,1,CosPlace,amstertime,968
0.7749971,0.9080449,0,1,CosPlace,amstertime,969
0.90066755,0.77882355,1,0,CosPlace,amstertime,970
0.84722143,0.9011309,0,1,CosPlace,amstertime,971
0.7269973,0.9067353,0,1,CosPlace,amstertime,972
0.86236405,0.8654363,0,1,CosPlace,amstertime,973
0.828362,0.86511457,0,1,CosPlace,amstertime,974
0.8095584,0.85113794,1,1,CosPlace,amstertime,975
0.65102535,0.93263936,1,1,CosPlace,amstertime,976
0.80325615,0.9487155,1,1,CosPlace,amstertime,977
0.89196986,0.85843563,1,0,CosPlace,amstertime,978
0.74606085,0.9480022,1,1,CosPlace,amstertime,979
0.70954376,0.8239114,0,1,CosPlace,amstertime,980
0.80319434,0.91813135,1,0,CosPlace,amstertime,981
0.70401424,0.9263238,1,1,CosPlace,amstertime,982
0.8338002,0.8873,0,1,CosPlace,amstertime,983
0.846595,0.9137014,1,1,CosPlace,amstertime,984
0.7969383,0.93279475,1,1,CosPlace,amstertime,985
0.68773186,0.7883825,1,0,CosPlace,amstertime,986
0.75556445,0.8915918,1,0,CosPlace,amstertime,987
0.76155937,0.89143646,1,1,CosPlace,amstertime,988
0.84879357,0.94598305,0,1,CosPlace,amstertime,989
0.8990189,0.8935466,1,0,CosPlace,amstertime,990
0.7884854,0.9008456,0,1,CosPlace,amstertime,991
0.8289413,0.93533313,0,1,CosPlace,amstertime,992
0.72065246,0.9065397,1,0,CosPlace,amstertime,993
0.68064034,0.8782964,1,1,CosPlace,amstertime,994
0.7662779,0.9504382,0,1,CosPlace,amstertime,995
0.87368083,0.8845682,0,1,CosPlace,amstertime,996
0.756725,0.88281095,1,0,CosPlace,amstertime,997
0.93228114,0.9121332,0,1,CosPlace,amstertime,998
0.8454642,0.8081758,1,0,CosPlace,amstertime,999
0.7837107,0.85179186,1,0,CosPlace,amstertime,1000
0.86206275,0.8843204,1,1,CosPlace,amstertime,1001
0.70603764,0.90140295,1,1,CosPlace,amstertime,1002
0.77073276,0.96488523,0,1,CosPlace,amstertime,1003
0.6486994,0.9375042,1,1,CosPlace,amstertime,1004
0.8609262,0.9444971,0,1,CosPlace,amstertime,1005
0.8417724,0.86949694,0,1,CosPlace,amstertime,1006
0.7593613,0.8893131,1,1,CosPlace,amstertime,1007
0.8883975,0.88901395,1,1,CosPlace,amstertime,1008
0.89196986,0.8902552,1,1,CosPlace,amstertime,1009
0.7593613,0.9169715,1,1,CosPlace,amstertime,1010
0.8883975,0.9081125,1,0,CosPlace,amstertime,1011
0.8859395,0.8787649,0,1,CosPlace,amstertime,1012
0.70954376,0.8764266,0,1,CosPlace,amstertime,1013
0.78216183,0.8926721,0,1,CosPlace,amstertime,1014
0.75035256,0.9202303,1,1,CosPlace,amstertime,1015
0.8629528,0.8891666,1,1,CosPlace,amstertime,1016
0.6681745,0.8713074,1,0,CosPlace,amstertime,1017
0.8563117,0.8645209,1,0,CosPlace,amstertime,1018
0.8532987,0.927909,0,1,CosPlace,amstertime,1019
0.8587115,0.8637537,0,1,CosPlace,amstertime,1020
0.8563117,0.8548248,1,1,CosPlace,amstertime,1021
0.76276803,0.94335437,1,1,CosPlace,amstertime,1022
0.8418628,0.87782085,0,1,CosPlace,amstertime,1023
0.839473,0.9780046,1,1,CosPlace,amstertime,1024
0.8587115,0.8391037,0,1,CosPlace,amstertime,1025
0.839473,0.9430644,1,1,CosPlace,amstertime,1026
0.839473,0.96746325,1,1,CosPlace,amstertime,1027
0.8587115,0.8878782,0,1,CosPlace,amstertime,1028
0.8219353,0.8607184,0,1,CosPlace,amstertime,1029
0.8923836,0.8695315,0,1,CosPlace,amstertime,1030
0.8257967,0.8315029,0,1,CosPlace,amstertime,1031
0.8249722,0.89953226,1,1,CosPlace,amstertime,1032
0.8321239,0.9467491,1,1,CosPlace,amstertime,1033
0.8756496,0.9502616,1,1,CosPlace,amstertime,1034
0.8313238,0.920205,1,1,CosPlace,amstertime,1035
0.8249722,0.91632533,1,1,CosPlace,amstertime,1036
0.3581667,0.80786794,1,0,CosPlace,amstertime,1037
0.91577923,0.89959276,1,1,CosPlace,amstertime,1038
0.8658581,0.9458939,0,1,CosPlace,amstertime,1039
0.8219024,0.9479472,0,1,CosPlace,amstertime,1040
0.7838707,0.8609199,0,1,CosPlace,amstertime,1041
0.90100795,0.8644808,1,0,CosPlace,amstertime,1042
0.83984065,0.92897284,0,1,CosPlace,amstertime,1043
0.8615543,0.9344054,1,0,CosPlace,amstertime,1044
0.8326311,0.9194188,0,1,CosPlace,amstertime,1045
0.81682336,0.93091214,1,1,CosPlace,amstertime,1046
0.8345021,0.9105253,0,1,CosPlace,amstertime,1047
0.8516227,0.9020182,0,1,CosPlace,amstertime,1048
0.8923836,0.88942444,1,1,CosPlace,amstertime,1049
0.81682336,0.9076611,0,1,CosPlace,amstertime,1050
0.81682336,0.9197953,1,1,CosPlace,amstertime,1051
0.8345021,0.92747986,0,1,CosPlace,amstertime,1052
0.682565,0.9079567,1,1,CosPlace,amstertime,1053
0.7895638,0.8417846,0,1,CosPlace,amstertime,1054
0.87960964,0.9070773,1,1,CosPlace,amstertime,1055
0.8198965,0.96639764,0,1,CosPlace,amstertime,1056
0.70470834,0.93231,0,1,CosPlace,amstertime,1057
0.85193324,0.8997443,0,1,CosPlace,amstertime,1058
0.8907685,0.85174674,0,1,CosPlace,amstertime,1059
0.89886427,0.85587806,0,1,CosPlace,amstertime,1060
0.8486299,0.9037906,0,1,CosPlace,amstertime,1061
0.7817857,0.8737568,0,1,CosPlace,amstertime,1062
0.85782325,0.91974086,1,1,CosPlace,amstertime,1063
0.7913487,0.9293511,0,1,CosPlace,amstertime,1064
0.4708072,0.84788567,1,0,CosPlace,amstertime,1065
0.8422923,0.942238,0,1,CosPlace,amstertime,1066
0.9136785,0.8580835,0,1,CosPlace,amstertime,1067
0.7440195,0.9324386,0,1,CosPlace,amstertime,1068
0.9075382,0.88796717,0,1,CosPlace,amstertime,1069
0.84857833,0.83528674,1,0,CosPlace,amstertime,1070
0.61608565,0.9360136,0,1,CosPlace,amstertime,1071
0.9071256,0.8655982,0,1,CosPlace,amstertime,1072
0.81239414,0.88632584,1,1,CosPlace,amstertime,1073
0.81239414,0.9167145,0,1,CosPlace,amstertime,1074
0.84408474,0.89700115,0,1,CosPlace,amstertime,1075
0.78277695,0.9687102,0,1,CosPlace,amstertime,1076
0.65102535,0.8946086,1,0,CosPlace,amstertime,1077
0.8859395,0.8244451,1,1,CosPlace,amstertime,1078
0.76575786,0.9475348,1,1,CosPlace,amstertime,1079
0.7765279,0.8944175,0,1,CosPlace,amstertime,1080
0.76013154,0.8274362,1,0,CosPlace,amstertime,1081
0.5424888,0.92202246,1,0,CosPlace,amstertime,1082
0.8658581,0.91317856,1,0,CosPlace,amstertime,1083
0.8681307,0.9226774,0,1,CosPlace,amstertime,1084
0.93884325,0.88213646,0,1,CosPlace,amstertime,1085
0.82618976,0.91428983,0,1,CosPlace,amstertime,1086
0.79639375,0.94273067,0,1,CosPlace,amstertime,1087
0.8342073,0.89263976,1,1,CosPlace,amstertime,1088
0.94738555,0.93350214,1,0,CosPlace,amstertime,1089
0.7951452,0.9302294,1,1,CosPlace,amstertime,1090
0.5801475,0.85690904,1,0,CosPlace,amstertime,1091
0.86868966,0.9232408,0,1,CosPlace,amstertime,1092
0.9183183,0.8524953,0,1,CosPlace,amstertime,1093
0.93654716,0.941071,1,1,CosPlace,amstertime,1094
0.93654716,0.91051584,1,0,CosPlace,amstertime,1095
0.64870346,0.7603673,1,0,CosPlace,amstertime,1096
0.8187493,0.92064846,0,1,CosPlace,amstertime,1097
0.63446355,0.838766,0,1,CosPlace,amstertime,1098
0.88347423,0.88988554,1,0,CosPlace,amstertime,1099
0.58055604,0.94807345,1,1,CosPlace,amstertime,1100
0.58055604,0.928269,1,1,CosPlace,amstertime,1101
0.8891622,0.936087,0,1,CosPlace,amstertime,1102
0.8804822,0.9417553,0,1,CosPlace,amstertime,1103
0.82743037,0.8629745,1,0,CosPlace,amstertime,1104
0.796481,0.9311234,1,1,CosPlace,amstertime,1105
0.7185348,0.90937716,1,0,CosPlace,amstertime,1106
0.5605825,0.9054035,1,1,CosPlace,amstertime,1107
0.81164014,0.94150925,1,1,CosPlace,amstertime,1108
0.81455994,0.9516047,0,1,CosPlace,amstertime,1109
0.8800819,0.91968054,0,1,CosPlace,amstertime,1110
0.5779763,0.8421461,1,0,CosPlace,amstertime,1111
0.79108953,0.8676834,0,1,CosPlace,amstertime,1112
0.8887099,0.907922,0,1,CosPlace,amstertime,1113
0.9024208,0.9157007,1,1,CosPlace,amstertime,1114
0.59650505,0.92375696,1,1,CosPlace,amstertime,1115
0.6367202,0.8800182,1,1,CosPlace,amstertime,1116
0.69260764,0.86229634,1,0,CosPlace,amstertime,1117
0.8341437,0.901565,1,0,CosPlace,amstertime,1118
0.8495008,0.8288251,0,1,CosPlace,amstertime,1119
0.5824842,0.9002451,1,1,CosPlace,amstertime,1120
0.7634501,0.8525816,1,1,CosPlace,amstertime,1121
0.5571519,0.8955133,1,1,CosPlace,amstertime,1122
0.6713934,0.9185506,1,0,CosPlace,amstertime,1123
0.8123196,0.8895762,1,1,CosPlace,amstertime,1124
0.78463435,0.9267942,1,1,CosPlace,amstertime,1125
0.80098,0.90087724,1,1,CosPlace,amstertime,1126
0.8034246,0.89804244,1,1,CosPlace,amstertime,1127
0.7918922,0.90978074,1,1,CosPlace,amstertime,1128
0.8799905,0.8476988,1,1,CosPlace,amstertime,1129
0.8881033,0.8667927,1,1,CosPlace,amstertime,1130
0.83934426,0.853152,0,1,CosPlace,amstertime,1131
0.70752907,0.86878604,1,0,CosPlace,amstertime,1132
0.4599483,0.83714145,1,0,CosPlace,amstertime,1133
0.74678177,0.8974533,1,0,CosPlace,amstertime,1134
0.86144006,0.8543856,1,1,CosPlace,amstertime,1135
0.77266616,0.9252196,0,1,CosPlace,amstertime,1136
0.78664505,0.90194994,0,1,CosPlace,amstertime,1137
0.5670372,0.8725102,1,1,CosPlace,amstertime,1138
0.5670372,0.8818773,1,1,CosPlace,amstertime,1139
0.85878897,0.8381895,0,1,CosPlace,amstertime,1140
0.7446567,0.90166175,0,1,CosPlace,amstertime,1141
0.81550395,0.91869724,0,1,CosPlace,amstertime,1142
0.77029693,0.88128185,1,0,CosPlace,amstertime,1143
0.6694609,0.9220371,1,1,CosPlace,amstertime,1144
0.6694609,0.89671695,1,1,CosPlace,amstertime,1145
0.84935594,0.94640994,0,1,CosPlace,amstertime,1146
0.78961885,0.9056096,0,1,CosPlace,amstertime,1147
0.882863,0.934602,0,1,CosPlace,amstertime,1148
0.8926662,0.93903226,1,0,CosPlace,amstertime,1149
0.76477844,0.88203883,0,1,CosPlace,amstertime,1150
0.81522167,0.93970597,0,1,CosPlace,amstertime,1151
0.8420993,0.94059306,0,1,CosPlace,amstertime,1152
0.7985425,0.8939816,1,0,CosPlace,amstertime,1153
0.9136785,0.9137291,0,1,CosPlace,amstertime,1154
0.8187493,0.92545056,1,0,CosPlace,amstertime,1155
0.52570015,0.82080173,1,0,CosPlace,amstertime,1156
0.8454642,0.7151226,1,1,CosPlace,amstertime,1157
0.70603764,0.9061309,1,1,CosPlace,amstertime,1158
0.6713934,0.90830207,0,1,CosPlace,amstertime,1159
0.8456626,0.81989694,0,1,CosPlace,amstertime,1160
0.6702849,0.90672886,1,1,CosPlace,amstertime,1161
0.84361184,0.80828357,1,0,CosPlace,amstertime,1162
0.8899621,0.91321963,1,0,CosPlace,amstertime,1163
0.65956616,0.9077767,1,0,CosPlace,amstertime,1164
0.57272667,0.8498125,1,0,CosPlace,amstertime,1165
0.8333397,0.8750428,1,0,CosPlace,amstertime,1166
0.79893416,0.9298254,1,1,CosPlace,amstertime,1167
0.91350573,0.874846,0,1,CosPlace,amstertime,1168
0.726265,0.90985155,1,1,CosPlace,amstertime,1169
0.7034023,0.8343227,1,0,CosPlace,amstertime,1170
0.8307774,0.92578447,0,1,CosPlace,amstertime,1171
0.8561594,0.91726834,1,1,CosPlace,amstertime,1172
0.7743255,0.74950695,1,0,CosPlace,amstertime,1173
0.88405156,0.8817942,0,1,CosPlace,amstertime,1174
0.73659134,0.9674171,1,1,CosPlace,amstertime,1175
0.5321556,0.87212133,1,1,CosPlace,amstertime,1176
0.5913626,0.87790823,1,0,CosPlace,amstertime,1177
0.84354806,0.888536,0,1,CosPlace,amstertime,1178
0.8688519,0.94405323,1,1,CosPlace,amstertime,1179
0.93791026,0.94063914,0,1,CosPlace,amstertime,1180
0.76584536,0.9208908,1,1,CosPlace,amstertime,1181
0.91462636,0.8918836,1,0,CosPlace,amstertime,1182
0.8174236,0.8142947,0,1,CosPlace,amstertime,1183
0.7354617,0.9201492,1,1,CosPlace,amstertime,1184
0.6067835,0.8731601,1,0,CosPlace,amstertime,1185
0.8119443,0.9067254,1,1,CosPlace,amstertime,1186
0.78171885,0.9478279,1,1,CosPlace,amstertime,1187
0.8780979,0.878392,0,1,CosPlace,amstertime,1188
0.48564753,0.9430124,1,0,CosPlace,amstertime,1189
0.55887765,0.8983332,1,0,CosPlace,amstertime,1190
0.761418,0.90179944,0,1,CosPlace,amstertime,1191
0.8802115,0.8724279,1,1,CosPlace,amstertime,1192
0.9158727,0.9614806,1,0,CosPlace,amstertime,1193
0.90893793,0.91090643,1,1,CosPlace,amstertime,1194
0.60842013,0.87881875,1,0,CosPlace,amstertime,1195
0.6905661,0.8184078,1,1,CosPlace,amstertime,1196
0.9136931,0.9055174,0,1,CosPlace,amstertime,1197
0.9291345,0.9005593,0,1,CosPlace,amstertime,1198
0.6714406,0.9527255,1,1,CosPlace,amstertime,1199
0.6720636,0.88118196,1,1,CosPlace,amstertime,1200
0.57280815,0.9188325,1,0,CosPlace,amstertime,1201
0.7480774,0.8705852,0,1,CosPlace,amstertime,1202
0.7917613,0.8634155,1,0,CosPlace,amstertime,1203
0.70450085,0.81828374,0,1,CosPlace,amstertime,1204
0.6454607,0.90974474,1,0,CosPlace,amstertime,1205
0.89638156,0.90226257,0,1,CosPlace,amstertime,1206
0.7403397,0.9355866,0,1,CosPlace,amstertime,1207
0.79475904,0.8632059,0,1,CosPlace,amstertime,1208
0.90886176,0.9358118,0,1,CosPlace,amstertime,1209
0.8928093,0.908028,1,0,CosPlace,amstertime,1210
0.83292353,0.8818799,1,1,CosPlace,amstertime,1211
0.7546494,0.8994979,1,0,CosPlace,amstertime,1212
0.70460844,0.88756704,1,1,CosPlace,amstertime,1213
0.89990824,0.9530984,0,1,CosPlace,amstertime,1214
0.8677914,0.901389,1,1,CosPlace,amstertime,1215
0.7272871,0.9311091,1,0,CosPlace,amstertime,1216
0.5855174,0.9033967,1,1,CosPlace,amstertime,1217
0.7430992,0.92078847,1,1,CosPlace,amstertime,1218
0.66639006,0.9301901,1,0,CosPlace,amstertime,1219
0.88567704,0.95492774,0,1,CosPlace,amstertime,1220
0.88346493,0.9197559,0,1,CosPlace,amstertime,1221
0.7641931,0.9072,0,1,CosPlace,amstertime,1222
0.75213975,0.93858397,1,1,CosPlace,amstertime,1223
0.90893793,0.90444124,0,1,CosPlace,amstertime,1224
0.7616265,0.9538652,0,1,CosPlace,amstertime,1225
0.74455,0.94498074,1,1,CosPlace,amstertime,1226
0.84753466,0.920761,1,1,CosPlace,amstertime,1227
0.8043922,0.88517165,1,1,CosPlace,amstertime,1228
0.87435377,0.8495585,1,1,CosPlace,amstertime,1229
0.7800405,0.8921867,1,1,CosPlace,amstertime,1230
0.76319975,0.9388538,4,0,CosPlace,msls,0
0.9237237,0.9525969,2,1,CosPlace,msls,1
0.7852733,0.9370275,5,0,CosPlace,msls,2
0.97424644,0.91766965,0,1,CosPlace,msls,3
0.8667587,0.8886722,5,0,CosPlace,msls,4
0.8116916,0.91521287,5,1,CosPlace,msls,5
0.88235843,0.93514717,5,0,CosPlace,msls,6
0.7928456,0.92914665,4,0,CosPlace,msls,7
0.8868484,0.9014926,0,1,CosPlace,msls,8
0.7034443,0.9389485,7,1,CosPlace,msls,9
0.748513,0.9110786,7,0,CosPlace,msls,10
0.899899,0.8549777,0,1,CosPlace,msls,11
0.95479447,0.8652625,0,1,CosPlace,msls,12
0.9311082,0.9427923,1,1,CosPlace,msls,13
0.59859085,0.9044852,6,0,CosPlace,msls,14
0.6170444,0.90646595,4,0,CosPlace,msls,15
0.83965254,0.89046013,4,1,CosPlace,msls,16
0.78105164,0.9370535,3,0,CosPlace,msls,17
0.8514705,0.93579733,6,0,CosPlace,msls,18
0.7738848,0.8987511,1,0,CosPlace,msls,19
0.75607324,0.92664576,5,1,CosPlace,msls,20
0.6606715,0.90473056,2,0,CosPlace,msls,21
0.9496805,0.8973695,0,1,CosPlace,msls,22
0.91969335,0.9175889,0,1,CosPlace,msls,23
0.8907943,0.93409014,0,1,CosPlace,msls,24
0.90446925,0.93478847,0,1,CosPlace,msls,25
0.9442863,0.9194045,0,1,CosPlace,msls,26
0.81910473,0.95596373,7,0,CosPlace,msls,27
0.78615636,0.8922721,3,0,CosPlace,msls,28
0.84592617,0.8864269,5,1,CosPlace,msls,29
0.8317332,0.91512066,0,1,CosPlace,msls,30
0.7528528,0.9356032,6,0,CosPlace,msls,31
0.84572625,0.85667884,5,0,CosPlace,msls,32
0.9794048,0.9311886,0,1,CosPlace,msls,33
0.98048174,0.9171534,1,1,CosPlace,msls,34
0.8211552,0.9492158,1,1,CosPlace,msls,35
0.6693156,0.8450378,3,0,CosPlace,msls,36
0.8521996,0.9567745,9,1,CosPlace,msls,37
0.8925272,0.88180625,1,0,CosPlace,msls,38
0.91067135,0.957296,4,0,CosPlace,msls,39
0.61797166,0.8589637,4,0,CosPlace,msls,40
0.96571606,0.9234415,0,1,CosPlace,msls,41
0.92077184,0.9066489,0,1,CosPlace,msls,42
0.8933322,0.92807513,8,0,CosPlace,msls,43
0.8414581,0.95294297,8,0,CosPlace,msls,44
0.618798,0.8504114,4,0,CosPlace,msls,45
0.9122046,0.95411354,1,1,CosPlace,msls,46
0.6483247,0.9267309,3,0,CosPlace,msls,47
0.93715966,0.90961075,5,0,CosPlace,msls,48
0.95241094,0.91070694,6,1,CosPlace,msls,49
0.931631,0.9548013,9,0,CosPlace,msls,50
0.91354096,0.9155759,0,1,CosPlace,msls,51
0.95673513,0.93634284,3,1,CosPlace,msls,52
0.8848131,0.9421556,0,1,CosPlace,msls,53
0.77053833,0.9078437,3,0,CosPlace,msls,54
0.86764276,0.8859799,6,1,CosPlace,msls,55
0.91157085,0.93037105,0,1,CosPlace,msls,56
0.90733564,0.90016884,1,1,CosPlace,msls,57
0.7510078,0.87837493,3,0,CosPlace,msls,58
0.86749864,0.88481736,2,1,CosPlace,msls,59
0.7092328,0.9258216,3,1,CosPlace,msls,60
0.73470974,0.9063604,1,1,CosPlace,msls,61
0.6751352,0.94307804,3,0,CosPlace,msls,62
0.86352986,0.93003714,5,0,CosPlace,msls,63
0.9163548,0.89108664,2,0,CosPlace,msls,64
0.90280247,0.87858415,2,0,CosPlace,msls,65
0.87948453,0.91498256,6,0,CosPlace,msls,66
0.782495,0.8728802,4,1,CosPlace,msls,67
0.94337595,0.9074328,0,1,CosPlace,msls,68
0.8287161,0.980775,7,0,CosPlace,msls,69
0.88230395,0.91320205,5,0,CosPlace,msls,70
0.6459303,0.8797687,2,1,CosPlace,msls,71
0.9393564,0.9540574,0,1,CosPlace,msls,72
0.7035583,0.9296011,7,0,CosPlace,msls,73
0.9524235,0.94609046,0,1,CosPlace,msls,74
0.9102099,0.93229914,9,0,CosPlace,msls,75
0.8351468,0.9109658,2,1,CosPlace,msls,76
0.7685195,0.89690167,9,0,CosPlace,msls,77
0.92003036,0.9016667,0,1,CosPlace,msls,78
0.9359794,0.95105517,9,0,CosPlace,msls,79
0.89582145,0.8928949,3,0,CosPlace,msls,80
0.93673533,0.895156,2,1,CosPlace,msls,81
0.82086474,0.9290819,0,1,CosPlace,msls,82
0.88210833,0.9403431,4,0,CosPlace,msls,83
0.9289563,0.8854067,1,1,CosPlace,msls,84
0.8697739,0.9090071,8,0,CosPlace,msls,85
0.93635994,0.9472492,4,0,CosPlace,msls,86
0.92529917,0.95549905,7,0,CosPlace,msls,87
0.8198148,0.9082028,3,0,CosPlace,msls,88
0.9710673,0.91108716,0,1,CosPlace,msls,89
0.96091115,0.9013831,10,0,CosPlace,msls,90
0.8483241,0.9490433,10,0,CosPlace,msls,91
0.77460825,0.8157657,2,1,CosPlace,msls,92
0.94820046,0.84390545,0,1,CosPlace,msls,93
0.621415,0.8768381,2,0,CosPlace,msls,94
0.9570105,0.8742195,2,0,CosPlace,msls,95
0.75161725,0.93394434,2,0,CosPlace,msls,96
0.9568348,0.9216198,1,1,CosPlace,msls,97
0.92907155,0.9599475,2,1,CosPlace,msls,98
0.7299883,0.9201753,8,0,CosPlace,msls,99
0.751641,0.94768584,1,1,CosPlace,msls,100
0.57097965,0.8666699,0,1,CosPlace,msls,101
0.94720507,0.9336156,5,0,CosPlace,msls,102
0.9220875,0.88268566,2,1,CosPlace,msls,103
0.7506464,0.92519623,4,0,CosPlace,msls,104
0.855049,0.9389,5,0,CosPlace,msls,105
0.9031495,0.9459377,9,0,CosPlace,msls,106
0.872715,0.944735,2,0,CosPlace,msls,107
0.7690804,0.9822322,9,0,CosPlace,msls,108
0.77048683,0.9081499,3,0,CosPlace,msls,109
0.97351784,0.9318501,10,0,CosPlace,msls,110
0.9216324,0.8848027,6,1,CosPlace,msls,111
0.9042926,0.9058255,0,1,CosPlace,msls,112
0.889161,0.92193186,4,1,CosPlace,msls,113
0.9121176,0.92095304,6,0,CosPlace,msls,114
0.9619133,0.88870263,0,1,CosPlace,msls,115
0.7045349,0.9368202,7,0,CosPlace,msls,116
0.9251126,0.8583636,1,1,CosPlace,msls,117
0.9475771,0.9348479,3,1,CosPlace,msls,118
0.8682028,0.8441614,2,0,CosPlace,msls,119
0.8522555,0.92110807,3,0,CosPlace,msls,120
0.78121394,0.9584167,8,0,CosPlace,msls,121
0.91616833,0.8855243,3,0,CosPlace,msls,122
0.87779236,0.85834277,0,1,CosPlace,msls,123
0.7366453,0.9210888,2,0,CosPlace,msls,124
0.7813549,0.86390924,3,0,CosPlace,msls,125
0.8751868,0.9241437,6,0,CosPlace,msls,126
0.84041214,0.89265543,4,0,CosPlace,msls,127
0.8292221,0.91131943,6,0,CosPlace,msls,128
0.9333525,0.9060437,0,1,CosPlace,msls,129
0.9565414,0.9255349,0,1,CosPlace,msls,130
0.7997799,0.9084939,7,0,CosPlace,msls,131
0.86727273,0.96005607,1,0,CosPlace,msls,132
0.9370162,0.93772423,0,1,CosPlace,msls,133
0.57065606,0.9106606,3,0,CosPlace,msls,134
0.7442092,0.88993096,2,0,CosPlace,msls,135
0.88748026,0.9416291,10,0,CosPlace,msls,136
0.89686805,0.9236058,2,0,CosPlace,msls,137
0.8981241,0.9382232,3,0,CosPlace,msls,138
0.75414705,0.9180117,7,1,CosPlace,msls,139
0.8608228,0.9100275,0,1,CosPlace,msls,140
0.6575732,0.90360594,3,0,CosPlace,msls,141
0.793749,0.9006536,2,0,CosPlace,msls,142
0.84564114,0.9358721,0,1,CosPlace,msls,143
0.9742713,0.9466075,0,1,CosPlace,msls,144
0.6876068,0.8905547,3,0,CosPlace,msls,145
0.88268566,0.88129795,2,0,CosPlace,msls,146
0.9101212,0.8695209,8,0,CosPlace,msls,147
0.77943575,0.91629195,9,0,CosPlace,msls,148
0.8877691,0.90327775,4,0,CosPlace,msls,149
0.8654777,0.9224222,4,0,CosPlace,msls,150
0.87662554,0.9460468,1,1,CosPlace,msls,151
0.7876413,0.868389,6,0,CosPlace,msls,152
0.9432662,0.9339838,6,0,CosPlace,msls,153
0.9372995,0.9489399,0,1,CosPlace,msls,154
0.93350613,0.8952462,5,0,CosPlace,msls,155
0.9315983,0.94047254,5,0,CosPlace,msls,156
0.8908428,0.9451536,8,0,CosPlace,msls,157
0.9090909,0.9212651,10,0,CosPlace,msls,158
0.8273837,0.9009001,4,0,CosPlace,msls,159
0.58371973,0.8097961,1,0,CosPlace,msls,160
0.7184472,0.9014538,6,0,CosPlace,msls,161
0.91686857,0.8144752,2,0,CosPlace,msls,162
0.7620195,0.8722922,4,0,CosPlace,msls,163
0.8777544,0.9562068,10,0,CosPlace,msls,164
0.889344,0.7928442,2,0,CosPlace,msls,165
0.97018874,0.93804145,8,1,CosPlace,msls,166
0.9535016,0.95236385,9,0,CosPlace,msls,167
0.8864821,0.9373138,7,0,CosPlace,msls,168
0.8776257,0.93204486,6,1,CosPlace,msls,169
0.88651145,0.90295297,6,0,CosPlace,msls,170
0.9005996,0.91569686,0,1,CosPlace,msls,171
0.8176582,0.89976037,3,0,CosPlace,msls,172
0.76194507,0.94450283,2,1,CosPlace,msls,173
0.75774884,0.9214455,3,1,CosPlace,msls,174
0.8249712,0.9310099,4,0,CosPlace,msls,175
0.81105006,0.9600308,6,1,CosPlace,msls,176
0.9235667,0.9037167,7,0,CosPlace,msls,177
0.92929596,0.91154397,0,1,CosPlace,msls,178
0.8674664,0.9570142,5,0,CosPlace,msls,179
0.9002744,0.93098384,0,1,CosPlace,msls,180
0.7677394,0.9293493,4,0,CosPlace,msls,181
0.819049,0.8973666,4,0,CosPlace,msls,182
0.9147037,0.9136162,3,0,CosPlace,msls,183
0.8677684,0.96335346,5,1,CosPlace,msls,184
0.74550945,0.8009938,3,0,CosPlace,msls,185
0.6785654,0.9114654,4,0,CosPlace,msls,186
0.93594015,0.9247081,2,0,CosPlace,msls,187
0.923151,0.89595973,7,0,CosPlace,msls,188
0.93032914,0.9444833,1,0,CosPlace,msls,189
0.8659811,0.95019805,7,0,CosPlace,msls,190
0.84227705,0.9409051,0,1,CosPlace,msls,191
0.796295,0.929861,3,1,CosPlace,msls,192
0.74918675,0.93151623,5,0,CosPlace,msls,193
0.7655318,0.92691064,6,0,CosPlace,msls,194
0.87904066,0.9323803,6,0,CosPlace,msls,195
0.7997892,0.90359855,3,0,CosPlace,msls,196
0.9628117,0.92484605,0,1,CosPlace,msls,197
0.87393045,0.88988686,3,0,CosPlace,msls,198
0.9061526,0.9504543,3,1,CosPlace,msls,199
0.7902502,0.93962425,3,1,CosPlace,msls,200
0.8450239,0.9171879,5,0,CosPlace,msls,201
0.60331184,0.87660384,3,0,CosPlace,msls,202
0.7776977,0.9535657,10,0,CosPlace,msls,203
0.9089751,0.884669,2,0,CosPlace,msls,204
0.77114654,0.8959061,5,0,CosPlace,msls,205
0.8924855,0.90604573,1,1,CosPlace,msls,206
0.9704721,0.8565251,4,0,CosPlace,msls,207
0.7777359,0.8939653,10,0,CosPlace,msls,208
0.5704963,0.8806664,2,0,CosPlace,msls,209
0.86755496,0.88528234,4,0,CosPlace,msls,210
0.78782123,0.94534886,8,0,CosPlace,msls,211
0.91981995,0.90655565,4,0,CosPlace,msls,212
0.9300471,0.8368659,0,1,CosPlace,msls,213
0.83980715,0.9052175,5,0,CosPlace,msls,214
0.8198525,0.9473556,5,0,CosPlace,msls,215
0.83191144,0.95421773,0,1,CosPlace,msls,216
0.86082685,0.926185,2,0,CosPlace,msls,217
0.96872187,0.8536496,0,1,CosPlace,msls,218
0.95795846,0.9030216,0,1,CosPlace,msls,219
0.8243687,0.9653367,7,0,CosPlace,msls,220
0.77874255,0.9392773,2,0,CosPlace,msls,221
0.9084685,0.904387,4,0,CosPlace,msls,222
0.94568783,0.9412472,0,1,CosPlace,msls,223
0.9145514,0.92031366,10,0,CosPlace,msls,224
0.8729607,0.8972125,9,0,CosPlace,msls,225
0.68539214,0.8829967,4,0,CosPlace,msls,226
0.9427098,0.95340735,10,0,CosPlace,msls,227
0.8052293,0.90850794,10,0,CosPlace,msls,228
0.86503506,0.9150096,5,0,CosPlace,msls,229
0.9715898,0.955017,0,1,CosPlace,msls,230
0.8229468,0.89631677,7,0,CosPlace,msls,231
0.7439859,0.92404366,2,1,CosPlace,msls,232
0.89236164,0.8950883,0,1,CosPlace,msls,233
0.8264617,0.8872619,9,0,CosPlace,msls,234
0.67110586,0.7993133,3,0,CosPlace,msls,235
0.87244534,0.9261681,6,0,CosPlace,msls,236
0.8244791,0.9015119,8,0,CosPlace,msls,237
0.83784187,0.9368854,4,0,CosPlace,msls,238
0.95854986,0.9685771,8,0,CosPlace,msls,239
0.8841573,0.94029486,9,0,CosPlace,msls,240
0.66795385,0.9184741,3,0,CosPlace,msls,241
0.8456166,0.9418809,10,0,CosPlace,msls,242
0.876209,0.926447,10,0,CosPlace,msls,243
0.77088046,0.9305458,3,1,CosPlace,msls,244
0.780254,0.96427774,0,1,CosPlace,msls,245
0.7804421,0.9501563,3,1,CosPlace,msls,246
0.9299106,0.9494286,0,1,CosPlace,msls,247
0.7602498,0.9142817,5,0,CosPlace,msls,248
0.91639435,0.9581384,0,1,CosPlace,msls,249
0.69586486,0.895105,4,0,CosPlace,msls,250
0.9045246,0.8843913,5,0,CosPlace,msls,251
0.8306752,0.9509274,7,0,CosPlace,msls,252
0.93920517,0.9589901,10,0,CosPlace,msls,253
0.8286363,0.9518539,5,0,CosPlace,msls,254
0.92318845,0.9241406,9,0,CosPlace,msls,255
0.89306957,0.87138987,0,1,CosPlace,msls,256
0.9427804,0.8883561,4,1,CosPlace,msls,257
0.73695064,0.915313,3,0,CosPlace,msls,258
0.93379825,0.93934786,2,0,CosPlace,msls,259
0.9327615,0.91665316,1,0,CosPlace,msls,260
0.918692,0.8917783,0,1,CosPlace,msls,261
0.8681804,0.91115534,7,0,CosPlace,msls,262
0.7511741,0.94184214,6,0,CosPlace,msls,263
0.91035706,0.8647022,1,0,CosPlace,msls,264
0.96419376,0.94266665,0,1,CosPlace,msls,265
0.9450263,0.89817977,0,1,CosPlace,msls,266
0.89775574,0.9469605,2,1,CosPlace,msls,267
0.84280527,0.96107674,7,0,CosPlace,msls,268
0.8956133,0.92038673,0,1,CosPlace,msls,269
0.58970755,0.7971295,3,0,CosPlace,msls,270
0.93002355,0.91844964,0,1,CosPlace,msls,271
0.8774878,0.8758513,2,0,CosPlace,msls,272
0.7567508,0.8819452,3,0,CosPlace,msls,273
0.6985556,0.9031887,3,0,CosPlace,msls,274
0.8024523,0.94843715,3,1,CosPlace,msls,275
0.9341485,0.8859085,3,0,CosPlace,msls,276
0.84370023,0.8840563,5,0,CosPlace,msls,277
0.6890348,0.9265557,6,0,CosPlace,msls,278
0.9104332,0.9119794,5,1,CosPlace,msls,279
0.9110948,0.8571667,4,0,CosPlace,msls,280
0.9022505,0.90315735,9,0,CosPlace,msls,281
0.7325492,0.8298007,5,0,CosPlace,msls,282
0.79453063,0.91108584,10,0,CosPlace,msls,283
0.91188,0.94312024,1,0,CosPlace,msls,284
0.63725555,0.9129163,2,0,CosPlace,msls,285
0.88938034,0.899608,0,1,CosPlace,msls,286
0.84471285,0.9397187,7,0,CosPlace,msls,287
0.89882314,0.9176845,10,0,CosPlace,msls,288
0.8601626,0.9028281,7,0,CosPlace,msls,289
0.86445737,0.91342986,10,0,CosPlace,msls,290
0.75728357,0.9327378,6,0,CosPlace,msls,291
0.91404194,0.9266535,10,0,CosPlace,msls,292
0.9239182,0.9066321,2,0,CosPlace,msls,293
0.9351873,0.82968056,2,0,CosPlace,msls,294
0.9717665,0.9007307,4,1,CosPlace,msls,295
0.9037174,0.8786355,2,0,CosPlace,msls,296
0.91417557,0.9449472,4,0,CosPlace,msls,297
0.90703464,0.91035306,10,0,CosPlace,msls,298
0.88182676,0.95138204,10,0,CosPlace,msls,299
0.8856852,0.88410044,2,0,CosPlace,msls,300
0.77846265,0.94775677,6,0,CosPlace,msls,301
0.6689575,0.93529856,2,1,CosPlace,msls,302
0.9450629,0.8337126,0,1,CosPlace,msls,303
0.7585468,0.918349,3,1,CosPlace,msls,304
0.885773,0.9487004,10,0,CosPlace,msls,305
0.6643212,0.8883649,6,0,CosPlace,msls,306
0.6224183,0.9338958,7,0,CosPlace,msls,307
0.6876873,0.89746034,2,0,CosPlace,msls,308
0.9320954,0.9381344,5,0,CosPlace,msls,309
0.777932,0.90913874,2,0,CosPlace,msls,310
0.7937731,0.93207157,5,0,CosPlace,msls,311
0.7171589,0.93745947,3,1,CosPlace,msls,312
0.8916463,0.9256507,3,0,CosPlace,msls,313
0.889627,0.91856146,5,0,CosPlace,msls,314
0.8386358,0.89169514,0,1,CosPlace,msls,315
0.8612259,0.9384208,3,0,CosPlace,msls,316
0.8650447,0.94660455,0,1,CosPlace,msls,317
0.83527094,0.9245194,2,1,CosPlace,msls,318
0.776158,0.88439167,6,0,CosPlace,msls,319
0.8683417,0.9336815,4,1,CosPlace,msls,320
0.8612676,0.9242061,5,0,CosPlace,msls,321
0.84491587,0.9016702,3,0,CosPlace,msls,322
0.8004221,0.93408287,2,1,CosPlace,msls,323
0.84501183,0.9134731,9,0,CosPlace,msls,324
0.76094556,0.9653261,4,0,CosPlace,msls,325
0.82217115,0.93541586,5,1,CosPlace,msls,326
0.92123055,0.9487964,3,0,CosPlace,msls,327
0.79937696,0.7676099,3,0,CosPlace,msls,328
0.9362662,0.94241726,1,1,CosPlace,msls,329
0.9011923,0.9384754,4,1,CosPlace,msls,330
0.8597399,0.91530466,2,1,CosPlace,msls,331
0.8092654,0.95198965,4,1,CosPlace,msls,332
0.9423701,0.85902476,0,1,CosPlace,msls,333
0.7840531,0.91044235,5,0,CosPlace,msls,334
0.70421684,0.87990284,3,0,CosPlace,msls,335
0.72630095,0.8795557,6,0,CosPlace,msls,336
0.7259022,0.9216627,9,0,CosPlace,msls,337
0.78822994,0.95650244,4,1,CosPlace,msls,338
0.68543714,0.8320242,2,0,CosPlace,msls,339
0.82960385,0.8462695,3,0,CosPlace,msls,340
0.8186598,0.95303404,5,1,CosPlace,msls,341
0.82375723,0.8581956,3,0,CosPlace,msls,342
0.62425685,0.82539666,3,0,CosPlace,msls,343
0.8279314,0.9175575,2,0,CosPlace,msls,344
0.7344953,0.8627919,7,0,CosPlace,msls,345
0.6016714,0.8455378,4,0,CosPlace,msls,346
0.5976672,0.86899555,5,0,CosPlace,msls,347
0.7999414,0.8342509,5,0,CosPlace,msls,348
0.7708088,0.937824,2,0,CosPlace,msls,349
0.88479507,0.9128889,5,1,CosPlace,msls,350
0.66570586,0.9561335,3,1,CosPlace,msls,351
0.6175941,0.88121426,7,0,CosPlace,msls,352
0.7224639,0.8330051,2,0,CosPlace,msls,353
0.74779093,0.9006529,3,0,CosPlace,msls,354
0.7354122,0.9050456,4,1,CosPlace,msls,355
0.7004436,0.9382912,3,0,CosPlace,msls,356
0.7428839,0.9633829,3,1,CosPlace,msls,357
0.7069504,0.94979304,4,0,CosPlace,msls,358
0.89857197,0.879061,2,1,CosPlace,msls,359
0.836647,0.93253726,4,0,CosPlace,msls,360
0.8286079,0.93653196,0,1,CosPlace,msls,361
0.7419834,0.9121866,4,0,CosPlace,msls,362
0.5259849,0.8844619,1,0,CosPlace,msls,363
0.8008396,0.933596,0,1,CosPlace,msls,364
0.7711461,0.94539106,7,0,CosPlace,msls,365
0.68391407,0.86415064,2,0,CosPlace,msls,366
0.9323522,0.97136855,10,0,CosPlace,msls,367
0.5125567,0.8659762,1,0,CosPlace,msls,368
0.7185054,0.88055986,3,0,CosPlace,msls,369
0.8417338,0.9165073,0,1,CosPlace,msls,370
0.52600884,0.8914422,2,0,CosPlace,msls,371
0.59457165,0.87017363,5,0,CosPlace,msls,372
0.6289122,0.9226793,1,0,CosPlace,msls,373
0.6178386,0.9404921,1,0,CosPlace,msls,374
0.6695529,0.879741,3,0,CosPlace,msls,375
0.82886386,0.88765347,2,0,CosPlace,msls,376
0.779574,0.92529666,2,0,CosPlace,msls,377
0.6855685,0.9505936,3,0,CosPlace,msls,378
0.7997059,0.93848646,9,0,CosPlace,msls,379
0.66991293,0.8939945,3,0,CosPlace,msls,380
0.59081954,0.93292177,3,0,CosPlace,msls,381
0.77935565,0.91793406,5,0,CosPlace,msls,382
0.7010628,0.8970694,2,0,CosPlace,msls,383
0.58480084,0.936525,2,0,CosPlace,msls,384
0.84824395,0.90424013,1,0,CosPlace,msls,385
0.7340878,0.9543567,5,0,CosPlace,msls,386
0.78898335,0.93126184,7,0,CosPlace,msls,387
0.8561877,0.9176157,10,0,CosPlace,msls,388
0.8604676,0.97105515,10,0,CosPlace,msls,389
0.8029212,0.94747174,8,0,CosPlace,msls,390
0.8684019,0.95014906,2,1,CosPlace,msls,391
0.5853538,0.885172,3,0,CosPlace,msls,392
0.46189433,0.9013262,3,0,CosPlace,msls,393
0.7234876,0.84597355,1,0,CosPlace,msls,394
0.77250683,0.9739944,7,0,CosPlace,msls,395
0.6105939,0.95616436,3,0,CosPlace,msls,396
0.64761674,0.8968169,7,0,CosPlace,msls,397
0.79943436,0.90514565,6,0,CosPlace,msls,398
0.79663426,0.96084297,2,0,CosPlace,msls,399
0.78866726,0.9121275,6,1,CosPlace,msls,400
0.89788437,0.965747,2,0,CosPlace,msls,401
0.7907468,0.9530033,5,0,CosPlace,msls,402
0.6997942,0.89725477,4,0,CosPlace,msls,403
0.8278003,0.9722888,7,1,CosPlace,msls,404
0.804397,0.93530715,5,0,CosPlace,msls,405
0.6830333,0.94159245,2,1,CosPlace,msls,406
0.458665,0.852167,5,0,CosPlace,msls,407
0.9537388,0.9599563,8,0,CosPlace,msls,408
0.6177367,0.91194427,4,0,CosPlace,msls,409
0.61368525,0.88113654,4,0,CosPlace,msls,410
0.5586821,0.9082887,4,0,CosPlace,msls,411
0.6233512,0.94232833,3,0,CosPlace,msls,412
0.8527638,0.93541455,4,0,CosPlace,msls,413
0.706528,0.9309838,2,1,CosPlace,msls,414
0.8864875,0.9633347,10,0,CosPlace,msls,415
0.7745897,0.9302743,2,1,CosPlace,msls,416
0.52826035,0.8499125,2,0,CosPlace,msls,417
0.8609891,0.974215,6,1,CosPlace,msls,418
0.73529136,0.94105476,8,1,CosPlace,msls,419
0.41255322,0.92907274,6,0,CosPlace,msls,420
0.9307271,0.92226803,0,1,CosPlace,msls,421
0.6493783,0.87177026,2,0,CosPlace,msls,422
0.6651444,0.9253839,3,0,CosPlace,msls,423
0.54301363,0.81462395,5,0,CosPlace,msls,424
0.97096616,0.9103569,1,1,CosPlace,msls,425
0.7670747,0.86069226,3,0,CosPlace,msls,426
0.77708995,0.77302,2,1,CosPlace,msls,427
0.9295447,0.96688616,2,0,CosPlace,msls,428
0.86922145,0.9342101,10,0,CosPlace,msls,429
0.70554864,0.85056674,1,0,CosPlace,msls,430
0.5946852,0.8520771,3,0,CosPlace,msls,431
0.6685641,0.8649396,2,1,CosPlace,msls,432
0.43490142,0.85842025,3,0,CosPlace,msls,433
0.737156,0.9353148,6,1,CosPlace,msls,434
0.89258516,0.8189956,10,0,CosPlace,msls,435
0.6157848,0.92803717,3,0,CosPlace,msls,436
0.91233885,0.95120335,0,1,CosPlace,msls,437
0.5673884,0.76175916,1,0,CosPlace,msls,438
0.6608475,0.91317654,3,1,CosPlace,msls,439
0.707247,0.9241154,5,0,CosPlace,msls,440
0.7427565,0.9817739,8,0,CosPlace,msls,441
0.7952564,0.9322065,2,1,CosPlace,msls,442
0.65399814,0.8173406,6,0,CosPlace,msls,443
0.43976656,0.9211221,2,0,CosPlace,msls,444
0.7841033,0.93334126,6,0,CosPlace,msls,445
0.8000652,0.9359122,0,1,CosPlace,msls,446
0.8633464,0.8978392,7,0,CosPlace,msls,447
0.5485288,0.77787316,3,0,CosPlace,msls,448
0.6102555,0.84717786,4,0,CosPlace,msls,449
0.56540704,0.9150575,4,0,CosPlace,msls,450
0.6808299,0.9321165,3,1,CosPlace,msls,451
0.58321357,0.8979535,3,1,CosPlace,msls,452
0.7295161,0.91087705,3,1,CosPlace,msls,453
0.47555596,0.91724837,5,0,CosPlace,msls,454
0.6433542,0.9122026,6,0,CosPlace,msls,455
0.5363487,0.9355506,1,0,CosPlace,msls,456
0.92714727,0.9165554,4,1,CosPlace,msls,457
0.6905098,0.95293367,5,0,CosPlace,msls,458
0.8327967,0.9167699,1,1,CosPlace,msls,459
0.5693027,0.92381096,2,0,CosPlace,msls,460
0.790592,0.92880934,1,0,CosPlace,msls,461
0.5521393,0.89699364,2,1,CosPlace,msls,462
0.93948543,0.96370065,10,0,CosPlace,msls,463
0.8525032,0.9613322,10,0,CosPlace,msls,464
0.9120177,0.9045607,6,0,CosPlace,msls,465
0.68887216,0.9158457,6,0,CosPlace,msls,466
0.69754213,0.9108488,3,0,CosPlace,msls,467
0.6623708,0.8829217,3,0,CosPlace,msls,468
0.76649696,0.93518615,0,1,CosPlace,msls,469
0.776146,0.8621753,4,0,CosPlace,msls,470
0.76192844,0.9465366,7,0,CosPlace,msls,471
0.7849196,0.93722546,6,0,CosPlace,msls,472
0.8619992,0.88979447,1,0,CosPlace,msls,473
0.8361207,0.96108305,4,0,CosPlace,msls,474
0.8534066,0.8676071,3,0,CosPlace,msls,475
0.6951765,0.884441,3,0,CosPlace,msls,476
0.7876451,0.9035582,10,0,CosPlace,msls,477
0.8788202,0.9093027,10,0,CosPlace,msls,478
0.7174065,0.92774785,6,0,CosPlace,msls,479
0.7779527,0.9536308,10,0,CosPlace,msls,480
0.72932434,0.93237543,4,0,CosPlace,msls,481
0.9057808,0.8711257,1,1,CosPlace,msls,482
0.633816,0.9002702,4,0,CosPlace,msls,483
0.93698823,0.9250817,10,0,CosPlace,msls,484
0.82823527,0.886042,5,1,CosPlace,msls,485
0.7395942,0.8805312,5,0,CosPlace,msls,486
0.78721845,0.9654195,5,0,CosPlace,msls,487
0.8106741,0.9176514,1,0,CosPlace,msls,488
0.804757,0.9043242,10,0,CosPlace,msls,489
0.97836965,0.92728895,9,0,CosPlace,msls,490
0.80578816,0.91547406,7,0,CosPlace,msls,491
0.9082506,0.94236445,10,0,CosPlace,msls,492
0.8094816,0.87499964,4,0,CosPlace,msls,493
0.6646418,0.9091259,2,1,CosPlace,msls,494
0.53362477,0.9377587,4,0,CosPlace,msls,495
0.6889449,0.9140916,5,0,CosPlace,msls,496
0.8522133,0.8672942,2,0,CosPlace,msls,497
0.8942838,0.8341042,0,1,CosPlace,msls,498
0.95727646,0.9713735,9,0,CosPlace,msls,499
0.94839984,0.9151597,0,1,CosPlace,msls,500
0.839151,0.90204453,7,0,CosPlace,msls,501
0.74502003,0.913856,4,0,CosPlace,msls,502
0.69370234,0.8746822,5,0,CosPlace,msls,503
0.66141224,0.93813527,6,0,CosPlace,msls,504
0.90102375,0.9278015,8,0,CosPlace,msls,505
0.94235253,0.89739525,0,1,CosPlace,msls,506
0.94185054,0.8516741,5,0,CosPlace,msls,507
0.620494,0.9206417,4,0,CosPlace,msls,508
0.90289867,0.9485915,8,0,CosPlace,msls,509
0.79633534,0.968581,5,1,CosPlace,msls,510
0.7545785,0.87270385,2,0,CosPlace,msls,511
0.7821427,0.9515066,5,1,CosPlace,msls,512
0.59798884,0.82020324,2,0,CosPlace,msls,513
0.7754625,0.94266886,5,0,CosPlace,msls,514
0.8385627,0.9205556,0,1,CosPlace,msls,515
0.9416144,0.91310954,6,1,CosPlace,msls,516
0.7702328,0.74424565,2,0,CosPlace,msls,517
0.8099257,0.8887377,1,1,CosPlace,nordland,0
0.86051327,0.8844208,2,1,CosPlace,nordland,1
0.7789028,0.79813564,4,0,CosPlace,nordland,2
0.8288462,0.74278134,3,1,CosPlace,nordland,3
0.7250675,0.92007095,4,0,CosPlace,nordland,4
0.72571844,0.858344,2,0,CosPlace,nordland,5
0.7870965,0.78217316,1,1,CosPlace,nordland,6
0.61946255,0.8979765,2,1,CosPlace,nordland,7
0.8668138,0.8672502,3,1,CosPlace,nordland,8
0.8228662,0.8601916,1,1,CosPlace,nordland,9
0.8788812,0.86533797,2,1,CosPlace,nordland,10
0.9182521,0.79252803,2,1,CosPlace,nordland,11
0.8796134,0.85231197,2,1,CosPlace,nordland,12
0.82874423,0.87568957,3,1,CosPlace,nordland,13
0.84986305,0.8945498,2,1,CosPlace,nordland,14
0.8671604,0.88008165,0,1,CosPlace,nordland,15
0.877465,0.8191726,0,1,CosPlace,nordland,16
0.77649117,0.8686928,0,1,CosPlace,nordland,17
0.76381123,0.89641654,0,1,CosPlace,nordland,18
0.71938133,0.86814547,2,1,CosPlace,nordland,19
0.9020635,0.7946353,2,1,CosPlace,nordland,20
0.790243,0.7896427,2,1,CosPlace,nordland,21
0.78887784,0.9704133,6,0,CosPlace,nordland,22
0.80837417,0.81144583,2,1,CosPlace,nordland,23
0.9241499,0.911438,1,1,CosPlace,nordland,24
0.8353202,0.8708495,0,1,CosPlace,nordland,25
0.8266424,0.9117872,1,1,CosPlace,nordland,26
0.91966224,0.9397449,1,1,CosPlace,nordland,27
0.92777133,0.97592604,3,0,CosPlace,nordland,28
0.78838754,0.8523392,3,0,CosPlace,nordland,29
0.8675423,0.8645922,6,1,CosPlace,nordland,30
0.78536546,0.9375043,5,1,CosPlace,nordland,31
0.8958132,0.8578923,7,0,CosPlace,nordland,32
0.8443846,0.89917433,4,1,CosPlace,nordland,33
0.8785359,0.96262574,4,1,CosPlace,nordland,34
0.8928644,0.8710362,4,1,CosPlace,nordland,35
0.8588663,0.84938014,0,1,CosPlace,nordland,36
0.7889288,0.8889711,1,0,CosPlace,nordland,37
0.84405476,0.85632324,3,1,CosPlace,nordland,38
0.84804535,0.892474,0,1,CosPlace,nordland,39
0.7923239,0.821404,4,0,CosPlace,nordland,40
0.8736912,0.9528863,3,0,CosPlace,nordland,41
0.86601126,0.95940834,5,0,CosPlace,nordland,42
0.8204914,0.87966806,5,1,CosPlace,nordland,43
0.8159967,0.89511883,3,1,CosPlace,nordland,44
0.83337164,0.9477105,5,1,CosPlace,nordland,45
0.8579747,0.90515137,4,1,CosPlace,nordland,46
0.7233226,0.7506787,7,1,CosPlace,nordland,47
0.82152236,0.85578495,2,1,CosPlace,nordland,48
0.8156671,0.9371288,1,1,CosPlace,nordland,49
0.7717962,0.80614626,0,1,CosPlace,nordland,50
0.8693198,0.78869426,1,1,CosPlace,nordland,51
0.92499113,0.92246133,0,1,CosPlace,nordland,52
0.89935535,0.79773945,2,1,CosPlace,nordland,53
0.87282217,0.9314431,2,1,CosPlace,nordland,54
0.92508805,0.9662093,3,1,CosPlace,nordland,55
0.9053705,0.97520787,3,0,CosPlace,nordland,56
0.89415467,0.9501408,3,1,CosPlace,nordland,57
0.83330476,0.8981122,2,1,CosPlace,nordland,58
0.8144721,0.80126095,2,1,CosPlace,nordland,59
0.7013916,0.8784592,0,1,CosPlace,nordland,60
0.6464331,0.766304,1,1,CosPlace,nordland,61
0.634183,0.9632827,1,1,CosPlace,nordland,62
0.81384695,0.81473815,0,1,CosPlace,nordland,63
0.84819126,0.84965897,4,1,CosPlace,nordland,64
0.8856952,0.92988396,2,0,CosPlace,nordland,65
0.75340486,0.94557923,3,0,CosPlace,nordland,66
0.75949293,0.9175044,1,1,CosPlace,nordland,67
0.869753,0.8657552,0,1,CosPlace,nordland,68
0.7690314,0.94867027,0,1,CosPlace,nordland,69
0.74186957,0.9908982,0,1,CosPlace,nordland,70
0.6239701,0.95665824,0,1,CosPlace,nordland,71
0.7016385,0.91113853,0,1,CosPlace,nordland,72
0.7280184,0.89118135,1,1,CosPlace,nordland,73
0.7661114,0.8924042,1,1,CosPlace,nordland,74
0.8872515,0.7821239,0,1,CosPlace,nordland,75
0.840925,0.90876883,0,1,CosPlace,nordland,76
0.8470782,0.85963434,7,1,CosPlace,nordland,77
0.8928483,0.88951313,0,1,CosPlace,nordland,78
0.86934614,0.9136976,0,1,CosPlace,nordland,79
0.9355729,0.9504808,0,1,CosPlace,nordland,80
0.9493593,0.9493654,2,1,CosPlace,nordland,81
0.88750637,0.93765587,1,1,CosPlace,nordland,82
0.79018605,0.9382666,3,0,CosPlace,nordland,83
0.88689303,0.92386556,1,1,CosPlace,nordland,84
0.81409764,0.9802548,0,1,CosPlace,nordland,85
0.89784396,0.9800103,0,1,CosPlace,nordland,86
0.69008255,0.8808396,0,1,CosPlace,nordland,87
0.7605072,0.8823894,6,1,CosPlace,nordland,88
0.7579506,0.93273723,0,1,CosPlace,nordland,89
0.723905,0.8586135,0,1,CosPlace,nordland,90
0.78060883,0.9375489,0,1,CosPlace,nordland,91
0.74746275,0.74403393,0,1,CosPlace,nordland,92
0.7865274,0.74973786,0,1,CosPlace,nordland,93
0.77820325,0.9527142,4,1,CosPlace,nordland,94
0.88217163,0.82770014,0,1,CosPlace,nordland,95
0.8544213,0.90052867,1,1,CosPlace,nordland,96
0.85903955,0.9584466,0,1,CosPlace,nordland,97
0.70824695,0.9086335,2,1,CosPlace,nordland,98
0.88193226,0.9347874,3,1,CosPlace,nordland,99
0.909577,0.8121934,6,1,CosPlace,nordland,100
0.98114765,0.98486704,8,1,CosPlace,nordland,101
0.99355584,1.0,10,0,CosPlace,nordland,102
0.99124855,1.0,10,0,CosPlace,nordland,103
0.9846914,1.0,10,0,CosPlace,nordland,104
0.8873315,0.8871517,0,1,CosPlace,nordland,105
0.9136793,0.9440093,0,1,CosPlace,nordland,106
0.9216695,0.957404,0,1,CosPlace,nordland,107
0.7735228,0.8669143,1,1,CosPlace,nordland,108
0.7728368,0.85835147,1,1,CosPlace,nordland,109
0.763585,0.881827,3,1,CosPlace,nordland,110
0.857901,0.9231894,1,1,CosPlace,nordland,111
0.7822254,0.8488405,1,1,CosPlace,nordland,112
0.78789383,0.85835147,1,1,CosPlace,nordland,113
0.78488123,0.8669143,1,1,CosPlace,nordland,114
0.7908776,0.85919875,2,1,CosPlace,nordland,115
0.7716731,0.8677615,3,1,CosPlace,nordland,116
0.99080706,1.0,10,0,CosPlace,nordland,117
0.9895276,1.0,10,0,CosPlace,nordland,118
0.989258,1.0,10,0,CosPlace,nordland,119
0.9898114,1.0,10,0,CosPlace,nordland,120
0.9879841,1.0,10,0,CosPlace,nordland,121
0.5865818,0.95508885,2,1,CosPlace,nordland,122
0.989592,1.0,10,0,CosPlace,nordland,123
0.989494,1.0,10,0,CosPlace,nordland,124
0.98999023,1.0,9,0,CosPlace,nordland,125
0.9896889,1.0,8,0,CosPlace,nordland,126
0.98871624,1.0,7,0,CosPlace,nordland,127
0.9886601,1.0,8,0,CosPlace,nordland,128
0.98672426,1.0,8,0,CosPlace,nordland,129
0.98605657,1.0,9,0,CosPlace,nordland,130
0.9865771,1.0,8,0,CosPlace,nordland,131
0.9874927,1.0,8,0,CosPlace,nordland,132
0.8454293,0.9376377,5,0,CosPlace,nordland,133
0.9852334,1.0,7,0,CosPlace,nordland,134
0.9874606,1.0,6,0,CosPlace,nordland,135
0.9854028,1.0,7,0,CosPlace,nordland,136
0.98611236,1.0,6,0,CosPlace,nordland,137
0.95289826,0.98486704,5,0,CosPlace,nordland,138
0.9936253,1.0,3,0,CosPlace,nordland,139
0.93871856,1.0,3,0,CosPlace,nordland,140
0.8739679,0.98807716,6,1,CosPlace,nordland,141
0.726545,0.86455184,5,0,CosPlace,nordland,142
0.7743156,0.86784184,7,0,CosPlace,nordland,143
0.81760687,0.841187,4,1,CosPlace,nordland,144
0.59099627,0.902609,5,1,CosPlace,nordland,145
0.43446323,0.8947433,6,0,CosPlace,nordland,146
0.58974016,0.89332324,6,0,CosPlace,nordland,147
0.63271,0.93560225,3,1,CosPlace,nordland,148
0.78053284,0.9344058,4,1,CosPlace,nordland,149
0.91185236,0.92644274,5,1,CosPlace,nordland,150
0.79408914,0.7536689,6,1,CosPlace,nordland,151
0.7516829,0.88180345,3,1,CosPlace,nordland,152
0.82487845,0.90164435,7,1,CosPlace,nordland,153
0.55140555,0.92939997,5,0,CosPlace,nordland,154
0.7704009,0.9294455,7,0,CosPlace,nordland,155
0.83920026,0.93986374,4,1,CosPlace,nordland,156
0.7094859,0.8563565,4,1,CosPlace,nordland,157
0.71305126,0.92583954,5,1,CosPlace,nordland,158
0.71416605,0.9372348,3,1,CosPlace,nordland,159
0.7337643,0.92280567,3,0,CosPlace,nordland,160
0.59892774,0.86196345,2,1,CosPlace,nordland,161
0.8794256,0.8524958,1,1,CosPlace,nordland,162
0.84944904,0.87654316,2,1,CosPlace,nordland,163
0.59028435,0.9282165,2,1,CosPlace,nordland,164
0.5847812,0.9655112,5,0,CosPlace,nordland,165
0.75525,0.86893547,9,1,CosPlace,nordland,166
0.71711063,0.979079,6,1,CosPlace,nordland,167
0.79982543,0.98098326,4,0,CosPlace,nordland,168
0.71693563,0.7949996,5,1,CosPlace,nordland,169
0.7306672,0.8425091,8,1,CosPlace,nordland,170
0.86348164,0.9739615,6,0,CosPlace,nordland,171
0.7637564,0.95156413,5,1,CosPlace,nordland,172
0.82312375,0.92911893,5,1,CosPlace,nordland,173
0.8234168,0.8619255,5,1,CosPlace,nordland,174
0.8792203,0.7902165,6,1,CosPlace,nordland,175
0.9171789,0.84791815,1,1,CosPlace,nordland,176
0.85353357,0.8716816,2,0,CosPlace,nordland,177
0.72215605,0.84449565,6,1,CosPlace,nordland,178
0.6867212,0.9250156,7,0,CosPlace,nordland,179
0.8623744,0.9478778,7,0,CosPlace,nordland,180
0.88285005,0.94875216,6,1,CosPlace,nordland,181
0.8744288,0.9504808,6,1,CosPlace,nordland,182
0.92489135,0.8816898,3,1,CosPlace,nordland,183
0.7610365,0.8966883,4,1,CosPlace,nordland,184
0.9298935,0.7871623,6,1,CosPlace,nordland,185
0.9331903,0.75387466,6,0,CosPlace,nordland,186
0.9400645,0.78617585,6,0,CosPlace,nordland,187
0.86449087,0.9722657,3,1,CosPlace,nordland,188
0.9275371,0.7730807,6,1,CosPlace,nordland,189
0.946398,0.78617585,6,0,CosPlace,nordland,190
0.94234836,0.8175322,6,1,CosPlace,nordland,191
0.71485615,0.8770001,4,0,CosPlace,nordland,192
0.7928288,0.9862007,7,0,CosPlace,nordland,193
0.64493036,0.9401115,5,1,CosPlace,nordland,194
0.6768846,0.97439075,5,0,CosPlace,nordland,195
0.82157373,0.96045214,7,0,CosPlace,nordland,196
0.8901048,0.86298096,3,1,CosPlace,nordland,197
0.7958025,0.8546901,6,1,CosPlace,nordland,198
0.82160306,0.9009877,2,1,CosPlace,nordland,199
0.8723128,0.96503,3,1,CosPlace,nordland,200
0.8360457,0.9272324,6,1,CosPlace,nordland,201
0.50877964,0.833081,4,0,CosPlace,nordland,202
0.6879137,0.8847538,3,1,CosPlace,nordland,203
0.7957889,0.94087994,5,1,CosPlace,nordland,204
0.85120964,0.89649665,8,0,CosPlace,nordland,205
0.9175174,0.8694421,8,0,CosPlace,nordland,206
0.7264043,0.9431708,8,1,CosPlace,nordland,207
0.7706493,0.9452164,8,1,CosPlace,nordland,208
0.6627041,0.9736417,9,0,CosPlace,nordland,209
0.8832163,0.925997,5,0,CosPlace,nordland,210
0.69722986,0.9713784,9,0,CosPlace,nordland,211
0.63948596,0.9752023,8,0,CosPlace,nordland,212
0.48906654,0.9092759,6,0,CosPlace,nordland,213
0.6569421,0.9148365,3,1,CosPlace,nordland,214
0.7630145,0.94168234,4,1,CosPlace,nordland,215
0.76434296,0.96943593,5,0,CosPlace,nordland,216
0.5737478,0.92009217,3,0,CosPlace,nordland,217
0.72006655,0.9687704,6,0,CosPlace,nordland,218
0.8708695,0.8682865,2,0,CosPlace,nordland,219
0.88280416,0.8711399,4,0,CosPlace,nordland,220
0.8190725,0.96119356,7,0,CosPlace,nordland,221
0.7703531,0.93852574,1,1,CosPlace,nordland,222
0.7309035,0.935402,7,0,CosPlace,nordland,223
0.8802363,0.854605,2,0,CosPlace,nordland,224
0.75892186,0.85086346,4,0,CosPlace,nordland,225
0.7810852,0.927632,6,1,CosPlace,nordland,226
0.882451,0.90750206,2,1,CosPlace,nordland,227
0.6069892,0.7806244,0,1,CosPlace,nordland,228
0.8698436,0.82021415,0,1,CosPlace,nordland,229
0.60711855,0.8813746,5,0,CosPlace,nordland,230
0.71085024,0.97475016,6,0,CosPlace,nordland,231
0.76829875,0.98004544,9,0,CosPlace,nordland,232
0.82349646,0.9431944,5,1,CosPlace,nordland,233
0.9341044,0.9041174,4,0,CosPlace,nordland,234
0.85935247,0.9501983,6,1,CosPlace,nordland,235
0.8338514,0.93052876,3,1,CosPlace,nordland,236
0.56515574,0.84478647,1,1,CosPlace,nordland,237
0.7879426,0.8281795,1,1,CosPlace,nordland,238
0.86904126,0.85898715,2,1,CosPlace,nordland,239
0.8878075,0.9587774,4,1,CosPlace,nordland,240
0.8951522,0.84145516,1,1,CosPlace,nordland,241
0.8577465,0.89719826,1,0,CosPlace,nordland,242
0.8644123,0.9179013,2,0,CosPlace,nordland,243
0.7525523,0.89456666,3,1,CosPlace,nordland,244
0.7894974,0.83033204,5,1,CosPlace,nordland,245
0.66825706,0.8438092,5,0,CosPlace,nordland,246
0.8809,0.9359598,5,0,CosPlace,nordland,247
0.7099563,0.90401626,3,1,CosPlace,nordland,248
0.85612905,0.83018017,6,0,CosPlace,nordland,249
0.7473487,0.94210094,5,0,CosPlace,nordland,250
0.56395507,0.89949673,1,1,CosPlace,nordland,251
0.8025466,0.93373966,3,1,CosPlace,nordland,252
0.82255083,0.8895029,3,1,CosPlace,nordland,253
0.8837176,0.77675056,3,1,CosPlace,nordland,254
0.9064607,0.9185498,3,1,CosPlace,nordland,255
0.89078116,0.9168843,5,0,CosPlace,nordland,256
0.81556123,0.8518359,4,0,CosPlace,nordland,257
0.75734305,0.9457707,5,1,CosPlace,nordland,258
0.81528306,0.93069655,4,0,CosPlace,nordland,259
0.83307767,0.91202295,3,0,CosPlace,nordland,260
0.849425,0.8975456,3,1,CosPlace,nordland,261
0.85531694,0.89699024,6,0,CosPlace,nordland,262
0.88584614,0.87094903,3,0,CosPlace,nordland,263
0.7297412,0.88998735,1,1,CosPlace,nordland,264
0.94055176,0.8175322,2,0,CosPlace,nordland,265
0.7543467,0.86243504,1,0,CosPlace,nordland,266
0.9647896,0.8175322,2,0,CosPlace,nordland,267
0.97370577,0.75387466,2,1,CosPlace,nordland,268
0.8447881,0.9262397,7,1,CosPlace,nordland,269
0.8818543,0.9469857,4,1,CosPlace,nordland,270
0.8630299,0.9375774,4,1,CosPlace,nordland,271
0.84972435,0.86851,7,0,CosPlace,nordland,272
0.7598119,0.8927026,5,0,CosPlace,nordland,273
0.8380531,0.8193722,4,1,CosPlace,nordland,274
0.70167005,0.8199358,4,0,CosPlace,nordland,275
0.59675777,0.89093685,2,1,CosPlace,nordland,276
0.83831835,0.876588,3,1,CosPlace,nordland,277
0.9303169,0.8618181,1,1,CosPlace,nordland,278
0.91177285,0.9792112,2,0,CosPlace,nordland,279
0.9271865,0.84904313,6,0,CosPlace,nordland,280
0.6891508,0.93244314,3,1,CosPlace,nordland,281
0.9189756,0.7115194,3,0,CosPlace,nordland,282
0.83325255,0.914344,3,0,CosPlace,nordland,283
0.8763068,0.84024715,5,0,CosPlace,nordland,284
0.7770128,0.9775665,4,1,CosPlace,nordland,285
0.80655944,0.88745064,8,0,CosPlace,nordland,286
0.7579156,0.9647839,7,0,CosPlace,nordland,287
0.92404157,0.89639896,3,1,CosPlace,nordland,288
0.83800924,0.91456836,5,0,CosPlace,nordland,289
0.8717244,0.8796698,7,0,CosPlace,nordland,290
0.87484086,0.8936031,5,0,CosPlace,nordland,291
0.7965208,0.8514948,5,0,CosPlace,nordland,292
0.82228243,0.8504939,4,0,CosPlace,nordland,293
0.84560406,0.88994586,7,0,CosPlace,nordland,294
0.8422899,0.991528,4,0,CosPlace,nordland,295
0.88478,0.87278676,4,1,CosPlace,nordland,296
0.87160915,0.91584444,6,0,CosPlace,nordland,297
0.9223931,0.9273833,3,0,CosPlace,nordland,298
0.88548017,0.91228473,1,1,CosPlace,nordland,299
0.9188131,0.84167325,6,0,CosPlace,nordland,300
0.7009759,0.917567,7,0,CosPlace,nordland,301
0.78014714,0.8377044,5,0,CosPlace,nordland,302
0.81246656,0.8953273,5,0,CosPlace,nordland,303
0.76480436,0.902896,5,0,CosPlace,nordland,304
0.88278216,0.87666476,5,0,CosPlace,nordland,305
0.90350246,0.9227001,6,1,CosPlace,nordland,306
0.8416274,0.8139881,8,0,CosPlace,nordland,307
0.86582845,0.8919289,5,0,CosPlace,nordland,308
0.8579186,0.9283487,5,0,CosPlace,nordland,309
0.86998165,0.9021598,2,1,CosPlace,nordland,310
0.8869275,0.9062612,5,0,CosPlace,nordland,311
0.85297626,0.9120883,3,1,CosPlace,nordland,312
0.7513759,0.89925086,2,1,CosPlace,nordland,313
0.9020554,0.9549402,4,1,CosPlace,nordland,314
0.84394765,0.8933244,4,0,CosPlace,nordland,315
0.9208993,0.948931,6,1,CosPlace,nordland,316
0.8391025,0.8956248,3,1,CosPlace,nordland,317
0.71826154,0.82366616,3,1,CosPlace,nordland,318
0.8719747,0.86250556,2,0,CosPlace,nordland,319
0.8849758,0.88450295,0,1,CosPlace,nordland,320
0.889086,0.96635747,1,1,CosPlace,nordland,321
0.7002624,0.9190718,9,0,CosPlace,nordland,322
0.7546601,0.9382709,6,0,CosPlace,nordland,323
0.74734676,0.94043684,6,0,CosPlace,nordland,324
0.80474687,0.89097893,4,1,CosPlace,nordland,325
0.73845685,0.97173667,4,0,CosPlace,nordland,326
0.71638036,0.80637693,1,1,CosPlace,nordland,327
0.93955386,0.84253883,2,1,CosPlace,nordland,328
0.9112561,0.7867612,2,1,CosPlace,nordland,329
0.8679606,0.9035703,1,1,CosPlace,nordland,330
0.92144406,0.86270094,3,1,CosPlace,nordland,331
0.9050646,0.78275454,1,1,CosPlace,nordland,332
0.919467,0.9222274,0,1,CosPlace,nordland,333
0.809974,0.81571114,5,0,CosPlace,nordland,334
0.89368075,0.82075095,3,0,CosPlace,nordland,335
0.8843484,0.8867463,5,1,CosPlace,nordland,336
0.8653281,0.8164021,4,1,CosPlace,nordland,337
0.82806367,0.7777573,4,1,CosPlace,nordland,338
0.84365714,0.8075361,7,0,CosPlace,nordland,339
0.8789376,0.93314314,2,1,CosPlace,nordland,340
0.8331923,0.8118249,3,0,CosPlace,nordland,341
0.85355705,0.976581,5,0,CosPlace,nordland,342
0.8484711,0.9643445,5,1,CosPlace,nordland,343
0.8431654,0.8508677,0,1,CosPlace,nordland,344
0.7679682,0.8208899,5,1,CosPlace,nordland,345
0.8572198,0.8133975,7,0,CosPlace,nordland,346
0.79415035,0.953752,9,0,CosPlace,nordland,347
0.84057385,0.82872117,4,1,CosPlace,nordland,348
0.85541,0.9139663,1,1,CosPlace,nordland,349
0.8258777,0.8429553,3,1,CosPlace,nordland,350
0.6448009,0.9111098,4,1,CosPlace,nordland,351
0.8708376,0.76310426,1,1,CosPlace,nordland,352
0.8932869,0.94234306,2,1,CosPlace,nordland,353
0.81925803,0.9121215,3,1,CosPlace,nordland,354
0.9025538,0.71079224,0,1,CosPlace,nordland,355
0.91863054,0.8416501,3,1,CosPlace,nordland,356
0.7750693,0.8262929,7,0,CosPlace,nordland,357
0.7641804,0.94132364,8,1,CosPlace,nordland,358
0.8824589,0.8189461,7,0,CosPlace,nordland,359
0.87728906,0.96846896,7,1,CosPlace,nordland,360
0.80764186,0.94654083,4,1,CosPlace,nordland,361
0.8539276,0.69462836,4,1,CosPlace,nordland,362
0.6870347,0.95775366,1,1,CosPlace,nordland,363
0.74954516,0.8006795,7,0,CosPlace,nordland,364
0.81982076,0.8955622,6,0,CosPlace,nordland,365
0.9307302,0.82048494,0,1,CosPlace,nordland,366
0.82725835,0.9221099,7,0,CosPlace,nordland,367
0.786344,0.8814558,9,0,CosPlace,nordland,368
0.73588216,0.88141906,7,0,CosPlace,nordland,369
0.7356159,0.87751454,6,0,CosPlace,nordland,370
0.8393267,0.906783,6,0,CosPlace,nordland,371
0.88376737,0.9534318,5,0,CosPlace,nordland,372
0.76008475,0.9162594,4,0,CosPlace,nordland,373
0.72357553,0.93076444,6,0,CosPlace,nordland,374
0.71441084,0.86826205,4,0,CosPlace,nordland,375
0.5291332,0.8298921,4,1,CosPlace,nordland,376
0.78184825,0.90717185,0,1,CosPlace,nordland,377
0.72971463,0.66195077,3,0,CosPlace,nordland,378
0.8863605,0.89945877,4,1,CosPlace,nordland,379
0.8362673,0.7947843,7,0,CosPlace,nordland,380
0.7169342,0.9050488,6,0,CosPlace,nordland,381
0.866294,0.8152293,6,1,CosPlace,nordland,382
0.8282989,0.8381761,2,0,CosPlace,nordland,383
0.5969137,0.91939974,5,1,CosPlace,nordland,384
0.7535501,0.9530958,4,1,CosPlace,nordland,385
0.9074404,0.90614283,5,1,CosPlace,nordland,386
0.84167933,0.95438945,1,1,CosPlace,nordland,387
0.86432874,0.80102676,4,0,CosPlace,nordland,388
0.8144769,0.8067404,7,0,CosPlace,nordland,389
0.7851549,0.9057971,4,0,CosPlace,nordland,390
0.80622303,0.90552896,5,0,CosPlace,nordland,391
0.7489985,0.8519789,1,1,CosPlace,nordland,392
0.843825,0.8229022,1,1,CosPlace,nordland,393
0.7546103,0.6688179,2,0,CosPlace,nordland,394
0.81445384,0.7820239,1,1,CosPlace,nordland,395
0.71978796,0.95854247,4,1,CosPlace,nordland,396
0.8302446,0.8802881,3,0,CosPlace,nordland,397
0.7979698,0.8750329,5,0,CosPlace,nordland,398
0.88103247,0.95976686,8,0,CosPlace,nordland,399
